algorithm,n_generations,n_states,n_signals,n_samples,threshold,util_gen2gen,util_gen2ground
Strict,100,1000,2,200,1.0,0.8484600000000002,0.849960396039604
Strict,100,1000,2,200,1.0,0.866095,0.8674207920792079
Strict,100,1000,2,200,1.0,0.8511350000000003,0.8526089108910893
Strict,100,1000,2,200,1.0,0.82847,0.8301683168316832
Strict,100,1000,2,200,1.0,0.8431799999999999,0.8447326732673267
Strict,100,1000,2,200,1.0,0.8513649999999998,0.8528366336633662
Strict,100,1000,2,200,1.0,0.8543450000000002,0.8557871287128713
Strict,100,1000,2,200,1.0,0.84465,0.8461881188118813
Strict,100,1000,2,200,1.0,0.822485,0.824242574257426
Strict,100,1000,2,200,1.0,0.83768,0.8392871287128713
Strict,100,1000,2,200,1.0,0.8545900000000001,0.856029702970297
Strict,100,1000,2,200,1.0,0.8586599999999999,0.8600594059405939
Strict,100,1000,2,200,1.0,0.8445850000000001,0.8461237623762378
Strict,100,1000,2,200,1.0,0.833835,0.835480198019802
Strict,100,1000,2,200,1.0,0.8545050000000001,0.8559455445544554
Strict,100,1000,2,200,1.0,0.848385,0.8498861386138615
Strict,100,1000,2,200,1.0,0.8655499999999999,0.866881188118812
Strict,100,1000,2,200,1.0,0.8706699999999998,0.8719504950495048
Strict,100,1000,2,200,1.0,0.83686,0.8384752475247526
Strict,100,1000,2,200,1.0,0.8670799999999999,0.8683960396039604
Strict,100,1000,2,200,1.0,0.834655,0.8362920792079208
Strict,100,1000,2,200,1.0,0.85393,0.8553762376237622
Strict,100,1000,2,200,1.0,0.86331,0.8646633663366337
Strict,100,1000,2,200,1.0,0.865415,0.8667475247524752
Strict,100,1000,2,200,1.0,0.8518700000000001,0.8533366336633664
Strict,100,1000,2,200,1.0,0.85722,0.8586336633663367
Strict,100,1000,2,200,1.0,0.8449149999999999,0.8464504950495049
Strict,100,1000,2,200,1.0,0.86006,0.8614455445544554
Strict,100,1000,2,200,1.0,0.8282100000000001,0.829910891089109
Strict,100,1000,2,200,1.0,0.853595,0.8550445544554455
Strict,100,1000,2,200,1.0,0.8526,0.8540594059405942
Strict,100,1000,2,200,1.0,0.871775,0.8730445544554454
Strict,100,1000,2,200,1.0,0.8408249999999999,0.8424009900990098
Strict,100,1000,2,200,1.0,0.856255,0.8576782178217823
Strict,100,1000,2,200,1.0,0.8334850000000001,0.8351336633663369
Strict,100,1000,2,200,1.0,0.8564399999999998,0.8578613861386137
Strict,100,1000,2,200,1.0,0.8378500000000001,0.8394554455445545
Strict,100,1000,2,200,1.0,0.8488600000000001,0.8503564356435644
Strict,100,1000,2,200,1.0,0.8701199999999999,0.8714059405940593
Strict,100,1000,2,200,1.0,0.85343,0.8548811881188119
Strict,100,1000,2,200,1.0,0.8513399999999999,0.8528118811881186
Strict,100,1000,2,200,1.0,0.849735,0.8512227722772279
Strict,100,1000,2,200,1.0,0.865475,0.8668069306930694
Strict,100,1000,2,200,1.0,0.8486549999999999,0.8501534653465346
Strict,100,1000,2,200,1.0,0.86155,0.8629207920792078
Strict,100,1000,2,200,1.0,0.829655,0.8313415841584161
Strict,100,1000,2,200,1.0,0.8550999999999996,0.8565346534653463
Strict,100,1000,2,200,1.0,0.858065,0.859470297029703
Strict,100,1000,2,200,1.0,0.8538950000000001,0.855341584158416
Strict,100,1000,2,200,1.0,0.8637649999999999,0.8651138613861385
Strict,100,1000,2,200,1.0,0.8362499999999998,0.8378712871287127
Strict,100,1000,2,200,1.0,0.8513950000000001,0.8528663366336634
Strict,100,1000,2,200,1.0,0.8497399999999999,0.8512277227722771
Strict,100,1000,2,200,1.0,0.8421449999999999,0.8437079207920791
Strict,100,1000,2,200,1.0,0.84367,0.845217821782178
Strict,100,1000,2,200,1.0,0.8489150000000001,0.8504108910891092
Strict,100,1000,2,200,1.0,0.867765,0.8690742574257427
Strict,100,1000,2,200,1.0,0.83906,0.8406534653465348
Strict,100,1000,2,200,1.0,0.8457749999999998,0.8473019801980198
Strict,100,1000,2,200,1.0,0.8380000000000001,0.8396039603960396
Strict,100,1000,2,200,1.0,0.8645200000000002,0.865861386138614
Strict,100,1000,2,200,1.0,0.8539950000000001,0.855440594059406
Strict,100,1000,2,200,1.0,0.85789,0.8592970297029705
Strict,100,1000,2,200,1.0,0.840195,0.8417772277227722
Strict,100,1000,2,200,1.0,0.8561500000000002,0.8575742574257429
Strict,100,1000,2,200,1.0,0.8607600000000001,0.8621386138613863
Strict,100,1000,2,200,1.0,0.8599050000000001,0.8612920792079211
Strict,100,1000,2,200,1.0,0.8586599999999999,0.860059405940594
Strict,100,1000,2,200,1.0,0.85368,0.8551287128712869
Strict,100,1000,2,200,1.0,0.84494,0.8464752475247524
Strict,100,1000,2,200,1.0,0.8423900000000002,0.8439504950495051
Strict,100,1000,2,200,1.0,0.8434950000000001,0.8450445544554458
Strict,100,1000,2,200,1.0,0.8659600000000001,0.8672871287128712
Strict,100,1000,2,200,1.0,0.8361850000000001,0.8378069306930693
Strict,100,1000,2,200,1.0,0.8590599999999996,0.8604554455445541
Strict,100,1000,2,200,1.0,0.85524,0.8566732673267327
Strict,100,1000,2,200,1.0,0.8508750000000002,0.8523514851485149
Strict,100,1000,2,200,1.0,0.8593000000000001,0.8606930693069306
Strict,100,1000,2,200,1.0,0.83025,0.831930693069307
Strict,100,1000,2,200,1.0,0.8647550000000002,0.8660940594059405
Strict,100,1000,2,200,1.0,0.8429749999999998,0.8445297029702971
Strict,100,1000,2,200,1.0,0.845625,0.8471534653465347
Strict,100,1000,2,200,1.0,0.8512199999999999,0.8526930693069307
Strict,100,1000,2,200,1.0,0.8530699999999999,0.8545247524752474
Strict,100,1000,2,200,1.0,0.8447149999999999,0.8462524752475248
Strict,100,1000,2,200,1.0,0.868755,0.8700544554455446
Strict,100,1000,2,200,1.0,0.845435,0.8469653465346534
Strict,100,1000,2,200,1.0,0.8471450000000001,0.8486584158415842
Strict,100,1000,2,200,1.0,0.8624200000000002,0.863782178217822
Strict,100,1000,2,200,1.0,0.8556800000000001,0.8571089108910891
Strict,100,1000,2,200,1.0,0.8717649999999998,0.8730346534653465
Strict,100,1000,2,200,1.0,0.861185,0.8625594059405939
Strict,100,1000,2,200,1.0,0.8544550000000001,0.8558960396039603
Strict,100,1000,2,200,1.0,0.8466750000000002,0.8481930693069307
Strict,100,1000,2,200,1.0,0.86197,0.8633366336633663
Strict,100,1000,2,200,1.0,0.839315,0.8409059405940594
Strict,100,1000,2,200,1.0,0.8414399999999997,0.8430099009900989
Strict,100,1000,2,200,1.0,0.8542500000000001,0.8556930693069308
Strict,100,1000,2,200,1.0,0.8565999999999998,0.858019801980198
Strict,100,1000,2,200,1.0,0.8355850000000001,0.8372128712871288
LinearFunctionPlayer,100,1000,2,200,0.5,0.9981300000000001,0.9714851485148516
LinearFunctionPlayer,100,1000,2,200,0.5,0.9982099999999999,0.9813960396039604
LinearFunctionPlayer,100,1000,2,200,0.5,0.9975799999999999,0.9737920792079208
LinearFunctionPlayer,100,1000,2,200,0.5,0.9978699999999999,0.9855049504950494
LinearFunctionPlayer,100,1000,2,200,0.5,0.99783,0.9886435643564354
LinearFunctionPlayer,100,1000,2,200,0.5,0.99722,0.9894356435643563
LinearFunctionPlayer,100,1000,2,200,0.5,0.9971900000000001,0.991
LinearFunctionPlayer,100,1000,2,200,0.5,0.9972999999999999,0.9784158415841582
LinearFunctionPlayer,100,1000,2,200,0.5,0.99808,0.9744752475247523
LinearFunctionPlayer,100,1000,2,200,0.5,0.99819,0.9935841584158415
LinearFunctionPlayer,100,1000,2,200,0.5,0.9979899999999999,0.9947821782178217
LinearFunctionPlayer,100,1000,2,200,0.5,0.99779,0.9870792079207918
LinearFunctionPlayer,100,1000,2,200,0.5,0.99739,0.969118811881188
LinearFunctionPlayer,100,1000,2,200,0.5,0.99747,0.9875940594059404
LinearFunctionPlayer,100,1000,2,200,0.5,0.9977799999999999,0.9941980198019801
LinearFunctionPlayer,100,1000,2,200,0.5,0.99753,0.9845643564356436
LinearFunctionPlayer,100,1000,2,200,0.5,0.9977499999999999,0.9752178217821783
LinearFunctionPlayer,100,1000,2,200,0.5,0.9980699999999998,0.983108910891089
LinearFunctionPlayer,100,1000,2,200,0.5,0.9977799999999999,0.9899405940594057
LinearFunctionPlayer,100,1000,2,200,0.5,0.9981300000000001,0.9908811881188118
LinearFunctionPlayer,100,1000,2,200,0.5,0.9980200000000002,0.9847326732673264
LinearFunctionPlayer,100,1000,2,200,0.5,0.99751,0.9510297029702972
LinearFunctionPlayer,100,1000,2,200,0.5,0.99775,0.9711386138613861
LinearFunctionPlayer,100,1000,2,200,0.5,0.9980499999999999,0.9835346534653464
LinearFunctionPlayer,100,1000,2,200,0.5,0.9983200000000001,0.9796336633663365
LinearFunctionPlayer,100,1000,2,200,0.5,0.9975899999999999,0.9662673267326733
LinearFunctionPlayer,100,1000,2,200,0.5,0.9977399999999998,0.9905445544554454
LinearFunctionPlayer,100,1000,2,200,0.5,0.9977799999999999,0.9852079207920791
LinearFunctionPlayer,100,1000,2,200,0.5,0.9979600000000001,0.9920495049504949
LinearFunctionPlayer,100,1000,2,200,0.5,0.9977199999999997,0.9651584158415841
LinearFunctionPlayer,100,1000,2,200,0.5,0.99777,0.9826039603960396
LinearFunctionPlayer,100,1000,2,200,0.5,0.9977700000000002,0.9619801980198021
LinearFunctionPlayer,100,1000,2,200,0.5,0.9980899999999999,0.9842673267326731
LinearFunctionPlayer,100,1000,2,200,0.5,0.99819,0.9948316831683165
LinearFunctionPlayer,100,1000,2,200,0.5,0.9980500000000001,0.9874257425742572
LinearFunctionPlayer,100,1000,2,200,0.5,0.99768,0.9785445544554459
LinearFunctionPlayer,100,1000,2,200,0.5,0.9978,0.9904257425742574
LinearFunctionPlayer,100,1000,2,200,0.5,0.9977300000000001,0.9640990099009901
LinearFunctionPlayer,100,1000,2,200,0.5,0.9979799999999999,0.9817722772277229
LinearFunctionPlayer,100,1000,2,200,0.5,0.9980400000000001,0.9781584158415841
LinearFunctionPlayer,100,1000,2,200,0.5,0.9980499999999999,0.9893465346534652
LinearFunctionPlayer,100,1000,2,200,0.5,0.9977499999999998,0.9777029702970295
LinearFunctionPlayer,100,1000,2,200,0.5,0.9978500000000001,0.9826138613861386
LinearFunctionPlayer,100,1000,2,200,0.5,0.9976000000000002,0.9746138613861384
LinearFunctionPlayer,100,1000,2,200,0.5,0.99804,0.9748613861386138
LinearFunctionPlayer,100,1000,2,200,0.5,0.9972999999999999,0.9703762376237623
LinearFunctionPlayer,100,1000,2,200,0.5,0.99789,0.9831584158415844
LinearFunctionPlayer,100,1000,2,200,0.5,0.99759,0.9912178217821781
LinearFunctionPlayer,100,1000,2,200,0.5,0.99771,0.987079207920792
LinearFunctionPlayer,100,1000,2,200,0.5,0.9981300000000001,0.9934356435643562
LinearFunctionPlayer,100,1000,2,200,0.5,0.9977300000000001,0.977049504950495
LinearFunctionPlayer,100,1000,2,200,0.5,0.99785,0.9569504950495047
LinearFunctionPlayer,100,1000,2,200,0.5,0.9980899999999999,0.9932475247524754
LinearFunctionPlayer,100,1000,2,200,0.5,0.99802,0.957811881188119
LinearFunctionPlayer,100,1000,2,200,0.5,0.9980199999999999,0.9842277227722773
LinearFunctionPlayer,100,1000,2,200,0.5,0.9977099999999999,0.9819306930693069
LinearFunctionPlayer,100,1000,2,200,0.5,0.99747,0.9718514851485149
LinearFunctionPlayer,100,1000,2,200,0.5,0.99796,0.9410396039603961
LinearFunctionPlayer,100,1000,2,200,0.5,0.99786,0.9714851485148512
LinearFunctionPlayer,100,1000,2,200,0.5,0.9976900000000001,0.9577326732673268
LinearFunctionPlayer,100,1000,2,200,0.5,0.9982599999999999,0.9726831683168315
LinearFunctionPlayer,100,1000,2,200,0.5,0.9981200000000001,0.9697128712871286
LinearFunctionPlayer,100,1000,2,200,0.5,0.99762,0.9821584158415843
LinearFunctionPlayer,100,1000,2,200,0.5,0.9976499999999998,0.9881584158415844
LinearFunctionPlayer,100,1000,2,200,0.5,0.9980199999999999,0.9846138613861385
LinearFunctionPlayer,100,1000,2,200,0.5,0.9976499999999998,0.9908811881188118
LinearFunctionPlayer,100,1000,2,200,0.5,0.99757,0.9932178217821781
LinearFunctionPlayer,100,1000,2,200,0.5,0.9975099999999999,0.9453168316831685
LinearFunctionPlayer,100,1000,2,200,0.5,0.9974799999999999,0.9734554455445544
LinearFunctionPlayer,100,1000,2,200,0.5,0.9979399999999999,0.993089108910891
LinearFunctionPlayer,100,1000,2,200,0.5,0.9981200000000001,0.9910891089108912
LinearFunctionPlayer,100,1000,2,200,0.5,0.9982100000000003,0.9907029702970295
LinearFunctionPlayer,100,1000,2,200,0.5,0.99771,0.9786633663366335
LinearFunctionPlayer,100,1000,2,200,0.5,0.9980899999999999,0.9830099009900989
LinearFunctionPlayer,100,1000,2,200,0.5,0.9977399999999998,0.9881584158415841
LinearFunctionPlayer,100,1000,2,200,0.5,0.9975899999999999,0.993089108910891
LinearFunctionPlayer,100,1000,2,200,0.5,0.99756,0.972039603960396
LinearFunctionPlayer,100,1000,2,200,0.5,0.9977299999999998,0.9716138613861386
LinearFunctionPlayer,100,1000,2,200,0.5,0.9974999999999998,0.973247524752475
LinearFunctionPlayer,100,1000,2,200,0.5,0.99786,0.986227722772277
LinearFunctionPlayer,100,1000,2,200,0.5,0.9978699999999999,0.9766831683168318
LinearFunctionPlayer,100,1000,2,200,0.5,0.99799,0.9835148514851485
LinearFunctionPlayer,100,1000,2,200,0.5,0.9978899999999998,0.9772574257425745
LinearFunctionPlayer,100,1000,2,200,0.5,0.9976700000000001,0.983891089108911
LinearFunctionPlayer,100,1000,2,200,0.5,0.9976399999999999,0.9932970297029704
LinearFunctionPlayer,100,1000,2,200,0.5,0.9975499999999999,0.9918415841584157
LinearFunctionPlayer,100,1000,2,200,0.5,0.99799,0.9882673267326733
LinearFunctionPlayer,100,1000,2,200,0.5,0.9976900000000001,0.9721584158415844
LinearFunctionPlayer,100,1000,2,200,0.5,0.9976599999999999,0.953742574257426
LinearFunctionPlayer,100,1000,2,200,0.5,0.9973299999999999,0.9741584158415841
LinearFunctionPlayer,100,1000,2,200,0.5,0.9977599999999999,0.9895346534653465
LinearFunctionPlayer,100,1000,2,200,0.5,0.9980199999999999,0.9646930693069306
LinearFunctionPlayer,100,1000,2,200,0.5,0.99802,0.9903564356435641
LinearFunctionPlayer,100,1000,2,200,0.5,0.99779,0.9761980198019801
LinearFunctionPlayer,100,1000,2,200,0.5,0.998,0.9937425742574255
LinearFunctionPlayer,100,1000,2,200,0.5,0.9979599999999997,0.9897227722772275
LinearFunctionPlayer,100,1000,2,200,0.5,0.9977899999999998,0.9911980198019802
LinearFunctionPlayer,100,1000,2,200,0.5,0.9978,0.9899405940594062
LinearFunctionPlayer,100,1000,2,200,0.5,0.99744,0.975069306930693
LinearFunctionPlayer,100,1000,2,200,0.5,0.9975049999999999,0.9788168316831682
SigmoidPlayer,100,1000,2,200,0.5,0.99789,0.9452673267326733
SigmoidPlayer,100,1000,2,200,0.5,0.99753,0.9816831683168316
SigmoidPlayer,100,1000,2,200,0.5,0.9975099999999998,0.940089108910891
SigmoidPlayer,100,1000,2,200,0.5,0.9978099999999999,0.9874851485148515
SigmoidPlayer,100,1000,2,200,0.5,0.99748,0.9694950495049505
SigmoidPlayer,100,1000,2,200,0.5,0.9976200000000002,0.9516534653465347
SigmoidPlayer,100,1000,2,200,0.5,0.99807,0.9904653465346536
SigmoidPlayer,100,1000,2,200,0.5,0.9973900000000002,0.9457623762376239
SigmoidPlayer,100,1000,2,200,0.5,0.9979600000000001,0.9778316831683167
SigmoidPlayer,100,1000,2,200,0.5,0.9980000000000001,0.9700693069306928
SigmoidPlayer,100,1000,2,200,0.5,0.99749,0.9639801980198018
SigmoidPlayer,100,1000,2,200,0.5,0.9978999999999999,0.98409900990099
SigmoidPlayer,100,1000,2,200,0.5,0.9976100000000001,0.9447920792079209
SigmoidPlayer,100,1000,2,200,0.5,0.9975799999999999,0.9448712871287129
SigmoidPlayer,100,1000,2,200,0.5,0.99784,0.9734950495049505
SigmoidPlayer,100,1000,2,200,0.5,0.99752,0.9550990099009902
SigmoidPlayer,100,1000,2,200,0.5,0.9975200000000002,0.9482277227722772
SigmoidPlayer,100,1000,2,200,0.5,0.9975399999999998,0.9488217821782179
SigmoidPlayer,100,1000,2,200,0.5,0.9978100000000001,0.9904257425742573
SigmoidPlayer,100,1000,2,200,0.5,0.99723,0.9660693069306932
SigmoidPlayer,100,1000,2,200,0.5,0.99797,0.9662475247524749
SigmoidPlayer,100,1000,2,200,0.5,0.99765,0.9609900990099011
SigmoidPlayer,100,1000,2,200,0.5,0.9977799999999999,0.9702376237623761
SigmoidPlayer,100,1000,2,200,0.5,0.9979500000000001,0.9578217821782179
SigmoidPlayer,100,1000,2,200,0.5,0.9978100000000001,0.9682772277227724
SigmoidPlayer,100,1000,2,200,0.5,0.9978199999999998,0.9745148514851484
SigmoidPlayer,100,1000,2,200,0.5,0.9975400000000001,0.9529405940594058
SigmoidPlayer,100,1000,2,200,0.5,0.9978,0.954831683168317
SigmoidPlayer,100,1000,2,200,0.5,0.99789,0.9952178217821782
SigmoidPlayer,100,1000,2,200,0.5,0.99798,0.9639009900990098
SigmoidPlayer,100,1000,2,200,0.5,0.99792,0.972287128712871
SigmoidPlayer,100,1000,2,200,0.5,0.99788,0.9585247524752478
SigmoidPlayer,100,1000,2,200,0.5,0.99791,0.9678613861386139
SigmoidPlayer,100,1000,2,200,0.5,0.99768,0.9606633663366335
SigmoidPlayer,100,1000,2,200,0.5,0.99779,0.9527227722772276
SigmoidPlayer,100,1000,2,200,0.5,0.99748,0.9438613861386138
SigmoidPlayer,100,1000,2,200,0.5,0.9977599999999999,0.9512871287128712
SigmoidPlayer,100,1000,2,200,0.5,0.99767,0.9623861386138616
SigmoidPlayer,100,1000,2,200,0.5,0.9978899999999998,0.9597425742574258
SigmoidPlayer,100,1000,2,200,0.5,0.9982100000000002,0.961
SigmoidPlayer,100,1000,2,200,0.5,0.9973400000000001,0.9509504950495049
SigmoidPlayer,100,1000,2,200,0.5,0.9981800000000001,0.9614158415841584
SigmoidPlayer,100,1000,2,200,0.5,0.99717,0.9256435643564357
SigmoidPlayer,100,1000,2,200,0.5,0.9973200000000001,0.977891089108911
SigmoidPlayer,100,1000,2,200,0.5,0.9973399999999999,0.9564059405940594
SigmoidPlayer,100,1000,2,200,0.5,0.99784,0.9583861386138615
SigmoidPlayer,100,1000,2,200,0.5,0.9978699999999998,0.9817425742574254
SigmoidPlayer,100,1000,2,200,0.5,0.9977200000000002,0.9621782178217823
SigmoidPlayer,100,1000,2,200,0.5,0.9974600000000001,0.9698118811881188
SigmoidPlayer,100,1000,2,200,0.5,0.99799,0.9544851485148516
SigmoidPlayer,100,1000,2,200,0.5,0.9975799999999999,0.9889108910891089
SigmoidPlayer,100,1000,2,200,0.5,0.9977100000000001,0.9477821782178217
SigmoidPlayer,100,1000,2,200,0.5,0.9978,0.9746534653465343
SigmoidPlayer,100,1000,2,200,0.5,0.9977699999999998,0.9641782178217823
SigmoidPlayer,100,1000,2,200,0.5,0.9976600000000002,0.9713762376237626
SigmoidPlayer,100,1000,2,200,0.5,0.9978500000000001,0.9750594059405941
SigmoidPlayer,100,1000,2,200,0.5,0.9976299999999999,0.9765742574257424
SigmoidPlayer,100,1000,2,200,0.5,0.99798,0.9764950495049506
SigmoidPlayer,100,1000,2,200,0.5,0.9973800000000002,0.9542772277227725
SigmoidPlayer,100,1000,2,200,0.5,0.9977499999999999,0.9523861386138615
SigmoidPlayer,100,1000,2,200,0.5,0.9976599999999999,0.9624653465346533
SigmoidPlayer,100,1000,2,200,0.5,0.99748,0.9892178217821781
SigmoidPlayer,100,1000,2,200,0.5,0.99798,0.948059405940594
SigmoidPlayer,100,1000,2,200,0.5,0.99761,0.9681188118811881
SigmoidPlayer,100,1000,2,200,0.5,0.99788,0.9710198019801981
SigmoidPlayer,100,1000,2,200,0.5,0.99802,0.9727128712871285
SigmoidPlayer,100,1000,2,200,0.5,0.9977899999999998,0.9576138613861386
SigmoidPlayer,100,1000,2,200,0.5,0.9975999999999999,0.9779603960396039
SigmoidPlayer,100,1000,2,200,0.5,0.9980699999999999,0.9597920792079209
SigmoidPlayer,100,1000,2,200,0.5,0.9973000000000002,0.9823267326732673
SigmoidPlayer,100,1000,2,200,0.5,0.99785,0.9394257425742574
SigmoidPlayer,100,1000,2,200,0.5,0.9981899999999999,0.9874950495049506
SigmoidPlayer,100,1000,2,200,0.5,0.9975799999999998,0.9498019801980198
SigmoidPlayer,100,1000,2,200,0.5,0.9978100000000001,0.9798019801980198
SigmoidPlayer,100,1000,2,200,0.5,0.99787,0.964188118811881
SigmoidPlayer,100,1000,2,200,0.5,0.99803,0.9841782178217822
SigmoidPlayer,100,1000,2,200,0.5,0.99779,0.9662475247524753
SigmoidPlayer,100,1000,2,200,0.5,0.99752,0.9708415841584159
SigmoidPlayer,100,1000,2,200,0.5,0.9976700000000001,0.953039603960396
SigmoidPlayer,100,1000,2,200,0.5,0.9976600000000001,0.9678514851485148
SigmoidPlayer,100,1000,2,200,0.5,0.99763,0.9779900990099009
SigmoidPlayer,100,1000,2,200,0.5,0.99748,0.9452772277227725
SigmoidPlayer,100,1000,2,200,0.5,0.99771,0.9347128712871287
SigmoidPlayer,100,1000,2,200,0.5,0.9973500000000002,0.9354752475247522
SigmoidPlayer,100,1000,2,200,0.5,0.9978399999999997,0.9481584158415842
SigmoidPlayer,100,1000,2,200,0.5,0.99799,0.9737722772277229
SigmoidPlayer,100,1000,2,200,0.5,0.9977199999999999,0.9563168316831684
SigmoidPlayer,100,1000,2,200,0.5,0.99807,0.9692376237623764
SigmoidPlayer,100,1000,2,200,0.5,0.99784,0.9530099009900991
SigmoidPlayer,100,1000,2,200,0.5,0.9978699999999999,0.9818316831683167
SigmoidPlayer,100,1000,2,200,0.5,0.99777,0.9671485148514855
SigmoidPlayer,100,1000,2,200,0.5,0.99803,0.9496732673267329
SigmoidPlayer,100,1000,2,200,0.5,0.9978999999999998,0.9541980198019804
SigmoidPlayer,100,1000,2,200,0.5,0.9979199999999999,0.9593168316831685
SigmoidPlayer,100,1000,2,200,0.5,0.9978800000000001,0.9553168316831684
SigmoidPlayer,100,1000,2,200,0.5,0.9975899999999999,0.9663861386138615
SigmoidPlayer,100,1000,2,200,0.5,0.99784,0.9522277227722773
SigmoidPlayer,100,1000,2,200,0.5,0.9977599999999999,0.9721980198019804
SigmoidPlayer,100,1000,2,200,0.5,0.9972999999999999,0.9464554455445546
SigmoidPlayer,100,1000,2,200,0.5,0.9975899999999999,0.9772376237623763
LRPlayer,100,1000,2,200,0.5,0.9978699999999999,0.9904752475247526
LRPlayer,100,1000,2,200,0.5,0.99743,0.9442178217821782
LRPlayer,100,1000,2,200,0.5,0.99745,0.9910792079207921
LRPlayer,100,1000,2,200,0.5,0.9979099999999999,0.9687722772277229
LRPlayer,100,1000,2,200,0.5,0.99774,0.9915841584158418
LRPlayer,100,1000,2,200,0.5,0.99777,0.9801287128712871
LRPlayer,100,1000,2,200,0.5,0.9977099999999999,0.9874653465346536
LRPlayer,100,1000,2,200,0.5,0.9979299999999999,0.9902871287128714
LRPlayer,100,1000,2,200,0.5,0.9978600000000002,0.9916534653465346
LRPlayer,100,1000,2,200,0.5,0.9980899999999998,0.9900792079207921
LRPlayer,100,1000,2,200,0.5,0.9976900000000001,0.9864851485148514
LRPlayer,100,1000,2,200,0.5,0.99788,0.9762475247524752
LRPlayer,100,1000,2,200,0.5,0.9980199999999999,0.9924752475247525
LRPlayer,100,1000,2,200,0.5,0.9976199999999998,0.9858415841584159
LRPlayer,100,1000,2,200,0.5,0.9976400000000001,0.9908910891089108
LRPlayer,100,1000,2,200,0.5,0.9980000000000001,0.9770000000000001
LRPlayer,100,1000,2,200,0.5,0.9978699999999999,0.9876435643564356
LRPlayer,100,1000,2,200,0.5,0.99759,0.9950990099009902
LRPlayer,100,1000,2,200,0.5,0.9977700000000002,0.9894059405940592
LRPlayer,100,1000,2,200,0.5,0.9974000000000001,0.9880495049504949
LRPlayer,100,1000,2,200,0.5,0.9980399999999997,0.9931782178217823
LRPlayer,100,1000,2,200,0.5,0.9978700000000003,0.9747722772277226
LRPlayer,100,1000,2,200,0.5,0.99763,0.9846138613861386
LRPlayer,100,1000,2,200,0.5,0.9978200000000002,0.9924851485148515
LRPlayer,100,1000,2,200,0.5,0.9979399999999999,0.9835148514851483
LRPlayer,100,1000,2,200,0.5,0.9981799999999998,0.9932178217821782
LRPlayer,100,1000,2,200,0.5,0.99771,0.9893069306930693
LRPlayer,100,1000,2,200,0.5,0.9979600000000001,0.9907029702970299
LRPlayer,100,1000,2,200,0.5,0.9978,0.9839801980198019
LRPlayer,100,1000,2,200,0.5,0.9979499999999999,0.9908910891089109
LRPlayer,100,1000,2,200,0.5,0.99769,0.9679801980198021
LRPlayer,100,1000,2,200,0.5,0.9977199999999997,0.9746534653465346
LRPlayer,100,1000,2,200,0.5,0.99826,0.985287128712871
LRPlayer,100,1000,2,200,0.5,0.9975099999999999,0.986059405940594
LRPlayer,100,1000,2,200,0.5,0.9979300000000001,0.9696831683168317
LRPlayer,100,1000,2,200,0.5,0.9975,0.9879999999999999
LRPlayer,100,1000,2,200,0.5,0.99785,0.9915940594059406
LRPlayer,100,1000,2,200,0.5,0.9978300000000001,0.9917920792079207
LRPlayer,100,1000,2,200,0.5,0.99748,0.9724554455445542
LRPlayer,100,1000,2,200,0.5,0.9978699999999999,0.9849702970297028
LRPlayer,100,1000,2,200,0.5,0.99787,0.989811881188119
LRPlayer,100,1000,2,200,0.5,0.99774,0.9898811881188119
LRPlayer,100,1000,2,200,0.5,0.9980899999999998,0.9748415841584156
LRPlayer,100,1000,2,200,0.5,0.9978999999999999,0.9771188118811881
LRPlayer,100,1000,2,200,0.5,0.9975999999999999,0.9931980198019802
LRPlayer,100,1000,2,200,0.5,0.9981300000000001,0.9855544554455447
LRPlayer,100,1000,2,200,0.5,0.9973799999999998,0.9582376237623761
LRPlayer,100,1000,2,200,0.5,0.9978400000000001,0.9883069306930692
LRPlayer,100,1000,2,200,0.5,0.99776,0.9922376237623763
LRPlayer,100,1000,2,200,0.5,0.99723,0.9527524752475247
LRPlayer,100,1000,2,200,0.5,0.99792,0.9830396039603958
LRPlayer,100,1000,2,200,0.5,0.9980100000000001,0.9902673267326733
LRPlayer,100,1000,2,200,0.5,0.9977099999999999,0.9920594059405939
LRPlayer,100,1000,2,200,0.5,0.9979,0.9901584158415841
LRPlayer,100,1000,2,200,0.5,0.9977800000000001,0.9842871287128712
LRPlayer,100,1000,2,200,0.5,0.9981099999999999,0.9863168316831684
LRPlayer,100,1000,2,200,0.5,0.9980100000000001,0.9915247524752474
LRPlayer,100,1000,2,200,0.5,0.9978899999999998,0.9753069306930692
LRPlayer,100,1000,2,200,0.5,0.9978199999999999,0.9820396039603958
LRPlayer,100,1000,2,200,0.5,0.9973599999999999,0.9808316831683168
LRPlayer,100,1000,2,200,0.5,0.9978999999999999,0.9913465346534652
LRPlayer,100,1000,2,200,0.5,0.9973999999999998,0.992039603960396
LRPlayer,100,1000,2,200,0.5,0.99787,0.993108910891089
LRPlayer,100,1000,2,200,0.5,0.9975700000000001,0.9937425742574257
LRPlayer,100,1000,2,200,0.5,0.9978599999999997,0.9921287128712871
LRPlayer,100,1000,2,200,0.5,0.9976099999999998,0.989851485148515
LRPlayer,100,1000,2,200,0.5,0.9977999999999999,0.9883762376237625
LRPlayer,100,1000,2,200,0.5,0.9977199999999999,0.9913366336633664
LRPlayer,100,1000,2,200,0.5,0.9977199999999999,0.9624059405940595
LRPlayer,100,1000,2,200,0.5,0.99783,0.97509900990099
LRPlayer,100,1000,2,200,0.5,0.99797,0.981217821782178
LRPlayer,100,1000,2,200,0.5,0.99738,0.994049504950495
LRPlayer,100,1000,2,200,0.5,0.9980100000000001,0.9813267326732674
LRPlayer,100,1000,2,200,0.5,0.9977499999999998,0.9777227722772277
LRPlayer,100,1000,2,200,0.5,0.9978100000000001,0.9744752475247523
LRPlayer,100,1000,2,200,0.5,0.9975,0.9903069306930692
LRPlayer,100,1000,2,200,0.5,0.9975999999999999,0.9832178217821783
LRPlayer,100,1000,2,200,0.5,0.9979399999999998,0.9892772277227724
LRPlayer,100,1000,2,200,0.5,0.9976499999999998,0.9852574257425742
LRPlayer,100,1000,2,200,0.5,0.99798,0.9956633663366337
LRPlayer,100,1000,2,200,0.5,0.99775,0.993089108910891
LRPlayer,100,1000,2,200,0.5,0.9981799999999998,0.9793663366336632
LRPlayer,100,1000,2,200,0.5,0.9979100000000001,0.9741089108910889
LRPlayer,100,1000,2,200,0.5,0.9976599999999999,0.9559108910891089
LRPlayer,100,1000,2,200,0.5,0.9975799999999999,0.9784752475247522
LRPlayer,100,1000,2,200,0.5,0.9976700000000001,0.9869900990099009
LRPlayer,100,1000,2,200,0.5,0.9975499999999999,0.9487227722772276
LRPlayer,100,1000,2,200,0.5,0.9978099999999999,0.993049504950495
LRPlayer,100,1000,2,200,0.5,0.99749,0.9811584158415843
LRPlayer,100,1000,2,200,0.5,0.99791,0.9837227722772277
LRPlayer,100,1000,2,200,0.5,0.9977599999999999,0.9797128712871287
LRPlayer,100,1000,2,200,0.5,0.99736,0.9819405940594058
LRPlayer,100,1000,2,200,0.5,0.9978400000000001,0.9622475247524751
LRPlayer,100,1000,2,200,0.5,0.9976599999999999,0.9695346534653463
LRPlayer,100,1000,2,200,0.5,0.9980099999999998,0.9782178217821782
LRPlayer,100,1000,2,200,0.5,0.9976100000000001,0.9856930693069303
LRPlayer,100,1000,2,200,0.5,0.9979899999999999,0.9882079207920793
LRPlayer,100,1000,2,200,0.5,0.9978699999999999,0.9687821782178215
LRPlayer,100,1000,2,200,0.5,0.99771,0.9856534653465344
LRPlayer,100,1000,2,200,0.5,0.9977699999999998,0.9907722772277228
MLPPlayer,100,1000,2,200,0.5,0.99603,0.976049504950495
MLPPlayer,100,1000,2,200,0.5,0.9960300000000001,0.9483465346534654
MLPPlayer,100,1000,2,200,0.5,0.99611,0.936049504950495
MLPPlayer,100,1000,2,200,0.5,0.99625,0.9017128712871286
MLPPlayer,100,1000,2,200,0.5,0.99618,0.9732079207920792
MLPPlayer,100,1000,2,200,0.5,0.99646,0.9578712871287127
MLPPlayer,100,1000,2,200,0.5,0.9963299999999999,0.9786831683168318
MLPPlayer,100,1000,2,200,0.5,0.9962300000000001,0.9402970297029701
MLPPlayer,100,1000,2,200,0.5,0.9961399999999999,0.9673366336633663
MLPPlayer,100,1000,2,200,0.5,0.99654,0.987059405940594
MLPPlayer,100,1000,2,200,0.5,0.99626,0.9816039603960395
MLPPlayer,100,1000,2,200,0.5,0.9965399999999999,0.9942475247524752
MLPPlayer,100,1000,2,200,0.5,0.99576,0.9329504950495049
MLPPlayer,100,1000,2,200,0.5,0.9959600000000001,0.9502277227722771
MLPPlayer,100,1000,2,200,0.5,0.9966099999999999,0.9567920792079209
MLPPlayer,100,1000,2,200,0.5,0.9961,0.961
MLPPlayer,100,1000,2,200,0.5,0.99601,0.9438019801980195
MLPPlayer,100,1000,2,200,0.5,0.9961199999999999,0.9761980198019803
MLPPlayer,100,1000,2,200,0.5,0.9959100000000001,0.962782178217822
MLPPlayer,100,1000,2,200,0.5,0.99605,0.9557029702970297
MLPPlayer,100,1000,2,200,0.5,0.99655,0.9584158415841584
MLPPlayer,100,1000,2,200,0.5,0.99653,0.9633663366336633
MLPPlayer,100,1000,2,200,0.5,0.9962300000000001,0.9206237623762373
MLPPlayer,100,1000,2,200,0.5,0.99618,0.9162772277227721
MLPPlayer,100,1000,2,200,0.5,0.9958199999999999,0.9786930693069306
MLPPlayer,100,1000,2,200,0.5,0.9955200000000002,0.9314752475247524
MLPPlayer,100,1000,2,200,0.5,0.99658,0.932940594059406
MLPPlayer,100,1000,2,200,0.5,0.9964999999999999,0.9903168316831681
MLPPlayer,100,1000,2,200,0.5,0.9963299999999999,0.9850594059405939
MLPPlayer,100,1000,2,200,0.5,0.9960499999999999,0.9532574257425742
MLPPlayer,100,1000,2,200,0.5,0.99607,0.9806336633663366
MLPPlayer,100,1000,2,200,0.5,0.9962399999999999,0.9445544554455445
MLPPlayer,100,1000,2,200,0.5,0.99665,0.9650594059405938
MLPPlayer,100,1000,2,200,0.5,0.9962000000000001,0.9391881188118814
MLPPlayer,100,1000,2,200,0.5,0.9960699999999999,0.9815841584158413
MLPPlayer,100,1000,2,200,0.5,0.9960799999999999,0.90590099009901
MLPPlayer,100,1000,2,200,0.5,0.9958699999999997,0.9906534653465345
MLPPlayer,100,1000,2,200,0.5,0.9965799999999999,0.9765742574257424
MLPPlayer,100,1000,2,200,0.5,0.9964,0.9661089108910892
MLPPlayer,100,1000,2,200,0.5,0.9957299999999999,0.9509306930693072
MLPPlayer,100,1000,2,200,0.5,0.9962799999999997,0.9338712871287128
MLPPlayer,100,1000,2,200,0.5,0.9963099999999998,0.9655346534653466
MLPPlayer,100,1000,2,200,0.5,0.9960399999999998,0.959910891089109
MLPPlayer,100,1000,2,200,0.5,0.9962199999999997,0.9595940594059406
MLPPlayer,100,1000,2,200,0.5,0.99578,0.9787128712871289
MLPPlayer,100,1000,2,200,0.5,0.99554,0.9772277227722771
MLPPlayer,100,1000,2,200,0.5,0.99611,0.9831584158415843
MLPPlayer,100,1000,2,200,0.5,0.99647,0.986128712871287
MLPPlayer,100,1000,2,200,0.5,0.9966300000000001,0.9729306930693068
MLPPlayer,100,1000,2,200,0.5,0.9954100000000001,0.9473762376237622
MLPPlayer,100,1000,2,200,0.5,0.9963200000000001,0.9468712871287132
MLPPlayer,100,1000,2,200,0.5,0.9965199999999999,0.9530693069306931
MLPPlayer,100,1000,2,200,0.5,0.9960399999999998,0.9636237623762377
MLPPlayer,100,1000,2,200,0.5,0.99622,0.9583267326732674
MLPPlayer,100,1000,2,200,0.5,0.9958400000000001,0.9461782178217822
MLPPlayer,100,1000,2,200,0.5,0.9960899999999998,0.9342079207920793
MLPPlayer,100,1000,2,200,0.5,0.99663,0.9571782178217821
MLPPlayer,100,1000,2,200,0.5,0.99626,0.9304455445544557
MLPPlayer,100,1000,2,200,0.5,0.99616,0.9678019801980197
MLPPlayer,100,1000,2,200,0.5,0.9962899999999999,0.9788910891089107
MLPPlayer,100,1000,2,200,0.5,0.9964299999999998,0.9813267326732672
MLPPlayer,100,1000,2,200,0.5,0.99613,0.9754059405940593
MLPPlayer,100,1000,2,200,0.5,0.9963500000000001,0.9343366336633666
MLPPlayer,100,1000,2,200,0.5,0.9963900000000001,0.9839207920792078
MLPPlayer,100,1000,2,200,0.5,0.9960199999999999,0.9376336633663367
MLPPlayer,100,1000,2,200,0.5,0.99601,0.9614158415841584
MLPPlayer,100,1000,2,200,0.5,0.9965299999999999,0.98519801980198
MLPPlayer,100,1000,2,200,0.5,0.9963999999999998,0.9510396039603961
MLPPlayer,100,1000,2,200,0.5,0.9965999999999999,0.976970297029703
MLPPlayer,100,1000,2,200,0.5,0.9961699999999999,0.9852574257425739
MLPPlayer,100,1000,2,200,0.5,0.9966200000000001,0.9572574257425744
MLPPlayer,100,1000,2,200,0.5,0.99604,0.9662277227722771
MLPPlayer,100,1000,2,200,0.5,0.9965999999999999,0.9817227722772276
MLPPlayer,100,1000,2,200,0.5,0.9957699999999999,0.9863366336633661
MLPPlayer,100,1000,2,200,0.5,0.9964200000000001,0.9306534653465346
MLPPlayer,100,1000,2,200,0.5,0.99631,0.9718217821782178
MLPPlayer,100,1000,2,200,0.5,0.99622,0.9467524752475246
MLPPlayer,100,1000,2,200,0.5,0.9959299999999999,0.9665940594059405
MLPPlayer,100,1000,2,200,0.5,0.9962599999999998,0.9856435643564356
MLPPlayer,100,1000,2,200,0.5,0.99622,0.9524752475247525
MLPPlayer,100,1000,2,200,0.5,0.99657,0.9874158415841583
MLPPlayer,100,1000,2,200,0.5,0.9964999999999999,0.968118811881188
MLPPlayer,100,1000,2,200,0.5,0.9962799999999998,0.9660594059405939
MLPPlayer,100,1000,2,200,0.5,0.9963599999999999,0.9598613861386139
MLPPlayer,100,1000,2,200,0.5,0.99635,0.9410495049504951
MLPPlayer,100,1000,2,200,0.5,0.99625,0.9759009900990098
MLPPlayer,100,1000,2,200,0.5,0.9964700000000002,0.9384752475247523
MLPPlayer,100,1000,2,200,0.5,0.99641,0.9710891089108911
MLPPlayer,100,1000,2,200,0.5,0.9962399999999998,0.9550099009900989
MLPPlayer,100,1000,2,200,0.5,0.9959899999999999,0.9558019801980197
MLPPlayer,100,1000,2,200,0.5,0.99643,0.9813069306930693
MLPPlayer,100,1000,2,200,0.5,0.99616,0.9646831683168317
MLPPlayer,100,1000,2,200,0.5,0.9962399999999999,0.9894851485148515
MLPPlayer,100,1000,2,200,0.5,0.9965499999999998,0.95909900990099
MLPPlayer,100,1000,2,200,0.5,0.9962000000000001,0.9653465346534653
MLPPlayer,100,1000,2,200,0.5,0.9963699999999999,0.9744158415841583
MLPPlayer,100,1000,2,200,0.5,0.9958300000000001,0.9404554455445545
LinearFunctionPlayer,100,1000,2,200,0.55,0.997485,0.9874306930693071
LinearFunctionPlayer,100,1000,2,200,0.55,0.9976400000000001,0.9874455445544554
LinearFunctionPlayer,100,1000,2,200,0.55,0.99751,0.993128712871287
LinearFunctionPlayer,100,1000,2,200,0.55,0.9972950000000002,0.99359900990099
LinearFunctionPlayer,100,1000,2,200,0.55,0.99769,0.9914653465346537
LinearFunctionPlayer,100,1000,2,200,0.55,0.9971300000000001,0.9925445544554456
LinearFunctionPlayer,100,1000,2,200,0.55,0.9978999999999999,0.9939207920792079
LinearFunctionPlayer,100,1000,2,200,0.55,0.9969850000000001,0.9796683168316833
LinearFunctionPlayer,100,1000,2,200,0.55,0.9975050000000002,0.9751732673267326
LinearFunctionPlayer,100,1000,2,200,0.55,0.9976549999999998,0.9898366336633664
LinearFunctionPlayer,100,1000,2,200,0.55,0.9972350000000002,0.979668316831683
LinearFunctionPlayer,100,1000,2,200,0.55,0.9973650000000001,0.9909257425742576
LinearFunctionPlayer,100,1000,2,200,0.55,0.9968000000000002,0.9706534653465345
LinearFunctionPlayer,100,1000,2,200,0.55,0.99739,0.9887326732673267
LinearFunctionPlayer,100,1000,2,200,0.55,0.9972,0.9898316831683168
LinearFunctionPlayer,100,1000,2,200,0.55,0.997025,0.9807673267326734
LinearFunctionPlayer,100,1000,2,200,0.55,0.99756,0.9837524752475248
LinearFunctionPlayer,100,1000,2,200,0.55,0.9972749999999999,0.9802128712871288
LinearFunctionPlayer,100,1000,2,200,0.55,0.9973050000000001,0.9667673267326733
LinearFunctionPlayer,100,1000,2,200,0.55,0.9974749999999999,0.9871435643564356
LinearFunctionPlayer,100,1000,2,200,0.55,0.9976250000000002,0.9951336633663368
LinearFunctionPlayer,100,1000,2,200,0.55,0.9975550000000001,0.9550544554455447
LinearFunctionPlayer,100,1000,2,200,0.55,0.99747,0.9948118811881189
LinearFunctionPlayer,100,1000,2,200,0.55,0.9973099999999999,0.9890000000000001
LinearFunctionPlayer,100,1000,2,200,0.55,0.9973399999999999,0.9744356435643565
LinearFunctionPlayer,100,1000,2,200,0.55,0.9972950000000002,0.9791534653465346
LinearFunctionPlayer,100,1000,2,200,0.55,0.9976000000000002,0.9873168316831685
LinearFunctionPlayer,100,1000,2,200,0.55,0.9973299999999999,0.9457821782178218
LinearFunctionPlayer,100,1000,2,200,0.55,0.9976349999999999,0.9939158415841585
LinearFunctionPlayer,100,1000,2,200,0.55,0.9976800000000001,0.9938613861386139
LinearFunctionPlayer,100,1000,2,200,0.55,0.9974749999999999,0.9957574257425743
LinearFunctionPlayer,100,1000,2,200,0.55,0.9971850000000002,0.9877772277227723
LinearFunctionPlayer,100,1000,2,200,0.55,0.99724,0.9903168316831684
LinearFunctionPlayer,100,1000,2,200,0.55,0.9971450000000001,0.988490099009901
LinearFunctionPlayer,100,1000,2,200,0.55,0.9969500000000001,0.9898316831683168
LinearFunctionPlayer,100,1000,2,200,0.55,0.99716,0.9874851485148517
LinearFunctionPlayer,100,1000,2,200,0.55,0.9968150000000001,0.9645693069306929
LinearFunctionPlayer,100,1000,2,200,0.55,0.9973000000000001,0.9951386138613861
LinearFunctionPlayer,100,1000,2,200,0.55,0.99745,0.9866930693069308
LinearFunctionPlayer,100,1000,2,200,0.55,0.9971799999999998,0.9891584158415845
LinearFunctionPlayer,100,1000,2,200,0.55,0.996975,0.9609158415841583
LinearFunctionPlayer,100,1000,2,200,0.55,0.99682,0.9855049504950497
LinearFunctionPlayer,100,1000,2,200,0.55,0.9970650000000002,0.9637574257425743
LinearFunctionPlayer,100,1000,2,200,0.55,0.997015,0.9747475247524753
LinearFunctionPlayer,100,1000,2,200,0.55,0.9976600000000001,0.9792772277227725
LinearFunctionPlayer,100,1000,2,200,0.55,0.997175,0.9905396039603962
LinearFunctionPlayer,100,1000,2,200,0.55,0.9973700000000001,0.9855544554455447
LinearFunctionPlayer,100,1000,2,200,0.55,0.99686,0.9871287128712871
LinearFunctionPlayer,100,1000,2,200,0.55,0.9974000000000001,0.9933663366336634
LinearFunctionPlayer,100,1000,2,200,0.55,0.9973300000000002,0.9612475247524753
LinearFunctionPlayer,100,1000,2,200,0.55,0.996985,0.9846881188118811
LinearFunctionPlayer,100,1000,2,200,0.55,0.9973500000000003,0.9706435643564357
LinearFunctionPlayer,100,1000,2,200,0.55,0.99741,0.989940594059406
LinearFunctionPlayer,100,1000,2,200,0.55,0.997325,0.9879059405940595
LinearFunctionPlayer,100,1000,2,200,0.55,0.9974250000000002,0.9864801980198019
LinearFunctionPlayer,100,1000,2,200,0.55,0.9974200000000001,0.9887524752475247
LinearFunctionPlayer,100,1000,2,200,0.55,0.996965,0.9693514851485149
LinearFunctionPlayer,100,1000,2,200,0.55,0.9975149999999998,0.9934999999999999
LinearFunctionPlayer,100,1000,2,200,0.55,0.997235,0.985579207920792
LinearFunctionPlayer,100,1000,2,200,0.55,0.9974350000000001,0.9901336633663368
LinearFunctionPlayer,100,1000,2,200,0.55,0.997285,0.9897475247524755
LinearFunctionPlayer,100,1000,2,200,0.55,0.9971949999999998,0.9786881188118811
LinearFunctionPlayer,100,1000,2,200,0.55,0.9974799999999999,0.9931683168316832
LinearFunctionPlayer,100,1000,2,200,0.55,0.9972350000000002,0.9906188118811884
LinearFunctionPlayer,100,1000,2,200,0.55,0.996735,0.9874702970297028
LinearFunctionPlayer,100,1000,2,200,0.55,0.9974200000000002,0.9949603960396041
LinearFunctionPlayer,100,1000,2,200,0.55,0.9975649999999999,0.9737277227722771
LinearFunctionPlayer,100,1000,2,200,0.55,0.9969200000000003,0.9922475247524754
LinearFunctionPlayer,100,1000,2,200,0.55,0.997085,0.985420792079208
LinearFunctionPlayer,100,1000,2,200,0.55,0.9973650000000001,0.9878960396039604
LinearFunctionPlayer,100,1000,2,200,0.55,0.9974050000000001,0.9791930693069308
LinearFunctionPlayer,100,1000,2,200,0.55,0.9975500000000003,0.9780990099009901
LinearFunctionPlayer,100,1000,2,200,0.55,0.9970900000000001,0.9747227722772279
LinearFunctionPlayer,100,1000,2,200,0.55,0.9974400000000001,0.9941287128712869
LinearFunctionPlayer,100,1000,2,200,0.55,0.99726,0.9908712871287129
LinearFunctionPlayer,100,1000,2,200,0.55,0.9976,0.9935247524752475
LinearFunctionPlayer,100,1000,2,200,0.55,0.9972899999999999,0.9855445544554454
LinearFunctionPlayer,100,1000,2,200,0.55,0.99725,0.9937722772277229
LinearFunctionPlayer,100,1000,2,200,0.55,0.99772,0.9929207920792081
LinearFunctionPlayer,100,1000,2,200,0.55,0.9969099999999999,0.9871188118811882
LinearFunctionPlayer,100,1000,2,200,0.55,0.9974200000000001,0.9930099009900991
LinearFunctionPlayer,100,1000,2,200,0.55,0.9971850000000001,0.9888861386138613
LinearFunctionPlayer,100,1000,2,200,0.55,0.9970000000000002,0.9855841584158417
LinearFunctionPlayer,100,1000,2,200,0.55,0.99717,0.9853663366336635
LinearFunctionPlayer,100,1000,2,200,0.55,0.9972950000000003,0.9951633663366336
LinearFunctionPlayer,100,1000,2,200,0.55,0.9977199999999999,0.9928712871287129
LinearFunctionPlayer,100,1000,2,200,0.55,0.9975200000000001,0.9894257425742574
LinearFunctionPlayer,100,1000,2,200,0.55,0.9970650000000001,0.9559653465346533
LinearFunctionPlayer,100,1000,2,200,0.55,0.9975899999999999,0.9881188118811882
LinearFunctionPlayer,100,1000,2,200,0.55,0.9977449999999999,0.9919257425742575
LinearFunctionPlayer,100,1000,2,200,0.55,0.9972700000000002,0.9946534653465348
LinearFunctionPlayer,100,1000,2,200,0.55,0.997445,0.9751039603960395
LinearFunctionPlayer,100,1000,2,200,0.55,0.9969150000000002,0.9753712871287128
LinearFunctionPlayer,100,1000,2,200,0.55,0.9973250000000001,0.9921732673267326
LinearFunctionPlayer,100,1000,2,200,0.55,0.9972350000000002,0.9547178217821781
LinearFunctionPlayer,100,1000,2,200,0.55,0.997685,0.9911930693069309
LinearFunctionPlayer,100,1000,2,200,0.55,0.997,0.9914455445544555
LinearFunctionPlayer,100,1000,2,200,0.55,0.9970750000000002,0.9899257425742573
LinearFunctionPlayer,100,1000,2,200,0.55,0.9969650000000001,0.9758861386138613
LinearFunctionPlayer,100,1000,2,200,0.55,0.9970100000000001,0.968881188118812
SigmoidPlayer,100,1000,2,200,0.55,0.99762,0.9751287128712871
SigmoidPlayer,100,1000,2,200,0.55,0.99753,0.983831683168317
SigmoidPlayer,100,1000,2,200,0.55,0.9971099999999999,0.9927722772277225
SigmoidPlayer,100,1000,2,200,0.55,0.9970700000000002,0.9728811881188119
SigmoidPlayer,100,1000,2,200,0.55,0.99712,0.9824059405940594
SigmoidPlayer,100,1000,2,200,0.55,0.99715,0.9545940594059406
SigmoidPlayer,100,1000,2,200,0.55,0.99726,0.9870792079207923
SigmoidPlayer,100,1000,2,200,0.55,0.997,0.9781683168316835
SigmoidPlayer,100,1000,2,200,0.55,0.99739,0.9865940594059405
SigmoidPlayer,100,1000,2,200,0.55,0.99755,0.9831287128712873
SigmoidPlayer,100,1000,2,200,0.55,0.9973100000000003,0.9741287128712873
SigmoidPlayer,100,1000,2,200,0.55,0.9976000000000002,0.9881584158415841
SigmoidPlayer,100,1000,2,200,0.55,0.9973400000000002,0.9926930693069308
SigmoidPlayer,100,1000,2,200,0.55,0.9971300000000001,0.9762376237623762
SigmoidPlayer,100,1000,2,200,0.55,0.99726,0.9863168316831681
SigmoidPlayer,100,1000,2,200,0.55,0.9972000000000001,0.9637722772277229
SigmoidPlayer,100,1000,2,200,0.55,0.9970800000000001,0.9915841584158417
SigmoidPlayer,100,1000,2,200,0.55,0.9970700000000001,0.9768415841584157
SigmoidPlayer,100,1000,2,200,0.55,0.9972500000000002,0.9804851485148516
SigmoidPlayer,100,1000,2,200,0.55,0.9978100000000001,0.9865940594059407
SigmoidPlayer,100,1000,2,200,0.55,0.9972000000000001,0.9697920792079208
SigmoidPlayer,100,1000,2,200,0.55,0.9972600000000001,0.9749702970297031
SigmoidPlayer,100,1000,2,200,0.55,0.99708,0.992089108910891
SigmoidPlayer,100,1000,2,200,0.55,0.9973099999999999,0.9896435643564354
SigmoidPlayer,100,1000,2,200,0.55,0.9976300000000002,0.9826138613861389
SigmoidPlayer,100,1000,2,200,0.55,0.9973200000000001,0.9920693069306931
SigmoidPlayer,100,1000,2,200,0.55,0.99761,0.9857524752475249
SigmoidPlayer,100,1000,2,200,0.55,0.99724,0.9702970297029703
SigmoidPlayer,100,1000,2,200,0.55,0.9968600000000002,0.9731881188118815
SigmoidPlayer,100,1000,2,200,0.55,0.99753,0.9764158415841585
SigmoidPlayer,100,1000,2,200,0.55,0.99729,0.9804158415841586
SigmoidPlayer,100,1000,2,200,0.55,0.9971800000000001,0.9894950495049504
SigmoidPlayer,100,1000,2,200,0.55,0.9972200000000002,0.9758613861386138
SigmoidPlayer,100,1000,2,200,0.55,0.9975800000000002,0.992742574257426
SigmoidPlayer,100,1000,2,200,0.55,0.9977500000000002,0.9680891089108911
SigmoidPlayer,100,1000,2,200,0.55,0.9973500000000004,0.9865049504950496
SigmoidPlayer,100,1000,2,200,0.55,0.99685,0.9716237623762376
SigmoidPlayer,100,1000,2,200,0.55,0.9967600000000002,0.9898910891089109
SigmoidPlayer,100,1000,2,200,0.55,0.9970900000000001,0.977039603960396
SigmoidPlayer,100,1000,2,200,0.55,0.9971500000000002,0.9721386138613862
SigmoidPlayer,100,1000,2,200,0.55,0.99717,0.9768811881188117
SigmoidPlayer,100,1000,2,200,0.55,0.9973900000000002,0.9731089108910892
SigmoidPlayer,100,1000,2,200,0.55,0.9973500000000002,0.9794851485148515
SigmoidPlayer,100,1000,2,200,0.55,0.9972300000000002,0.9941584158415844
SigmoidPlayer,100,1000,2,200,0.55,0.99714,0.9883465346534652
SigmoidPlayer,100,1000,2,200,0.55,0.9974899999999998,0.9583564356435642
SigmoidPlayer,100,1000,2,200,0.55,0.99735,0.9923366336633663
SigmoidPlayer,100,1000,2,200,0.55,0.9972400000000001,0.971009900990099
SigmoidPlayer,100,1000,2,200,0.55,0.9974100000000002,0.9854554455445543
SigmoidPlayer,100,1000,2,200,0.55,0.99728,0.991732673267327
SigmoidPlayer,100,1000,2,200,0.55,0.99716,0.9759207920792079
SigmoidPlayer,100,1000,2,200,0.55,0.9972599999999998,0.9862277227722773
SigmoidPlayer,100,1000,2,200,0.55,0.9970899999999999,0.9917128712871288
SigmoidPlayer,100,1000,2,200,0.55,0.9974400000000001,0.9866831683168318
SigmoidPlayer,100,1000,2,200,0.55,0.9967900000000003,0.984980198019802
SigmoidPlayer,100,1000,2,200,0.55,0.9973600000000001,0.9886534653465348
SigmoidPlayer,100,1000,2,200,0.55,0.9971300000000002,0.9802376237623763
SigmoidPlayer,100,1000,2,200,0.55,0.9974799999999999,0.9870891089108911
SigmoidPlayer,100,1000,2,200,0.55,0.9974700000000002,0.9747425742574257
SigmoidPlayer,100,1000,2,200,0.55,0.9977900000000001,0.9918217821782179
SigmoidPlayer,100,1000,2,200,0.55,0.9972500000000002,0.9912475247524756
SigmoidPlayer,100,1000,2,200,0.55,0.99728,0.9759207920792078
SigmoidPlayer,100,1000,2,200,0.55,0.99717,0.9472673267326733
SigmoidPlayer,100,1000,2,200,0.55,0.9972600000000001,0.9496534653465347
SigmoidPlayer,100,1000,2,200,0.55,0.9974599999999999,0.9751287128712871
SigmoidPlayer,100,1000,2,200,0.55,0.9973400000000001,0.9597722772277227
SigmoidPlayer,100,1000,2,200,0.55,0.9972,0.9911980198019804
SigmoidPlayer,100,1000,2,200,0.55,0.99744,0.9849702970297028
SigmoidPlayer,100,1000,2,200,0.55,0.99686,0.9750693069306932
SigmoidPlayer,100,1000,2,200,0.55,0.9976300000000002,0.993891089108911
SigmoidPlayer,100,1000,2,200,0.55,0.9973400000000001,0.9697623762376238
SigmoidPlayer,100,1000,2,200,0.55,0.9973600000000004,0.9695643564356438
SigmoidPlayer,100,1000,2,200,0.55,0.997155,0.9900148514851486
SigmoidPlayer,100,1000,2,200,0.55,0.9971500000000002,0.9677920792079208
SigmoidPlayer,100,1000,2,200,0.55,0.9975500000000003,0.9819900990099012
SigmoidPlayer,100,1000,2,200,0.55,0.99709,0.9774950495049508
SigmoidPlayer,100,1000,2,200,0.55,0.9972100000000002,0.9866237623762377
SigmoidPlayer,100,1000,2,200,0.55,0.9974599999999999,0.9785148514851486
SigmoidPlayer,100,1000,2,200,0.55,0.9968200000000002,0.9877722772277231
SigmoidPlayer,100,1000,2,200,0.55,0.9973300000000003,0.9866831683168317
SigmoidPlayer,100,1000,2,200,0.55,0.99722,0.9847029702970297
SigmoidPlayer,100,1000,2,200,0.55,0.9974100000000005,0.9754455445544554
SigmoidPlayer,100,1000,2,200,0.55,0.9964900000000003,0.9908712871287131
SigmoidPlayer,100,1000,2,200,0.55,0.9973350000000002,0.954638613861386
SigmoidPlayer,100,1000,2,200,0.55,0.99751,0.9891980198019803
SigmoidPlayer,100,1000,2,200,0.55,0.9970200000000001,0.9771485148514852
SigmoidPlayer,100,1000,2,200,0.55,0.9974950000000002,0.9702029702970298
SigmoidPlayer,100,1000,2,200,0.55,0.9974200000000001,0.9960891089108913
SigmoidPlayer,100,1000,2,200,0.55,0.99751,0.9757227722772279
SigmoidPlayer,100,1000,2,200,0.55,0.9969599999999998,0.9691683168316833
SigmoidPlayer,100,1000,2,200,0.55,0.9973600000000001,0.990693069306931
SigmoidPlayer,100,1000,2,200,0.55,0.9971000000000001,0.9685742574257428
SigmoidPlayer,100,1000,2,200,0.55,0.9971700000000001,0.9816633663366336
SigmoidPlayer,100,1000,2,200,0.55,0.9970400000000003,0.9833762376237625
SigmoidPlayer,100,1000,2,200,0.55,0.9971500000000003,0.9959405940594062
SigmoidPlayer,100,1000,2,200,0.55,0.9971700000000001,0.9828415841584158
SigmoidPlayer,100,1000,2,200,0.55,0.99752,0.9681287128712873
SigmoidPlayer,100,1000,2,200,0.55,0.9974000000000003,0.9752772277227723
SigmoidPlayer,100,1000,2,200,0.55,0.99716,0.9878316831683169
SigmoidPlayer,100,1000,2,200,0.55,0.99756,0.9737227722772278
LRPlayer,100,1000,2,200,0.55,0.997445,0.985440594059406
LRPlayer,100,1000,2,200,0.55,0.99751,0.9862970297029704
LRPlayer,100,1000,2,200,0.55,0.9975300000000001,0.994980198019802
LRPlayer,100,1000,2,200,0.55,0.9975200000000001,0.9636534653465346
LRPlayer,100,1000,2,200,0.55,0.9975250000000001,0.9829356435643565
LRPlayer,100,1000,2,200,0.55,0.997275,0.9901633663366336
LRPlayer,100,1000,2,200,0.55,0.9976250000000002,0.9862722772277228
LRPlayer,100,1000,2,200,0.55,0.997615,0.9795396039603959
LRPlayer,100,1000,2,200,0.55,0.9969949999999999,0.9802227722772279
LRPlayer,100,1000,2,200,0.55,0.9972350000000002,0.9730940594059406
LRPlayer,100,1000,2,200,0.55,0.9974400000000001,0.9893861386138614
LRPlayer,100,1000,2,200,0.55,0.9971450000000001,0.9751831683168318
LRPlayer,100,1000,2,200,0.55,0.9974850000000002,0.9599356435643563
LRPlayer,100,1000,2,200,0.55,0.9971800000000001,0.978049504950495
LRPlayer,100,1000,2,200,0.55,0.9976800000000001,0.9652376237623761
LRPlayer,100,1000,2,200,0.55,0.9974249999999999,0.9847475247524752
LRPlayer,100,1000,2,200,0.55,0.99717,0.9625148514851483
LRPlayer,100,1000,2,200,0.55,0.99735,0.975762376237624
LRPlayer,100,1000,2,200,0.55,0.9972249999999998,0.9842623762376239
LRPlayer,100,1000,2,200,0.55,0.997675,0.9751435643564357
LRPlayer,100,1000,2,200,0.55,0.9974200000000002,0.9856930693069308
LRPlayer,100,1000,2,200,0.55,0.99776,0.9917326732673266
LRPlayer,100,1000,2,200,0.55,0.9973550000000002,0.9788267326732676
LRPlayer,100,1000,2,200,0.55,0.997035,0.989361386138614
LRPlayer,100,1000,2,200,0.55,0.9974399999999999,0.9752871287128714
LRPlayer,100,1000,2,200,0.55,0.9973099999999999,0.9797920792079206
LRPlayer,100,1000,2,200,0.55,0.9975750000000001,0.9919851485148515
LRPlayer,100,1000,2,200,0.55,0.9976299999999998,0.9949702970297032
LRPlayer,100,1000,2,200,0.55,0.9973999999999998,0.9852970297029703
LRPlayer,100,1000,2,200,0.55,0.997055,0.9832920792079208
LRPlayer,100,1000,2,200,0.55,0.99762,0.9901683168316833
LRPlayer,100,1000,2,200,0.55,0.9974299999999998,0.9668019801980199
LRPlayer,100,1000,2,200,0.55,0.99755,0.9911089108910893
LRPlayer,100,1000,2,200,0.55,0.9974850000000001,0.9888564356435646
LRPlayer,100,1000,2,200,0.55,0.9973500000000002,0.9851683168316832
LRPlayer,100,1000,2,200,0.55,0.9975800000000001,0.9875643564356437
LRPlayer,100,1000,2,200,0.55,0.9975700000000001,0.9915841584158417
LRPlayer,100,1000,2,200,0.55,0.997325,0.9891237623762374
LRPlayer,100,1000,2,200,0.55,0.997295,0.9945495049504949
LRPlayer,100,1000,2,200,0.55,0.99756,0.9771089108910891
LRPlayer,100,1000,2,200,0.55,0.9971650000000003,0.9603118811881187
LRPlayer,100,1000,2,200,0.55,0.9973099999999999,0.9801485148514854
LRPlayer,100,1000,2,200,0.55,0.99789,0.9890693069306931
LRPlayer,100,1000,2,200,0.55,0.9972400000000001,0.9912970297029704
LRPlayer,100,1000,2,200,0.55,0.9972150000000001,0.9882029702970297
LRPlayer,100,1000,2,200,0.55,0.9975049999999999,0.9901633663366337
LRPlayer,100,1000,2,200,0.55,0.9974550000000001,0.9862227722772278
LRPlayer,100,1000,2,200,0.55,0.9975800000000002,0.9831485148514851
LRPlayer,100,1000,2,200,0.55,0.997135,0.9630049504950497
LRPlayer,100,1000,2,200,0.55,0.9975050000000002,0.979628712871287
LRPlayer,100,1000,2,200,0.55,0.9977899999999998,0.9924158415841586
LRPlayer,100,1000,2,200,0.55,0.9973000000000001,0.9673465346534653
LRPlayer,100,1000,2,200,0.55,0.9974699999999999,0.9692178217821783
LRPlayer,100,1000,2,200,0.55,0.997395,0.9947277227722774
LRPlayer,100,1000,2,200,0.55,0.99762,0.9896435643564356
LRPlayer,100,1000,2,200,0.55,0.9974000000000001,0.9877227722772275
LRPlayer,100,1000,2,200,0.55,0.9971700000000001,0.9849207920792079
LRPlayer,100,1000,2,200,0.55,0.9973899999999999,0.9734158415841585
LRPlayer,100,1000,2,200,0.55,0.9976199999999997,0.9843366336633662
LRPlayer,100,1000,2,200,0.55,0.9974150000000002,0.9641633663366337
LRPlayer,100,1000,2,200,0.55,0.9975849999999999,0.978460396039604
LRPlayer,100,1000,2,200,0.55,0.99749,0.9787425742574257
LRPlayer,100,1000,2,200,0.55,0.997375,0.9914603960396039
LRPlayer,100,1000,2,200,0.55,0.997625,0.9886386138613862
LRPlayer,100,1000,2,200,0.55,0.9976250000000002,0.9871237623762377
LRPlayer,100,1000,2,200,0.55,0.9971899999999998,0.9909405940594059
LRPlayer,100,1000,2,200,0.55,0.9978000000000001,0.9927326732673268
LRPlayer,100,1000,2,200,0.55,0.99788,0.9954752475247528
LRPlayer,100,1000,2,200,0.55,0.9976050000000002,0.9949158415841585
LRPlayer,100,1000,2,200,0.55,0.99786,0.9956039603960397
LRPlayer,100,1000,2,200,0.55,0.9977250000000002,0.9603613861386139
LRPlayer,100,1000,2,200,0.55,0.9977199999999999,0.9660198019801981
LRPlayer,100,1000,2,200,0.55,0.9973250000000001,0.9717079207920792
LRPlayer,100,1000,2,200,0.55,0.9975950000000001,0.9677772277227722
LRPlayer,100,1000,2,200,0.55,0.9975400000000001,0.9868613861386138
LRPlayer,100,1000,2,200,0.55,0.9977450000000002,0.9871039603960398
LRPlayer,100,1000,2,200,0.55,0.9975449999999999,0.9741831683168317
LRPlayer,100,1000,2,200,0.55,0.9972550000000002,0.9929257425742576
LRPlayer,100,1000,2,200,0.55,0.99678,0.9844752475247525
LRPlayer,100,1000,2,200,0.55,0.9973949999999999,0.986450495049505
LRPlayer,100,1000,2,200,0.55,0.9977000000000001,0.9852772277227724
LRPlayer,100,1000,2,200,0.55,0.9975000000000002,0.9927524752475249
LRPlayer,100,1000,2,200,0.55,0.9974500000000001,0.9677821782178219
LRPlayer,100,1000,2,200,0.55,0.9972500000000001,0.9763069306930692
LRPlayer,100,1000,2,200,0.55,0.9974200000000002,0.9804257425742575
LRPlayer,100,1000,2,200,0.55,0.9974600000000001,0.9737920792079205
LRPlayer,100,1000,2,200,0.55,0.9972849999999999,0.9876386138613862
LRPlayer,100,1000,2,200,0.55,0.9973250000000001,0.9927376237623763
LRPlayer,100,1000,2,200,0.55,0.9976249999999999,0.9769752475247525
LRPlayer,100,1000,2,200,0.55,0.9976300000000002,0.9739405940594059
LRPlayer,100,1000,2,200,0.55,0.9975349999999998,0.9821138613861388
LRPlayer,100,1000,2,200,0.55,0.9974600000000001,0.9759900990099012
LRPlayer,100,1000,2,200,0.55,0.997205,0.9501138613861387
LRPlayer,100,1000,2,200,0.55,0.9977550000000001,0.9856782178217824
LRPlayer,100,1000,2,200,0.55,0.997315,0.9756881188118813
LRPlayer,100,1000,2,200,0.55,0.9972799999999998,0.9895841584158417
LRPlayer,100,1000,2,200,0.55,0.9972899999999999,0.9866237623762376
LRPlayer,100,1000,2,200,0.55,0.9975449999999999,0.9733811881188118
LRPlayer,100,1000,2,200,0.55,0.9975750000000002,0.9759851485148513
LRPlayer,100,1000,2,200,0.55,0.9974850000000001,0.99240099009901
MLPPlayer,100,1000,2,200,0.55,0.993835,0.9489356435643564
MLPPlayer,100,1000,2,200,0.55,0.9939150000000001,0.9732425742574259
MLPPlayer,100,1000,2,200,0.55,0.9940500000000001,0.9105247524752474
MLPPlayer,100,1000,2,200,0.55,0.9938700000000001,0.9667920792079207
MLPPlayer,100,1000,2,200,0.55,0.99387,0.9316831683168317
MLPPlayer,100,1000,2,200,0.55,0.9936249999999999,0.9728168316831682
MLPPlayer,100,1000,2,200,0.55,0.9939350000000003,0.922658415841584
MLPPlayer,100,1000,2,200,0.55,0.9934550000000002,0.9619653465346535
MLPPlayer,100,1000,2,200,0.55,0.9938800000000001,0.9733861386138614
MLPPlayer,100,1000,2,200,0.55,0.9934800000000001,0.8928019801980198
MLPPlayer,100,1000,2,200,0.55,0.992995,0.9671930693069308
MLPPlayer,100,1000,2,200,0.55,0.9933799999999999,0.9311683168316829
MLPPlayer,100,1000,2,200,0.55,0.99401,0.9794851485148517
MLPPlayer,100,1000,2,200,0.55,0.99324,0.9836237623762375
MLPPlayer,100,1000,2,200,0.55,0.993935,0.9585000000000001
MLPPlayer,100,1000,2,200,0.55,0.9935999999999998,0.9588415841584157
MLPPlayer,100,1000,2,200,0.55,0.9935300000000001,0.9637722772277229
MLPPlayer,100,1000,2,200,0.55,0.993375,0.978569306930693
MLPPlayer,100,1000,2,200,0.55,0.9935850000000002,0.9451831683168318
MLPPlayer,100,1000,2,200,0.55,0.9938049999999999,0.9664207920792078
MLPPlayer,100,1000,2,200,0.55,0.9940300000000001,0.9382475247524749
MLPPlayer,100,1000,2,200,0.55,0.9936,0.9379306930693069
MLPPlayer,100,1000,2,200,0.55,0.9942949999999999,0.907381188118812
MLPPlayer,100,1000,2,200,0.55,0.9936200000000003,0.9204950495049505
MLPPlayer,100,1000,2,200,0.55,0.9932850000000001,0.966509900990099
MLPPlayer,100,1000,2,200,0.55,0.9937549999999998,0.9884702970297029
MLPPlayer,100,1000,2,200,0.55,0.9941500000000001,0.9475445544554457
MLPPlayer,100,1000,2,200,0.55,0.9936400000000001,0.9780693069306932
MLPPlayer,100,1000,2,200,0.55,0.9939000000000001,0.9378316831683168
MLPPlayer,100,1000,2,200,0.55,0.9930899999999998,0.9454653465346532
MLPPlayer,100,1000,2,200,0.55,0.9934450000000001,0.9740247524752474
MLPPlayer,100,1000,2,200,0.55,0.9937100000000001,0.9554455445544554
MLPPlayer,100,1000,2,200,0.55,0.9937349999999999,0.9746683168316833
MLPPlayer,100,1000,2,200,0.55,0.9938450000000002,0.9647970297029702
MLPPlayer,100,1000,2,200,0.55,0.993535,0.9592920792079207
MLPPlayer,100,1000,2,200,0.55,0.9936600000000001,0.955029702970297
MLPPlayer,100,1000,2,200,0.55,0.9938850000000001,0.9670049504950495
MLPPlayer,100,1000,2,200,0.55,0.9935550000000001,0.9408366336633663
MLPPlayer,100,1000,2,200,0.55,0.9934149999999999,0.9461039603960396
MLPPlayer,100,1000,2,200,0.55,0.993785,0.944351485148515
MLPPlayer,100,1000,2,200,0.55,0.9932499999999999,0.9747524752475246
MLPPlayer,100,1000,2,200,0.55,0.9943099999999998,0.9482970297029703
MLPPlayer,100,1000,2,200,0.55,0.993935,0.958549504950495
MLPPlayer,100,1000,2,200,0.55,0.993905,0.960450495049505
MLPPlayer,100,1000,2,200,0.55,0.9938350000000001,0.979569306930693
MLPPlayer,100,1000,2,200,0.55,0.9942799999999998,0.9114752475247524
MLPPlayer,100,1000,2,200,0.55,0.99402,0.9755445544554455
MLPPlayer,100,1000,2,200,0.55,0.993335,0.9312821782178217
MLPPlayer,100,1000,2,200,0.55,0.9935250000000001,0.9772524752475246
MLPPlayer,100,1000,2,200,0.55,0.9932750000000001,0.970351485148515
MLPPlayer,100,1000,2,200,0.55,0.9938850000000001,0.9419158415841584
MLPPlayer,100,1000,2,200,0.55,0.9932900000000001,0.9505247524752478
MLPPlayer,100,1000,2,200,0.55,0.9941800000000001,0.9573168316831681
MLPPlayer,100,1000,2,200,0.55,0.9935250000000002,0.9707376237623763
MLPPlayer,100,1000,2,200,0.55,0.99396,0.9505742574257425
MLPPlayer,100,1000,2,200,0.55,0.9934100000000002,0.9769306930693068
MLPPlayer,100,1000,2,200,0.55,0.9936200000000001,0.9795742574257426
MLPPlayer,100,1000,2,200,0.55,0.99355,0.9417821782178217
MLPPlayer,100,1000,2,200,0.55,0.993755,0.9407277227722773
MLPPlayer,100,1000,2,200,0.55,0.9933500000000001,0.9508712871287129
MLPPlayer,100,1000,2,200,0.55,0.9937650000000002,0.9731534653465348
MLPPlayer,100,1000,2,200,0.55,0.9938199999999999,0.9176930693069308
MLPPlayer,100,1000,2,200,0.55,0.994285,0.9240940594059406
MLPPlayer,100,1000,2,200,0.55,0.9938800000000001,0.9680099009900989
MLPPlayer,100,1000,2,200,0.55,0.993855,0.9820049504950495
MLPPlayer,100,1000,2,200,0.55,0.99405,0.9592673267326731
MLPPlayer,100,1000,2,200,0.55,0.99377,0.9794752475247526
MLPPlayer,100,1000,2,200,0.55,0.9943400000000001,0.9112673267326732
MLPPlayer,100,1000,2,200,0.55,0.99344,0.9848613861386138
MLPPlayer,100,1000,2,200,0.55,0.99369,0.9729999999999999
MLPPlayer,100,1000,2,200,0.55,0.993675,0.9372821782178216
MLPPlayer,100,1000,2,200,0.55,0.9934050000000001,0.9819059405940596
MLPPlayer,100,1000,2,200,0.55,0.9936299999999999,0.9845148514851484
MLPPlayer,100,1000,2,200,0.55,0.9936450000000001,0.9646089108910892
MLPPlayer,100,1000,2,200,0.55,0.9935849999999999,0.9276980198019803
MLPPlayer,100,1000,2,200,0.55,0.99338,0.9836336633663366
MLPPlayer,100,1000,2,200,0.55,0.993815,0.9588366336633664
MLPPlayer,100,1000,2,200,0.55,0.993965,0.9393316831683167
MLPPlayer,100,1000,2,200,0.55,0.9937649999999999,0.9790940594059406
MLPPlayer,100,1000,2,200,0.55,0.9934450000000002,0.9523217821782178
MLPPlayer,100,1000,2,200,0.55,0.99401,0.9457029702970298
MLPPlayer,100,1000,2,200,0.55,0.99351,0.9703762376237622
MLPPlayer,100,1000,2,200,0.55,0.9931799999999998,0.9790693069306929
MLPPlayer,100,1000,2,200,0.55,0.99338,0.9850495049504953
MLPPlayer,100,1000,2,200,0.55,0.9941150000000002,0.9671237623762377
MLPPlayer,100,1000,2,200,0.55,0.99413,0.9633762376237623
MLPPlayer,100,1000,2,200,0.55,0.99385,0.9448217821782177
MLPPlayer,100,1000,2,200,0.55,0.9932050000000001,0.9812524752475247
MLPPlayer,100,1000,2,200,0.55,0.9939199999999999,0.9851683168316833
MLPPlayer,100,1000,2,200,0.55,0.9935349999999998,0.9924702970297029
MLPPlayer,100,1000,2,200,0.55,0.994065,0.9150247524752476
MLPPlayer,100,1000,2,200,0.55,0.9937649999999999,0.9623118811881187
MLPPlayer,100,1000,2,200,0.55,0.9936849999999998,0.9689851485148514
MLPPlayer,100,1000,2,200,0.55,0.99338,0.9378415841584158
MLPPlayer,100,1000,2,200,0.55,0.99339,0.9764653465346536
MLPPlayer,100,1000,2,200,0.55,0.993575,0.9465198019801981
LinearFunctionPlayer,100,1000,2,200,0.6,0.9968300000000001,0.9551782178217824
LinearFunctionPlayer,100,1000,2,200,0.6,0.9962350000000001,0.9948168316831684
LinearFunctionPlayer,100,1000,2,200,0.6,0.9964299999999998,0.9914752475247525
LinearFunctionPlayer,100,1000,2,200,0.6,0.9964850000000002,0.9861435643564358
LinearFunctionPlayer,100,1000,2,200,0.6,0.9967150000000001,0.9947376237623766
LinearFunctionPlayer,100,1000,2,200,0.6,0.9965599999999999,0.982891089108911
LinearFunctionPlayer,100,1000,2,200,0.6,0.9960450000000001,0.9684405940594057
LinearFunctionPlayer,100,1000,2,200,0.6,0.9968900000000004,0.9799702970297031
LinearFunctionPlayer,100,1000,2,200,0.6,0.9967600000000002,0.9693564356435642
LinearFunctionPlayer,100,1000,2,200,0.6,0.9965450000000001,0.9926386138613864
LinearFunctionPlayer,100,1000,2,200,0.6,0.99673,0.9751287128712871
LinearFunctionPlayer,100,1000,2,200,0.6,0.9967300000000001,0.9910891089108912
LinearFunctionPlayer,100,1000,2,200,0.6,0.996845,0.9838465346534653
LinearFunctionPlayer,100,1000,2,200,0.6,0.996345,0.9838168316831682
LinearFunctionPlayer,100,1000,2,200,0.6,0.9965200000000002,0.9904257425742578
LinearFunctionPlayer,100,1000,2,200,0.6,0.9967100000000002,0.9956633663366338
LinearFunctionPlayer,100,1000,2,200,0.6,0.996075,0.9798267326732673
LinearFunctionPlayer,100,1000,2,200,0.6,0.99634,0.986871287128713
LinearFunctionPlayer,100,1000,2,200,0.6,0.996545,0.9775396039603962
LinearFunctionPlayer,100,1000,2,200,0.6,0.9972200000000001,0.9894059405940593
LinearFunctionPlayer,100,1000,2,200,0.6,0.9966200000000002,0.9927227722772277
LinearFunctionPlayer,100,1000,2,200,0.6,0.9965950000000001,0.9932425742574258
LinearFunctionPlayer,100,1000,2,200,0.6,0.99724,0.9828217821782179
LinearFunctionPlayer,100,1000,2,200,0.6,0.9970149999999998,0.9891534653465348
LinearFunctionPlayer,100,1000,2,200,0.6,0.9965199999999999,0.9546633663366336
LinearFunctionPlayer,100,1000,2,200,0.6,0.9969750000000001,0.9868861386138614
LinearFunctionPlayer,100,1000,2,200,0.6,0.9967200000000002,0.990841584158416
LinearFunctionPlayer,100,1000,2,200,0.6,0.9967950000000002,0.9699455445544555
LinearFunctionPlayer,100,1000,2,200,0.6,0.996585,0.9841336633663367
LinearFunctionPlayer,100,1000,2,200,0.6,0.996025,0.9936980198019802
LinearFunctionPlayer,100,1000,2,200,0.6,0.99623,0.9893168316831685
LinearFunctionPlayer,100,1000,2,200,0.6,0.9967200000000002,0.9894158415841585
LinearFunctionPlayer,100,1000,2,200,0.6,0.996415,0.9817970297029702
LinearFunctionPlayer,100,1000,2,200,0.6,0.9967050000000001,0.9831138613861387
LinearFunctionPlayer,100,1000,2,200,0.6,0.99702,0.9938811881188119
LinearFunctionPlayer,100,1000,2,200,0.6,0.9966600000000001,0.9876237623762376
LinearFunctionPlayer,100,1000,2,200,0.6,0.9973049999999999,0.9879554455445545
LinearFunctionPlayer,100,1000,2,200,0.6,0.9973000000000001,0.9793762376237624
LinearFunctionPlayer,100,1000,2,200,0.6,0.9968499999999999,0.9873168316831684
LinearFunctionPlayer,100,1000,2,200,0.6,0.99664,0.95890099009901
LinearFunctionPlayer,100,1000,2,200,0.6,0.9961600000000002,0.972128712871287
LinearFunctionPlayer,100,1000,2,200,0.6,0.9961200000000001,0.9775247524752477
LinearFunctionPlayer,100,1000,2,200,0.6,0.9964750000000001,0.9762821782178218
LinearFunctionPlayer,100,1000,2,200,0.6,0.9967050000000001,0.9908861386138614
LinearFunctionPlayer,100,1000,2,200,0.6,0.99649,0.9939603960396038
LinearFunctionPlayer,100,1000,2,200,0.6,0.9967800000000002,0.9904059405940595
LinearFunctionPlayer,100,1000,2,200,0.6,0.9965900000000002,0.9926237623762376
LinearFunctionPlayer,100,1000,2,200,0.6,0.9966000000000003,0.9857920792079208
LinearFunctionPlayer,100,1000,2,200,0.6,0.9971300000000002,0.961138613861386
LinearFunctionPlayer,100,1000,2,200,0.6,0.99637,0.9841584158415844
LinearFunctionPlayer,100,1000,2,200,0.6,0.9967750000000002,0.9659554455445544
LinearFunctionPlayer,100,1000,2,200,0.6,0.9965200000000002,0.9923564356435645
LinearFunctionPlayer,100,1000,2,200,0.6,0.9966400000000002,0.9933366336633663
LinearFunctionPlayer,100,1000,2,200,0.6,0.99688,0.9864059405940595
LinearFunctionPlayer,100,1000,2,200,0.6,0.9965700000000001,0.994930693069307
LinearFunctionPlayer,100,1000,2,200,0.6,0.9965800000000001,0.9835445544554458
LinearFunctionPlayer,100,1000,2,200,0.6,0.9963350000000001,0.9908366336633664
LinearFunctionPlayer,100,1000,2,200,0.6,0.9965050000000002,0.9875990099009901
LinearFunctionPlayer,100,1000,2,200,0.6,0.9969450000000002,0.9947178217821782
LinearFunctionPlayer,100,1000,2,200,0.6,0.996365,0.9449257425742573
LinearFunctionPlayer,100,1000,2,200,0.6,0.9967200000000002,0.9828910891089107
LinearFunctionPlayer,100,1000,2,200,0.6,0.996735,0.99040099009901
LinearFunctionPlayer,100,1000,2,200,0.6,0.9965949999999999,0.9933514851485149
LinearFunctionPlayer,100,1000,2,200,0.6,0.9960300000000002,0.9702772277227724
LinearFunctionPlayer,100,1000,2,200,0.6,0.99655,0.9860594059405942
LinearFunctionPlayer,100,1000,2,200,0.6,0.9968150000000001,0.9899158415841586
LinearFunctionPlayer,100,1000,2,200,0.6,0.9965849999999999,0.9953811881188122
LinearFunctionPlayer,100,1000,2,200,0.6,0.9969700000000001,0.9899009900990099
LinearFunctionPlayer,100,1000,2,200,0.6,0.9970250000000002,0.9904900990099009
LinearFunctionPlayer,100,1000,2,200,0.6,0.9962350000000002,0.9822227722772277
LinearFunctionPlayer,100,1000,2,200,0.6,0.9966349999999999,0.9607079207920795
LinearFunctionPlayer,100,1000,2,200,0.6,0.9964849999999998,0.9666782178217821
LinearFunctionPlayer,100,1000,2,200,0.6,0.9963099999999998,0.9907029702970298
LinearFunctionPlayer,100,1000,2,200,0.6,0.9971800000000002,0.9934851485148516
LinearFunctionPlayer,100,1000,2,200,0.6,0.9967149999999999,0.9652722772277227
LinearFunctionPlayer,100,1000,2,200,0.6,0.9962500000000002,0.9561683168316832
LinearFunctionPlayer,100,1000,2,200,0.6,0.9968650000000002,0.9631930693069305
LinearFunctionPlayer,100,1000,2,200,0.6,0.9961850000000001,0.989460396039604
LinearFunctionPlayer,100,1000,2,200,0.6,0.9959600000000001,0.9858118811881187
LinearFunctionPlayer,100,1000,2,200,0.6,0.99677,0.9897227722772277
LinearFunctionPlayer,100,1000,2,200,0.6,0.9965150000000003,0.9571237623762376
LinearFunctionPlayer,100,1000,2,200,0.6,0.9966550000000001,0.9825297029702972
LinearFunctionPlayer,100,1000,2,200,0.6,0.9964600000000001,0.9944257425742574
LinearFunctionPlayer,100,1000,2,200,0.6,0.9961150000000002,0.9919158415841585
LinearFunctionPlayer,100,1000,2,200,0.6,0.9963750000000001,0.9882227722772277
LinearFunctionPlayer,100,1000,2,200,0.6,0.9961999999999999,0.9864158415841585
LinearFunctionPlayer,100,1000,2,200,0.6,0.9963750000000001,0.9765594059405943
LinearFunctionPlayer,100,1000,2,200,0.6,0.9965949999999999,0.964381188118812
LinearFunctionPlayer,100,1000,2,200,0.6,0.9966500000000003,0.9944455445544556
LinearFunctionPlayer,100,1000,2,200,0.6,0.9967599999999999,0.9939108910891088
LinearFunctionPlayer,100,1000,2,200,0.6,0.9969400000000002,0.9891089108910893
LinearFunctionPlayer,100,1000,2,200,0.6,0.9971500000000002,0.9915445544554456
LinearFunctionPlayer,100,1000,2,200,0.6,0.9966300000000001,0.9720396039603959
LinearFunctionPlayer,100,1000,2,200,0.6,0.9966950000000003,0.994589108910891
LinearFunctionPlayer,100,1000,2,200,0.6,0.996505,0.9772920792079208
LinearFunctionPlayer,100,1000,2,200,0.6,0.99689,0.990257425742574
LinearFunctionPlayer,100,1000,2,200,0.6,0.99708,0.9885841584158417
LinearFunctionPlayer,100,1000,2,200,0.6,0.9965549999999999,0.9918861386138617
LinearFunctionPlayer,100,1000,2,200,0.6,0.9970550000000001,0.9933217821782178
LinearFunctionPlayer,100,1000,2,200,0.6,0.9968300000000002,0.9771782178217824
SigmoidPlayer,100,1000,2,200,0.6,0.99726,0.9822277227722772
SigmoidPlayer,100,1000,2,200,0.6,0.99723,0.9816534653465349
SigmoidPlayer,100,1000,2,200,0.6,0.99724,0.9910000000000002
SigmoidPlayer,100,1000,2,200,0.6,0.9968300000000001,0.9665544554455447
SigmoidPlayer,100,1000,2,200,0.6,0.9973300000000003,0.9810594059405943
SigmoidPlayer,100,1000,2,200,0.6,0.9969899999999999,0.9877821782178219
SigmoidPlayer,100,1000,2,200,0.6,0.99692,0.9692871287128714
SigmoidPlayer,100,1000,2,200,0.6,0.9973099999999999,0.9787524752475248
SigmoidPlayer,100,1000,2,200,0.6,0.9969900000000002,0.9806039603960396
SigmoidPlayer,100,1000,2,200,0.6,0.9970400000000003,0.9917227722772278
SigmoidPlayer,100,1000,2,200,0.6,0.99697,0.9767425742574258
SigmoidPlayer,100,1000,2,200,0.6,0.9972500000000001,0.9312277227722773
SigmoidPlayer,100,1000,2,200,0.6,0.9971000000000002,0.9737722772277227
SigmoidPlayer,100,1000,2,200,0.6,0.99702,0.9677920792079208
SigmoidPlayer,100,1000,2,200,0.6,0.9972500000000002,0.9671188118811881
SigmoidPlayer,100,1000,2,200,0.6,0.9969100000000001,0.9630396039603961
SigmoidPlayer,100,1000,2,200,0.6,0.9974100000000001,0.9813762376237627
SigmoidPlayer,100,1000,2,200,0.6,0.9973000000000001,0.9942970297029702
SigmoidPlayer,100,1000,2,200,0.6,0.9970899999999999,0.9876633663366339
SigmoidPlayer,100,1000,2,200,0.6,0.99702,0.9895445544554454
SigmoidPlayer,100,1000,2,200,0.6,0.9970300000000001,0.9843069306930695
SigmoidPlayer,100,1000,2,200,0.6,0.9970500000000002,0.9862772277227723
SigmoidPlayer,100,1000,2,200,0.6,0.9970100000000001,0.9882772277227723
SigmoidPlayer,100,1000,2,200,0.6,0.9970699999999999,0.9946039603960398
SigmoidPlayer,100,1000,2,200,0.6,0.99736,0.9831188118811881
SigmoidPlayer,100,1000,2,200,0.6,0.9975300000000001,0.9892574257425745
SigmoidPlayer,100,1000,2,200,0.6,0.9971500000000002,0.9616930693069307
SigmoidPlayer,100,1000,2,200,0.6,0.9974700000000002,0.9767128712871288
SigmoidPlayer,100,1000,2,200,0.6,0.9972099999999999,0.9571683168316831
SigmoidPlayer,100,1000,2,200,0.6,0.9968600000000001,0.9639603960396038
SigmoidPlayer,100,1000,2,200,0.6,0.9972799999999999,0.9842673267326733
SigmoidPlayer,100,1000,2,200,0.6,0.9971400000000002,0.990891089108911
SigmoidPlayer,100,1000,2,200,0.6,0.9970200000000002,0.9810396039603961
SigmoidPlayer,100,1000,2,200,0.6,0.9969800000000001,0.982019801980198
SigmoidPlayer,100,1000,2,200,0.6,0.9974800000000001,0.9513960396039604
SigmoidPlayer,100,1000,2,200,0.6,0.99725,0.9778019801980198
SigmoidPlayer,100,1000,2,200,0.6,0.9972300000000002,0.9892871287128715
SigmoidPlayer,100,1000,2,200,0.6,0.9976200000000003,0.9814059405940594
SigmoidPlayer,100,1000,2,200,0.6,0.9972400000000001,0.9645049504950497
SigmoidPlayer,100,1000,2,200,0.6,0.9965600000000001,0.919089108910891
SigmoidPlayer,100,1000,2,200,0.6,0.9971000000000001,0.9679207920792081
SigmoidPlayer,100,1000,2,200,0.6,0.9970700000000001,0.9908217821782179
SigmoidPlayer,100,1000,2,200,0.6,0.99725,0.9934356435643567
SigmoidPlayer,100,1000,2,200,0.6,0.9972,0.9870792079207922
SigmoidPlayer,100,1000,2,200,0.6,0.9974350000000001,0.9947277227722774
SigmoidPlayer,100,1000,2,200,0.6,0.9972000000000001,0.9721782178217822
SigmoidPlayer,100,1000,2,200,0.6,0.99733,0.9791287128712873
SigmoidPlayer,100,1000,2,200,0.6,0.9970800000000001,0.9656732673267326
SigmoidPlayer,100,1000,2,200,0.6,0.9969000000000002,0.9585841584158415
SigmoidPlayer,100,1000,2,200,0.6,0.9972000000000001,0.991881188118812
SigmoidPlayer,100,1000,2,200,0.6,0.9970600000000001,0.972059405940594
SigmoidPlayer,100,1000,2,200,0.6,0.9976349999999999,0.9794009900990099
SigmoidPlayer,100,1000,2,200,0.6,0.99714,0.9796138613861386
SigmoidPlayer,100,1000,2,200,0.6,0.9974299999999999,0.9644059405940594
SigmoidPlayer,100,1000,2,200,0.6,0.9973499999999998,0.9685346534653468
SigmoidPlayer,100,1000,2,200,0.6,0.9974400000000003,0.9915049504950496
SigmoidPlayer,100,1000,2,200,0.6,0.9970800000000001,0.9756534653465346
SigmoidPlayer,100,1000,2,200,0.6,0.99721,0.967069306930693
SigmoidPlayer,100,1000,2,200,0.6,0.9970000000000002,0.9927821782178219
SigmoidPlayer,100,1000,2,200,0.6,0.9972500000000001,0.9890000000000002
SigmoidPlayer,100,1000,2,200,0.6,0.9973200000000003,0.9722475247524752
SigmoidPlayer,100,1000,2,200,0.6,0.9970500000000001,0.9939405940594062
SigmoidPlayer,100,1000,2,200,0.6,0.9973700000000001,0.9746435643564357
SigmoidPlayer,100,1000,2,200,0.6,0.9969099999999999,0.9701881188118814
SigmoidPlayer,100,1000,2,200,0.6,0.9971700000000001,0.978881188118812
SigmoidPlayer,100,1000,2,200,0.6,0.9976549999999998,0.9806386138613863
SigmoidPlayer,100,1000,2,200,0.6,0.9973000000000001,0.9881188118811881
SigmoidPlayer,100,1000,2,200,0.6,0.9975200000000001,0.9804851485148515
SigmoidPlayer,100,1000,2,200,0.6,0.997,0.9775247524752476
SigmoidPlayer,100,1000,2,200,0.6,0.9975400000000001,0.9835445544554456
SigmoidPlayer,100,1000,2,200,0.6,0.9975400000000003,0.9741386138613862
SigmoidPlayer,100,1000,2,200,0.6,0.9973400000000001,0.9841683168316834
SigmoidPlayer,100,1000,2,200,0.6,0.9967700000000002,0.9839207920792081
SigmoidPlayer,100,1000,2,200,0.6,0.9972200000000003,0.9620495049504952
SigmoidPlayer,100,1000,2,200,0.6,0.9969800000000001,0.9947326732673267
SigmoidPlayer,100,1000,2,200,0.6,0.9975200000000001,0.9872277227722773
SigmoidPlayer,100,1000,2,200,0.6,0.99689,0.9885247524752476
SigmoidPlayer,100,1000,2,200,0.6,0.9974600000000002,0.9780891089108908
SigmoidPlayer,100,1000,2,200,0.6,0.9975600000000003,0.990891089108911
SigmoidPlayer,100,1000,2,200,0.6,0.9971500000000002,0.9950990099009902
SigmoidPlayer,100,1000,2,200,0.6,0.9971400000000001,0.9822079207920794
SigmoidPlayer,100,1000,2,200,0.6,0.9973500000000002,0.9781980198019804
SigmoidPlayer,100,1000,2,200,0.6,0.9972900000000002,0.9756138613861387
SigmoidPlayer,100,1000,2,200,0.6,0.9972200000000001,0.9679108910891091
SigmoidPlayer,100,1000,2,200,0.6,0.9973400000000001,0.9764455445544555
SigmoidPlayer,100,1000,2,200,0.6,0.9974200000000001,0.9821683168316832
SigmoidPlayer,100,1000,2,200,0.6,0.9973200000000001,0.964831683168317
SigmoidPlayer,100,1000,2,200,0.6,0.99705,0.9854950495049507
SigmoidPlayer,100,1000,2,200,0.6,0.9971400000000001,0.9831287128712873
SigmoidPlayer,100,1000,2,200,0.6,0.9973100000000001,0.9759306930693071
SigmoidPlayer,100,1000,2,200,0.6,0.99674,0.9614356435643566
SigmoidPlayer,100,1000,2,200,0.6,0.99723,0.9634950495049506
SigmoidPlayer,100,1000,2,200,0.6,0.99702,0.9885148514851487
SigmoidPlayer,100,1000,2,200,0.6,0.9973800000000002,0.9893069306930696
SigmoidPlayer,100,1000,2,200,0.6,0.99721,0.9876138613861387
SigmoidPlayer,100,1000,2,200,0.6,0.99696,0.9873267326732676
SigmoidPlayer,100,1000,2,200,0.6,0.9975200000000001,0.986752475247525
SigmoidPlayer,100,1000,2,200,0.6,0.9971600000000003,0.970188118811881
SigmoidPlayer,100,1000,2,200,0.6,0.9969000000000002,0.9856732673267328
SigmoidPlayer,100,1000,2,200,0.6,0.99715,0.9902871287128714
LRPlayer,100,1000,2,200,0.6,0.9974250000000001,0.9747772277227723
LRPlayer,100,1000,2,200,0.6,0.997355,0.9803811881188118
LRPlayer,100,1000,2,200,0.6,0.997,0.9898217821782178
LRPlayer,100,1000,2,200,0.6,0.9971099999999998,0.9869108910891089
LRPlayer,100,1000,2,200,0.6,0.9971599999999999,0.9913267326732674
LRPlayer,100,1000,2,200,0.6,0.9972700000000002,0.9675049504950496
LRPlayer,100,1000,2,200,0.6,0.99676,0.9912178217821782
LRPlayer,100,1000,2,200,0.6,0.9971949999999999,0.9879554455445546
LRPlayer,100,1000,2,200,0.6,0.9965799999999999,0.9773168316831682
LRPlayer,100,1000,2,200,0.6,0.9974800000000001,0.9864950495049507
LRPlayer,100,1000,2,200,0.6,0.9972799999999999,0.9644653465346537
LRPlayer,100,1000,2,200,0.6,0.9971800000000002,0.9917524752475246
LRPlayer,100,1000,2,200,0.6,0.9973250000000001,0.9639950495049507
LRPlayer,100,1000,2,200,0.6,0.996625,0.9780247524752474
LRPlayer,100,1000,2,200,0.6,0.9972000000000001,0.9728910891089111
LRPlayer,100,1000,2,200,0.6,0.9970800000000001,0.9938217821782177
LRPlayer,100,1000,2,200,0.6,0.9971150000000002,0.9735693069306932
LRPlayer,100,1000,2,200,0.6,0.9969800000000001,0.9884059405940595
LRPlayer,100,1000,2,200,0.6,0.9968100000000001,0.9579801980198018
LRPlayer,100,1000,2,200,0.6,0.9971400000000001,0.9872376237623763
LRPlayer,100,1000,2,200,0.6,0.9966849999999999,0.9815594059405942
LRPlayer,100,1000,2,200,0.6,0.9972550000000001,0.9941336633663368
LRPlayer,100,1000,2,200,0.6,0.9969600000000001,0.9841188118811882
LRPlayer,100,1000,2,200,0.6,0.9971049999999999,0.9878762376237623
LRPlayer,100,1000,2,200,0.6,0.9962400000000002,0.9428217821782178
LRPlayer,100,1000,2,200,0.6,0.9971550000000002,0.9818861386138614
LRPlayer,100,1000,2,200,0.6,0.997275,0.9885792079207921
LRPlayer,100,1000,2,200,0.6,0.9971900000000001,0.9890099009900991
LRPlayer,100,1000,2,200,0.6,0.9970050000000004,0.9935099009900993
LRPlayer,100,1000,2,200,0.6,0.9972249999999999,0.9939554455445544
LRPlayer,100,1000,2,200,0.6,0.9968950000000001,0.9736881188118813
LRPlayer,100,1000,2,200,0.6,0.9969900000000002,0.9829207920792078
LRPlayer,100,1000,2,200,0.6,0.9970950000000002,0.9906881188118812
LRPlayer,100,1000,2,200,0.6,0.9967950000000001,0.9848960396039604
LRPlayer,100,1000,2,200,0.6,0.9971100000000002,0.9846138613861387
LRPlayer,100,1000,2,200,0.6,0.997245,0.9923712871287129
LRPlayer,100,1000,2,200,0.6,0.9968,0.978118811881188
LRPlayer,100,1000,2,200,0.6,0.996925,0.9877970297029702
LRPlayer,100,1000,2,200,0.6,0.9971600000000003,0.9785940594059407
LRPlayer,100,1000,2,200,0.6,0.9969100000000002,0.9754950495049507
LRPlayer,100,1000,2,200,0.6,0.9969049999999998,0.9863019801980197
LRPlayer,100,1000,2,200,0.6,0.99694,0.9868514851485147
LRPlayer,100,1000,2,200,0.6,0.9966400000000002,0.9884653465346536
LRPlayer,100,1000,2,200,0.6,0.9970700000000001,0.9793465346534656
LRPlayer,100,1000,2,200,0.6,0.9967550000000002,0.9779950495049506
LRPlayer,100,1000,2,200,0.6,0.9971099999999999,0.9855841584158417
LRPlayer,100,1000,2,200,0.6,0.99716,0.9892574257425744
LRPlayer,100,1000,2,200,0.6,0.997085,0.9871831683168318
LRPlayer,100,1000,2,200,0.6,0.9972200000000001,0.9747524752475246
LRPlayer,100,1000,2,200,0.6,0.9968799999999999,0.971118811881188
LRPlayer,100,1000,2,200,0.6,0.9974,0.9876336633663368
LRPlayer,100,1000,2,200,0.6,0.9969000000000001,0.9810495049504951
LRPlayer,100,1000,2,200,0.6,0.9970950000000003,0.9813712871287128
LRPlayer,100,1000,2,200,0.6,0.9976349999999999,0.9958762376237625
LRPlayer,100,1000,2,200,0.6,0.9974850000000001,0.9875990099009903
LRPlayer,100,1000,2,200,0.6,0.99725,0.9620099009900991
LRPlayer,100,1000,2,200,0.6,0.9973899999999999,0.9782475247524752
LRPlayer,100,1000,2,200,0.6,0.9971749999999999,0.9933415841584157
LRPlayer,100,1000,2,200,0.6,0.9973750000000001,0.9880940594059406
LRPlayer,100,1000,2,200,0.6,0.996915,0.9830841584158417
LRPlayer,100,1000,2,200,0.6,0.9975900000000002,0.981950495049505
LRPlayer,100,1000,2,200,0.6,0.99714,0.9668415841584158
LRPlayer,100,1000,2,200,0.6,0.996545,0.9678366336633664
LRPlayer,100,1000,2,200,0.6,0.997205,0.9876386138613862
LRPlayer,100,1000,2,200,0.6,0.9974850000000002,0.9742920792079208
LRPlayer,100,1000,2,200,0.6,0.9972349999999999,0.9819653465346535
LRPlayer,100,1000,2,200,0.6,0.996765,0.9793316831683168
LRPlayer,100,1000,2,200,0.6,0.997435,0.9719059405940593
LRPlayer,100,1000,2,200,0.6,0.9969900000000002,0.9816534653465347
LRPlayer,100,1000,2,200,0.6,0.997295,0.9939851485148514
LRPlayer,100,1000,2,200,0.6,0.9969750000000001,0.9711435643564355
LRPlayer,100,1000,2,200,0.6,0.9971700000000001,0.9897821782178218
LRPlayer,100,1000,2,200,0.6,0.997385,0.9890148514851487
LRPlayer,100,1000,2,200,0.6,0.9974950000000001,0.9900940594059404
LRPlayer,100,1000,2,200,0.6,0.99702,0.9917722772277229
LRPlayer,100,1000,2,200,0.6,0.997045,0.9944108910891091
LRPlayer,100,1000,2,200,0.6,0.9967800000000001,0.9812673267326735
LRPlayer,100,1000,2,200,0.6,0.9972400000000001,0.9900594059405943
LRPlayer,100,1000,2,200,0.6,0.99685,0.9915544554455447
LRPlayer,100,1000,2,200,0.6,0.9975250000000001,0.9936287128712874
LRPlayer,100,1000,2,200,0.6,0.9970950000000001,0.9715297029702971
LRPlayer,100,1000,2,200,0.6,0.9968399999999998,0.9812178217821783
LRPlayer,100,1000,2,200,0.6,0.9970150000000002,0.9895
LRPlayer,100,1000,2,200,0.6,0.9974799999999999,0.9893069306930691
LRPlayer,100,1000,2,200,0.6,0.9972850000000001,0.989480198019802
LRPlayer,100,1000,2,200,0.6,0.997245,0.9840445544554458
LRPlayer,100,1000,2,200,0.6,0.9968800000000002,0.9731683168316831
LRPlayer,100,1000,2,200,0.6,0.996865,0.9675693069306931
LRPlayer,100,1000,2,200,0.6,0.9969350000000001,0.9864603960396039
LRPlayer,100,1000,2,200,0.6,0.9968950000000001,0.9662722772277228
LRPlayer,100,1000,2,200,0.6,0.9970600000000001,0.9883564356435643
LRPlayer,100,1000,2,200,0.6,0.99715,0.9854257425742575
LRPlayer,100,1000,2,200,0.6,0.997285,0.9911336633663368
LRPlayer,100,1000,2,200,0.6,0.996865,0.9915990099009903
LRPlayer,100,1000,2,200,0.6,0.99733,0.9810099009900991
LRPlayer,100,1000,2,200,0.6,0.9970850000000001,0.984321782178218
LRPlayer,100,1000,2,200,0.6,0.997115,0.9890049504950498
LRPlayer,100,1000,2,200,0.6,0.9974000000000003,0.9947722772277229
LRPlayer,100,1000,2,200,0.6,0.99682,0.9840990099009902
LRPlayer,100,1000,2,200,0.6,0.9968100000000001,0.980871287128713
MLPPlayer,100,1000,2,200,0.6,0.991465,0.8974207920792079
MLPPlayer,100,1000,2,200,0.6,0.9904550000000001,0.9766584158415843
MLPPlayer,100,1000,2,200,0.6,0.9905950000000001,0.9755099009900988
MLPPlayer,100,1000,2,200,0.6,0.99066,0.9684356435643565
MLPPlayer,100,1000,2,200,0.6,0.9905149999999999,0.9629653465346535
MLPPlayer,100,1000,2,200,0.6,0.9908900000000002,0.987841584158416
MLPPlayer,100,1000,2,200,0.6,0.9911,0.9710693069306929
MLPPlayer,100,1000,2,200,0.6,0.99101,0.9404257425742576
MLPPlayer,100,1000,2,200,0.6,0.9907299999999999,0.9683465346534654
MLPPlayer,100,1000,2,200,0.6,0.99083,0.9814455445544555
MLPPlayer,100,1000,2,200,0.6,0.9900450000000001,0.9826485148514852
MLPPlayer,100,1000,2,200,0.6,0.9914100000000002,0.9280891089108911
MLPPlayer,100,1000,2,200,0.6,0.9910899999999999,0.9724455445544553
MLPPlayer,100,1000,2,200,0.6,0.9909300000000001,0.9858415841584156
MLPPlayer,100,1000,2,200,0.6,0.9912449999999999,0.9280940594059406
MLPPlayer,100,1000,2,200,0.6,0.9905900000000003,0.9428316831683168
MLPPlayer,100,1000,2,200,0.6,0.9905450000000002,0.9561732673267328
MLPPlayer,100,1000,2,200,0.6,0.9911200000000002,0.9447821782178218
MLPPlayer,100,1000,2,200,0.6,0.9904400000000001,0.9759900990099012
MLPPlayer,100,1000,2,200,0.6,0.99047,0.9735247524752476
MLPPlayer,100,1000,2,200,0.6,0.9900800000000001,0.9759603960396039
MLPPlayer,100,1000,2,200,0.6,0.9910350000000001,0.9699059405940593
MLPPlayer,100,1000,2,200,0.6,0.9911050000000001,0.9821732673267327
MLPPlayer,100,1000,2,200,0.6,0.991145,0.9320247524752475
MLPPlayer,100,1000,2,200,0.6,0.9902,0.9829306930693071
MLPPlayer,100,1000,2,200,0.6,0.9906750000000001,0.9559554455445544
MLPPlayer,100,1000,2,200,0.6,0.9904150000000002,0.9737277227722773
MLPPlayer,100,1000,2,200,0.6,0.9903799999999999,0.9783267326732674
MLPPlayer,100,1000,2,200,0.6,0.9911650000000001,0.9530049504950496
MLPPlayer,100,1000,2,200,0.6,0.990475,0.9486089108910891
MLPPlayer,100,1000,2,200,0.6,0.9911100000000002,0.9741683168316834
MLPPlayer,100,1000,2,200,0.6,0.99143,0.9436732673267327
MLPPlayer,100,1000,2,200,0.6,0.9913500000000001,0.9559009900990101
MLPPlayer,100,1000,2,200,0.6,0.9905700000000003,0.9663663366336633
MLPPlayer,100,1000,2,200,0.6,0.99138,0.9256732673267327
MLPPlayer,100,1000,2,200,0.6,0.991025,0.963440594059406
MLPPlayer,100,1000,2,200,0.6,0.9908050000000002,0.9523217821782181
MLPPlayer,100,1000,2,200,0.6,0.9905700000000002,0.9889009900990101
MLPPlayer,100,1000,2,200,0.6,0.9906450000000001,0.9860346534653466
MLPPlayer,100,1000,2,200,0.6,0.9907150000000001,0.923252475247525
MLPPlayer,100,1000,2,200,0.6,0.99107,0.9434158415841587
MLPPlayer,100,1000,2,200,0.6,0.9906900000000001,0.9765346534653465
MLPPlayer,100,1000,2,200,0.6,0.990445,0.9167970297029706
MLPPlayer,100,1000,2,200,0.6,0.9903350000000002,0.981321782178218
MLPPlayer,100,1000,2,200,0.6,0.9910549999999999,0.9550940594059406
MLPPlayer,100,1000,2,200,0.6,0.9906200000000002,0.9810297029702969
MLPPlayer,100,1000,2,200,0.6,0.9908099999999999,0.9619801980198021
MLPPlayer,100,1000,2,200,0.6,0.9905449999999999,0.9880940594059408
MLPPlayer,100,1000,2,200,0.6,0.9908099999999999,0.9663960396039604
MLPPlayer,100,1000,2,200,0.6,0.99164,0.9680594059405939
MLPPlayer,100,1000,2,200,0.6,0.9904600000000002,0.9565049504950497
MLPPlayer,100,1000,2,200,0.6,0.991575,0.9168861386138615
MLPPlayer,100,1000,2,200,0.6,0.9909300000000001,0.9563168316831683
MLPPlayer,100,1000,2,200,0.6,0.9913850000000001,0.9335000000000002
MLPPlayer,100,1000,2,200,0.6,0.9912450000000002,0.9346089108910891
MLPPlayer,100,1000,2,200,0.6,0.9906999999999998,0.9605544554455446
MLPPlayer,100,1000,2,200,0.6,0.9907250000000001,0.9769158415841583
MLPPlayer,100,1000,2,200,0.6,0.990795,0.9705594059405939
MLPPlayer,100,1000,2,200,0.6,0.9912450000000002,0.9361831683168317
MLPPlayer,100,1000,2,200,0.6,0.9912200000000001,0.9792574257425742
MLPPlayer,100,1000,2,200,0.6,0.9910199999999999,0.9332475247524752
MLPPlayer,100,1000,2,200,0.6,0.99133,0.9215544554455445
MLPPlayer,100,1000,2,200,0.6,0.9913050000000002,0.9279059405940595
MLPPlayer,100,1000,2,200,0.6,0.9907,0.9657128712871288
MLPPlayer,100,1000,2,200,0.6,0.99071,0.9424059405940594
MLPPlayer,100,1000,2,200,0.6,0.9911250000000001,0.9126485148514851
MLPPlayer,100,1000,2,200,0.6,0.990895,0.9783217821782179
MLPPlayer,100,1000,2,200,0.6,0.99054,0.9683069306930694
MLPPlayer,100,1000,2,200,0.6,0.991135,0.9340841584158416
MLPPlayer,100,1000,2,200,0.6,0.9912000000000001,0.9524653465346534
MLPPlayer,100,1000,2,200,0.6,0.9907350000000003,0.9902425742574257
MLPPlayer,100,1000,2,200,0.6,0.9902250000000001,0.9437376237623762
MLPPlayer,100,1000,2,200,0.6,0.99102,0.9414059405940596
MLPPlayer,100,1000,2,200,0.6,0.9905500000000003,0.9326039603960395
MLPPlayer,100,1000,2,200,0.6,0.9900749999999999,0.9702425742574258
MLPPlayer,100,1000,2,200,0.6,0.9783449999999999,0.8180445544554455
MLPPlayer,100,1000,2,200,0.6,0.9910200000000002,0.8924851485148515
MLPPlayer,100,1000,2,200,0.6,0.9913749999999999,0.9332029702970297
MLPPlayer,100,1000,2,200,0.6,0.9906600000000002,0.9798910891089109
MLPPlayer,100,1000,2,200,0.6,0.9906050000000002,0.9661534653465346
MLPPlayer,100,1000,2,200,0.6,0.9909200000000001,0.9654455445544553
MLPPlayer,100,1000,2,200,0.6,0.9917500000000001,0.9411188118811881
MLPPlayer,100,1000,2,200,0.6,0.9906900000000001,0.9649900990099011
MLPPlayer,100,1000,2,200,0.6,0.9905950000000001,0.9805297029702972
MLPPlayer,100,1000,2,200,0.6,0.9911150000000001,0.9601732673267326
MLPPlayer,100,1000,2,200,0.6,0.9906450000000001,0.939232673267327
MLPPlayer,100,1000,2,200,0.6,0.9912350000000001,0.888549504950495
MLPPlayer,100,1000,2,200,0.6,0.99091,0.9401584158415842
MLPPlayer,100,1000,2,200,0.6,0.99114,0.9617425742574258
MLPPlayer,100,1000,2,200,0.6,0.9908399999999999,0.989782178217822
MLPPlayer,100,1000,2,200,0.6,0.9902150000000001,0.9648366336633665
MLPPlayer,100,1000,2,200,0.6,0.9913200000000001,0.9162178217821784
MLPPlayer,100,1000,2,200,0.6,0.9911800000000001,0.9503069306930694
MLPPlayer,100,1000,2,200,0.6,0.990205,0.9603118811881188
MLPPlayer,100,1000,2,200,0.6,0.99021,0.9715544554455446
MLPPlayer,100,1000,2,200,0.6,0.991275,0.9544603960396039
MLPPlayer,100,1000,2,200,0.6,0.9904900000000001,0.9650396039603961
Player,100,1000,2,200,0.65,0.9908250000000001,0.9824702970297029
Player,100,1000,2,200,0.65,0.9909699999999999,0.9877227722772279
Player,100,1000,2,200,0.65,0.9910800000000001,0.981247524752475
Player,100,1000,2,200,0.65,0.9903450000000003,0.9787871287128712
Player,100,1000,2,200,0.65,0.9904800000000001,0.9848712871287129
Player,100,1000,2,200,0.65,0.9907350000000003,0.9906188118811882
Player,100,1000,2,200,0.65,0.9909450000000001,0.979628712871287
Player,100,1000,2,200,0.65,0.99063,0.9861881188118811
Player,100,1000,2,200,0.65,0.9907900000000001,0.9627227722772279
Player,100,1000,2,200,0.65,0.9907350000000001,0.967638613861386
Player,100,1000,2,200,0.65,0.9908800000000001,0.9633663366336634
Player,100,1000,2,200,0.65,0.9910599999999999,0.9824752475247523
Player,100,1000,2,200,0.65,0.99107,0.9751188118811881
Player,100,1000,2,200,0.65,0.9899,0.9594158415841584
Player,100,1000,2,200,0.65,0.9908950000000002,0.9718960396039605
Player,100,1000,2,200,0.65,0.99059,0.9432772277227723
Player,100,1000,2,200,0.65,0.9907000000000002,0.985910891089109
Player,100,1000,2,200,0.65,0.9912350000000001,0.9864405940594059
Player,100,1000,2,200,0.65,0.9909600000000001,0.9723465346534654
Player,100,1000,2,200,0.65,0.9911600000000002,0.9924851485148516
Player,100,1000,2,200,0.65,0.9899000000000001,0.9781485148514852
Player,100,1000,2,200,0.65,0.990715,0.9670148514851488
Player,100,1000,2,200,0.65,0.9902050000000001,0.9749554455445545
Player,100,1000,2,200,0.65,0.9903750000000002,0.9854603960396039
Player,100,1000,2,200,0.65,0.9909550000000001,0.9549851485148515
Player,100,1000,2,200,0.65,0.9902200000000002,0.9821980198019802
Player,100,1000,2,200,0.65,0.9910150000000002,0.969470297029703
Player,100,1000,2,200,0.65,0.9909699999999999,0.9580990099009901
Player,100,1000,2,200,0.65,0.9910850000000001,0.9748168316831683
Player,100,1000,2,200,0.65,0.9906450000000002,0.9524603960396041
Player,100,1000,2,200,0.65,0.99041,0.9563564356435643
Player,100,1000,2,200,0.65,0.990745,0.9792623762376239
Player,100,1000,2,200,0.65,0.9908499999999999,0.9811485148514854
Player,100,1000,2,200,0.65,0.9901500000000002,0.9613069306930692
Player,100,1000,2,200,0.65,0.9895300000000001,0.9637623762376238
Player,100,1000,2,200,0.65,0.991035,0.9311930693069308
Player,100,1000,2,200,0.65,0.9911600000000002,0.9860891089108911
Player,100,1000,2,200,0.65,0.9906400000000001,0.9297623762376237
Player,100,1000,2,200,0.65,0.9905149999999999,0.9630049504950494
Player,100,1000,2,200,0.65,0.99126,0.9900396039603961
Player,100,1000,2,200,0.65,0.990345,0.9892227722772279
Player,100,1000,2,200,0.65,0.9903050000000002,0.9789554455445546
Player,100,1000,2,200,0.65,0.9907300000000001,0.9815742574257427
Player,100,1000,2,200,0.65,0.9905450000000002,0.9872623762376237
Player,100,1000,2,200,0.65,0.99084,0.9845346534653467
Player,100,1000,2,200,0.65,0.9911150000000002,0.9803514851485149
Player,100,1000,2,200,0.65,0.9913850000000001,0.9538960396039606
Player,100,1000,2,200,0.65,0.99016,0.9729009900990101
Player,100,1000,2,200,0.65,0.9905849999999999,0.9832722772277227
Player,100,1000,2,200,0.65,0.99072,0.9873168316831683
Player,100,1000,2,200,0.65,0.9906900000000002,0.9888415841584159
Player,100,1000,2,200,0.65,0.9910750000000002,0.988450495049505
Player,100,1000,2,200,0.65,0.9899249999999999,0.9911633663366338
Player,100,1000,2,200,0.65,0.99019,0.949891089108911
Player,100,1000,2,200,0.65,0.9907850000000002,0.9529257425742574
Player,100,1000,2,200,0.65,0.9901399999999999,0.9337920792079208
Player,100,1000,2,200,0.65,0.990235,0.9641633663366337
Player,100,1000,2,200,0.65,0.98937,0.9643663366336633
Player,100,1000,2,200,0.65,0.990955,0.972638613861386
Player,100,1000,2,200,0.65,0.9899150000000002,0.937628712871287
Player,100,1000,2,200,0.65,0.9907300000000001,0.965128712871287
Player,100,1000,2,200,0.65,0.9905750000000001,0.9818663366336634
Player,100,1000,2,200,0.65,0.98958,0.9703168316831683
Player,100,1000,2,200,0.65,0.9906950000000002,0.9579851485148514
Player,100,1000,2,200,0.65,0.9906099999999999,0.9853366336633664
Player,100,1000,2,200,0.65,0.99111,0.986009900990099
Player,100,1000,2,200,0.65,0.9901899999999999,0.9818316831683167
Player,100,1000,2,200,0.65,0.9902800000000004,0.9900000000000003
Player,100,1000,2,200,0.65,0.9904150000000002,0.9630346534653466
Player,100,1000,2,200,0.65,0.99119,0.9866237623762376
Player,100,1000,2,200,0.65,0.9902250000000001,0.986490099009901
Player,100,1000,2,200,0.65,0.9903800000000001,0.9651683168316831
Player,100,1000,2,200,0.65,0.9910850000000001,0.9789158415841585
Player,100,1000,2,200,0.65,0.990585,0.9709059405940592
Player,100,1000,2,200,0.65,0.9911249999999999,0.9842425742574258
Player,100,1000,2,200,0.65,0.9914000000000002,0.9704752475247523
Player,100,1000,2,200,0.65,0.99084,0.9829801980198021
Player,100,1000,2,200,0.65,0.990325,0.9532623762376239
Player,100,1000,2,200,0.65,0.99141,0.9915445544554456
Player,100,1000,2,200,0.65,0.9910100000000003,0.9882574257425741
Player,100,1000,2,200,0.65,0.9907199999999999,0.9715544554455446
Player,100,1000,2,200,0.65,0.9905600000000001,0.962207920792079
Player,100,1000,2,200,0.65,0.989915,0.9626683168316831
Player,100,1000,2,200,0.65,0.9904800000000001,0.9715148514851484
Player,100,1000,2,200,0.65,0.9909250000000002,0.9601336633663368
Player,100,1000,2,200,0.65,0.9907350000000001,0.9828663366336633
Player,100,1000,2,200,0.65,0.9903349999999999,0.9824900990099009
Player,100,1000,2,200,0.65,0.9911200000000001,0.9299504950495049
Player,100,1000,2,200,0.65,0.9907350000000001,0.9810148514851484
Player,100,1000,2,200,0.65,0.9909950000000001,0.9639752475247524
Player,100,1000,2,200,0.65,0.9907950000000001,0.9851336633663367
Player,100,1000,2,200,0.65,0.9905899999999999,0.9863366336633664
Player,100,1000,2,200,0.65,0.990565,0.978410891089109
Player,100,1000,2,200,0.65,0.9900850000000001,0.9822128712871288
Player,100,1000,2,200,0.65,0.9908050000000002,0.9814603960396041
Player,100,1000,2,200,0.65,0.9908600000000001,0.9723564356435643
Player,100,1000,2,200,0.65,0.9911150000000002,0.9838564356435645
Player,100,1000,2,200,0.65,0.9909650000000002,0.9589851485148515
Player,100,1000,2,200,0.65,0.99066,0.9730198019801981
Player,100,1000,2,200,0.65,0.99084,0.9867227722772278
LinearFunctionPlayer,100,1000,2,200,0.65,0.9955400000000002,0.9920792079207923
LinearFunctionPlayer,100,1000,2,200,0.65,0.9959200000000001,0.9721089108910891
LinearFunctionPlayer,100,1000,2,200,0.65,0.9957850000000001,0.990589108910891
LinearFunctionPlayer,100,1000,2,200,0.65,0.9957600000000002,0.982049504950495
LinearFunctionPlayer,100,1000,2,200,0.65,0.9954899999999999,0.993019801980198
LinearFunctionPlayer,100,1000,2,200,0.65,0.9960700000000001,0.9849603960396041
LinearFunctionPlayer,100,1000,2,200,0.65,0.99499,0.9806435643564356
LinearFunctionPlayer,100,1000,2,200,0.65,0.995365,0.9772128712871286
LinearFunctionPlayer,100,1000,2,200,0.65,0.995935,0.9807772277227721
LinearFunctionPlayer,100,1000,2,200,0.65,0.996265,0.9798267326732671
LinearFunctionPlayer,100,1000,2,200,0.65,0.9950399999999999,0.9751485148514849
LinearFunctionPlayer,100,1000,2,200,0.65,0.9955949999999999,0.9863613861386139
LinearFunctionPlayer,100,1000,2,200,0.65,0.99548,0.9929702970297031
LinearFunctionPlayer,100,1000,2,200,0.65,0.9959000000000002,0.9867524752475246
LinearFunctionPlayer,100,1000,2,200,0.65,0.9956200000000002,0.992089108910891
LinearFunctionPlayer,100,1000,2,200,0.65,0.9954299999999998,0.969188118811881
LinearFunctionPlayer,100,1000,2,200,0.65,0.9956799999999998,0.992920792079208
LinearFunctionPlayer,100,1000,2,200,0.65,0.9955950000000001,0.9876980198019805
LinearFunctionPlayer,100,1000,2,200,0.65,0.9946849999999999,0.9407475247524753
LinearFunctionPlayer,100,1000,2,200,0.65,0.9958500000000001,0.99590099009901
LinearFunctionPlayer,100,1000,2,200,0.65,0.9956900000000002,0.990821782178218
LinearFunctionPlayer,100,1000,2,200,0.65,0.9957450000000001,0.9688168316831685
LinearFunctionPlayer,100,1000,2,200,0.65,0.9959050000000002,0.9950742574257428
LinearFunctionPlayer,100,1000,2,200,0.65,0.9955499999999999,0.9662079207920794
LinearFunctionPlayer,100,1000,2,200,0.65,0.995435,0.9947475247524753
LinearFunctionPlayer,100,1000,2,200,0.65,0.99607,0.9858613861386138
LinearFunctionPlayer,100,1000,2,200,0.65,0.99553,0.9913465346534652
LinearFunctionPlayer,100,1000,2,200,0.65,0.99543,0.9712376237623763
LinearFunctionPlayer,100,1000,2,200,0.65,0.995695,0.9834900990099011
LinearFunctionPlayer,100,1000,2,200,0.65,0.9960850000000001,0.9953910891089109
LinearFunctionPlayer,100,1000,2,200,0.65,0.9958600000000001,0.9797128712871287
LinearFunctionPlayer,100,1000,2,200,0.65,0.99582,0.9918019801980198
LinearFunctionPlayer,100,1000,2,200,0.65,0.9954250000000002,0.9777079207920791
LinearFunctionPlayer,100,1000,2,200,0.65,0.995985,0.9540841584158417
LinearFunctionPlayer,100,1000,2,200,0.65,0.9954299999999999,0.9884356435643565
LinearFunctionPlayer,100,1000,2,200,0.65,0.9956349999999999,0.9900940594059405
LinearFunctionPlayer,100,1000,2,200,0.65,0.995775,0.9919455445544554
LinearFunctionPlayer,100,1000,2,200,0.65,0.9956149999999999,0.9926485148514851
LinearFunctionPlayer,100,1000,2,200,0.65,0.9953400000000002,0.9669405940594058
LinearFunctionPlayer,100,1000,2,200,0.65,0.9959650000000001,0.9777277227722774
LinearFunctionPlayer,100,1000,2,200,0.65,0.995745,0.9762227722772278
LinearFunctionPlayer,100,1000,2,200,0.65,0.9947300000000002,0.978138613861386
LinearFunctionPlayer,100,1000,2,200,0.65,0.9956100000000001,0.9861782178217823
LinearFunctionPlayer,100,1000,2,200,0.65,0.995195,0.9757970297029704
LinearFunctionPlayer,100,1000,2,200,0.65,0.99593,0.9781782178217823
LinearFunctionPlayer,100,1000,2,200,0.65,0.9955700000000001,0.9844554455445543
LinearFunctionPlayer,100,1000,2,200,0.65,0.9961249999999999,0.9897970297029702
LinearFunctionPlayer,100,1000,2,200,0.65,0.9958599999999999,0.9687128712871288
LinearFunctionPlayer,100,1000,2,200,0.65,0.996035,0.9831039603960395
LinearFunctionPlayer,100,1000,2,200,0.65,0.9958950000000003,0.9879455445544554
LinearFunctionPlayer,100,1000,2,200,0.65,0.9957300000000002,0.992762376237624
LinearFunctionPlayer,100,1000,2,200,0.65,0.9960100000000002,0.9965247524752476
LinearFunctionPlayer,100,1000,2,200,0.65,0.9961000000000001,0.9750495049504951
LinearFunctionPlayer,100,1000,2,200,0.65,0.9958,0.9878316831683168
LinearFunctionPlayer,100,1000,2,200,0.65,0.995955,0.9639950495049504
LinearFunctionPlayer,100,1000,2,200,0.65,0.9959600000000001,0.9914356435643563
LinearFunctionPlayer,100,1000,2,200,0.65,0.99512,0.9869801980198022
LinearFunctionPlayer,100,1000,2,200,0.65,0.9957600000000001,0.9649207920792077
LinearFunctionPlayer,100,1000,2,200,0.65,0.9959250000000002,0.9904702970297029
LinearFunctionPlayer,100,1000,2,200,0.65,0.9957700000000002,0.9903861386138614
LinearFunctionPlayer,100,1000,2,200,0.65,0.9959650000000001,0.9846287128712871
LinearFunctionPlayer,100,1000,2,200,0.65,0.9959000000000002,0.9627821782178217
LinearFunctionPlayer,100,1000,2,200,0.65,0.99615,0.9722277227722773
LinearFunctionPlayer,100,1000,2,200,0.65,0.9952949999999998,0.984430693069307
LinearFunctionPlayer,100,1000,2,200,0.65,0.99576,0.9906435643564357
LinearFunctionPlayer,100,1000,2,200,0.65,0.9954350000000002,0.9930643564356436
LinearFunctionPlayer,100,1000,2,200,0.65,0.9957250000000001,0.9915198019801981
LinearFunctionPlayer,100,1000,2,200,0.65,0.9959250000000001,0.9860940594059404
LinearFunctionPlayer,100,1000,2,200,0.65,0.9955200000000001,0.9911782178217822
LinearFunctionPlayer,100,1000,2,200,0.65,0.9957000000000003,0.9883960396039606
LinearFunctionPlayer,100,1000,2,200,0.65,0.9959250000000002,0.9825990099009901
LinearFunctionPlayer,100,1000,2,200,0.65,0.995325,0.9835792079207922
LinearFunctionPlayer,100,1000,2,200,0.65,0.9953800000000002,0.989940594059406
LinearFunctionPlayer,100,1000,2,200,0.65,0.9963850000000001,0.99440099009901
LinearFunctionPlayer,100,1000,2,200,0.65,0.9950100000000002,0.9864752475247526
LinearFunctionPlayer,100,1000,2,200,0.65,0.99559,0.9939603960396041
LinearFunctionPlayer,100,1000,2,200,0.65,0.9958850000000001,0.9770841584158417
LinearFunctionPlayer,100,1000,2,200,0.65,0.9962250000000001,0.9862425742574258
LinearFunctionPlayer,100,1000,2,200,0.65,0.9958400000000002,0.9937623762376238
LinearFunctionPlayer,100,1000,2,200,0.65,0.9956900000000001,0.9884455445544555
LinearFunctionPlayer,100,1000,2,200,0.65,0.9951849999999999,0.9858960396039603
LinearFunctionPlayer,100,1000,2,200,0.65,0.99604,0.9891584158415843
LinearFunctionPlayer,100,1000,2,200,0.65,0.9954500000000001,0.9747425742574256
LinearFunctionPlayer,100,1000,2,200,0.65,0.99568,0.9872772277227722
LinearFunctionPlayer,100,1000,2,200,0.65,0.9958199999999998,0.9916930693069307
LinearFunctionPlayer,100,1000,2,200,0.65,0.9958750000000001,0.9846584158415842
LinearFunctionPlayer,100,1000,2,200,0.65,0.9956550000000003,0.9948069306930695
LinearFunctionPlayer,100,1000,2,200,0.65,0.9960400000000001,0.9640198019801979
LinearFunctionPlayer,100,1000,2,200,0.65,0.9957650000000001,0.9908465346534655
LinearFunctionPlayer,100,1000,2,200,0.65,0.9959050000000002,0.9852425742574258
LinearFunctionPlayer,100,1000,2,200,0.65,0.9956100000000001,0.9743168316831681
LinearFunctionPlayer,100,1000,2,200,0.65,0.9954400000000001,0.9763762376237625
LinearFunctionPlayer,100,1000,2,200,0.65,0.9954299999999999,0.985
LinearFunctionPlayer,100,1000,2,200,0.65,0.9960999999999999,0.9816732673267325
LinearFunctionPlayer,100,1000,2,200,0.65,0.9960050000000001,0.9924207920792082
LinearFunctionPlayer,100,1000,2,200,0.65,0.995205,0.9668663366336632
LinearFunctionPlayer,100,1000,2,200,0.65,0.995635,0.9848267326732674
LinearFunctionPlayer,100,1000,2,200,0.65,0.9954999999999999,0.9492376237623762
LinearFunctionPlayer,100,1000,2,200,0.65,0.995,0.9748019801980201
LinearFunctionPlayer,100,1000,2,200,0.65,0.9952899999999998,0.9803960396039604
SigmoidPlayer,100,1000,2,200,0.65,0.9970300000000001,0.9908019801980199
SigmoidPlayer,100,1000,2,200,0.65,0.99661,0.9863069306930694
SigmoidPlayer,100,1000,2,200,0.65,0.9972300000000002,0.9966930693069308
SigmoidPlayer,100,1000,2,200,0.65,0.99677,0.9708613861386142
SigmoidPlayer,100,1000,2,200,0.65,0.99697,0.9594653465346534
SigmoidPlayer,100,1000,2,200,0.65,0.99666,0.9792376237623761
SigmoidPlayer,100,1000,2,200,0.65,0.9968400000000002,0.9700099009900992
SigmoidPlayer,100,1000,2,200,0.65,0.9965300000000002,0.9721287128712873
SigmoidPlayer,100,1000,2,200,0.65,0.9971350000000001,0.9758366336633661
SigmoidPlayer,100,1000,2,200,0.65,0.9968300000000001,0.9702475247524754
SigmoidPlayer,100,1000,2,200,0.65,0.99674,0.9536930693069307
SigmoidPlayer,100,1000,2,200,0.65,0.996855,0.9927079207920795
SigmoidPlayer,100,1000,2,200,0.65,0.99665,0.9632871287128715
SigmoidPlayer,100,1000,2,200,0.65,0.9970400000000003,0.9646336633663366
SigmoidPlayer,100,1000,2,200,0.65,0.9972500000000002,0.980930693069307
SigmoidPlayer,100,1000,2,200,0.65,0.9968699999999999,0.9859900990099011
SigmoidPlayer,100,1000,2,200,0.65,0.9968100000000001,0.977019801980198
SigmoidPlayer,100,1000,2,200,0.65,0.9971000000000001,0.9674554455445544
SigmoidPlayer,100,1000,2,200,0.65,0.9968700000000001,0.9914554455445546
SigmoidPlayer,100,1000,2,200,0.65,0.9967699999999999,0.9777722772277229
SigmoidPlayer,100,1000,2,200,0.65,0.9971100000000002,0.9842970297029705
SigmoidPlayer,100,1000,2,200,0.65,0.9968700000000003,0.9781881188118813
SigmoidPlayer,100,1000,2,200,0.65,0.9967100000000002,0.9818910891089111
SigmoidPlayer,100,1000,2,200,0.65,0.9969200000000003,0.9873861386138615
SigmoidPlayer,100,1000,2,200,0.65,0.9969700000000001,0.949049504950495
SigmoidPlayer,100,1000,2,200,0.65,0.9967300000000003,0.9860396039603962
SigmoidPlayer,100,1000,2,200,0.65,0.9967800000000001,0.9784059405940594
SigmoidPlayer,100,1000,2,200,0.65,0.9967400000000002,0.9840099009900992
SigmoidPlayer,100,1000,2,200,0.65,0.9964300000000003,0.9853762376237626
SigmoidPlayer,100,1000,2,200,0.65,0.9975450000000001,0.9931930693069309
SigmoidPlayer,100,1000,2,200,0.65,0.99677,0.9516336633663367
SigmoidPlayer,100,1000,2,200,0.65,0.9972100000000002,0.9832871287128715
SigmoidPlayer,100,1000,2,200,0.65,0.9964499999999998,0.9723366336633665
SigmoidPlayer,100,1000,2,200,0.65,0.9964600000000003,0.9830693069306932
SigmoidPlayer,100,1000,2,200,0.65,0.99658,0.9804950495049505
SigmoidPlayer,100,1000,2,200,0.65,0.9965600000000002,0.9841089108910891
SigmoidPlayer,100,1000,2,200,0.65,0.9970100000000001,0.9931980198019805
SigmoidPlayer,100,1000,2,200,0.65,0.9970200000000002,0.9703564356435646
SigmoidPlayer,100,1000,2,200,0.65,0.9970700000000002,0.983910891089109
SigmoidPlayer,100,1000,2,200,0.65,0.9969099999999999,0.9951485148514851
SigmoidPlayer,100,1000,2,200,0.65,0.9970500000000001,0.9600792079207919
SigmoidPlayer,100,1000,2,200,0.65,0.9967500000000001,0.9890891089108911
SigmoidPlayer,100,1000,2,200,0.65,0.9970100000000001,0.984960396039604
SigmoidPlayer,100,1000,2,200,0.65,0.9967800000000001,0.981821782178218
SigmoidPlayer,100,1000,2,200,0.65,0.9971400000000002,0.97180198019802
SigmoidPlayer,100,1000,2,200,0.65,0.9970000000000002,0.9736138613861387
SigmoidPlayer,100,1000,2,200,0.65,0.9969000000000001,0.9567227722772278
SigmoidPlayer,100,1000,2,200,0.65,0.9969300000000001,0.9790495049504951
SigmoidPlayer,100,1000,2,200,0.65,0.9973300000000002,0.9935049504950497
SigmoidPlayer,100,1000,2,200,0.65,0.99694,0.9807128712871289
SigmoidPlayer,100,1000,2,200,0.65,0.9967000000000003,0.9554257425742575
SigmoidPlayer,100,1000,2,200,0.65,0.9968000000000004,0.9887425742574258
SigmoidPlayer,100,1000,2,200,0.65,0.9967800000000001,0.9774950495049507
SigmoidPlayer,100,1000,2,200,0.65,0.9968200000000002,0.952059405940594
SigmoidPlayer,100,1000,2,200,0.65,0.9970300000000002,0.9524752475247525
SigmoidPlayer,100,1000,2,200,0.65,0.9968600000000001,0.9892178217821783
SigmoidPlayer,100,1000,2,200,0.65,0.9971100000000002,0.9886138613861387
SigmoidPlayer,100,1000,2,200,0.65,0.9971499999999999,0.984683168316832
SigmoidPlayer,100,1000,2,200,0.65,0.9972700000000002,0.9887920792079211
SigmoidPlayer,100,1000,2,200,0.65,0.9966300000000001,0.9784455445544555
SigmoidPlayer,100,1000,2,200,0.65,0.99708,0.9503762376237622
SigmoidPlayer,100,1000,2,200,0.65,0.9970500000000001,0.9769702970297032
SigmoidPlayer,100,1000,2,200,0.65,0.9971949999999999,0.9720940594059406
SigmoidPlayer,100,1000,2,200,0.65,0.9966699999999998,0.9908910891089108
SigmoidPlayer,100,1000,2,200,0.65,0.9973400000000001,0.9921386138613864
SigmoidPlayer,100,1000,2,200,0.65,0.9966000000000002,0.9908415841584162
SigmoidPlayer,100,1000,2,200,0.65,0.99673,0.9761386138613861
SigmoidPlayer,100,1000,2,200,0.65,0.9963700000000002,0.9671089108910892
SigmoidPlayer,100,1000,2,200,0.65,0.99727,0.9744059405940595
SigmoidPlayer,100,1000,2,200,0.65,0.9972400000000003,0.9942970297029704
SigmoidPlayer,100,1000,2,200,0.65,0.9967200000000002,0.9848514851485148
SigmoidPlayer,100,1000,2,200,0.65,0.9970800000000001,0.9802277227722773
SigmoidPlayer,100,1000,2,200,0.65,0.9964800000000001,0.992643564356436
SigmoidPlayer,100,1000,2,200,0.65,0.9969700000000001,0.970049504950495
SigmoidPlayer,100,1000,2,200,0.65,0.9972100000000002,0.9932376237623765
SigmoidPlayer,100,1000,2,200,0.65,0.99741,0.9906534653465348
SigmoidPlayer,100,1000,2,200,0.65,0.9963299999999999,0.989811881188119
SigmoidPlayer,100,1000,2,200,0.65,0.9972300000000002,0.9833168316831684
SigmoidPlayer,100,1000,2,200,0.65,0.9966150000000001,0.9789653465346534
SigmoidPlayer,100,1000,2,200,0.65,0.9968400000000002,0.9921188118811883
SigmoidPlayer,100,1000,2,200,0.65,0.9967800000000001,0.9745940594059407
SigmoidPlayer,100,1000,2,200,0.65,0.9969000000000001,0.9728217821782179
SigmoidPlayer,100,1000,2,200,0.65,0.9967500000000001,0.9446138613861386
SigmoidPlayer,100,1000,2,200,0.65,0.99669,0.9576633663366337
SigmoidPlayer,100,1000,2,200,0.65,0.9969600000000001,0.9801683168316832
SigmoidPlayer,100,1000,2,200,0.65,0.9962600000000001,0.9824059405940595
SigmoidPlayer,100,1000,2,200,0.65,0.9963500000000003,0.9812475247524753
SigmoidPlayer,100,1000,2,200,0.65,0.9962600000000001,0.9832475247524753
SigmoidPlayer,100,1000,2,200,0.65,0.9967100000000001,0.9940000000000001
SigmoidPlayer,100,1000,2,200,0.65,0.9971900000000002,0.9730594059405941
SigmoidPlayer,100,1000,2,200,0.65,0.9965100000000002,0.9943564356435642
SigmoidPlayer,100,1000,2,200,0.65,0.9968000000000002,0.9743267326732674
SigmoidPlayer,100,1000,2,200,0.65,0.9965500000000002,0.9894653465346537
SigmoidPlayer,100,1000,2,200,0.65,0.9971600000000003,0.9532871287128712
SigmoidPlayer,100,1000,2,200,0.65,0.9973800000000002,0.9783267326732674
SigmoidPlayer,100,1000,2,200,0.65,0.9970900000000001,0.9827623762376236
SigmoidPlayer,100,1000,2,200,0.65,0.9969900000000003,0.9769207920792079
SigmoidPlayer,100,1000,2,200,0.65,0.9969100000000002,0.982940594059406
SigmoidPlayer,100,1000,2,200,0.65,0.9967000000000001,0.9731782178217823
SigmoidPlayer,100,1000,2,200,0.65,0.9970800000000001,0.9809405940594063
LRPlayer,100,1000,2,200,0.65,0.9967150000000001,0.9873514851485148
LRPlayer,100,1000,2,200,0.65,0.9970700000000002,0.9917722772277229
LRPlayer,100,1000,2,200,0.65,0.9966099999999999,0.9616336633663366
LRPlayer,100,1000,2,200,0.65,0.9966950000000001,0.9947277227722774
LRPlayer,100,1000,2,200,0.65,0.9967500000000001,0.9865643564356439
LRPlayer,100,1000,2,200,0.65,0.9967800000000001,0.9941287128712872
LRPlayer,100,1000,2,200,0.65,0.9962499999999999,0.9862277227722772
LRPlayer,100,1000,2,200,0.65,0.9970200000000002,0.9869900990099011
LRPlayer,100,1000,2,200,0.65,0.9968,0.9931683168316832
LRPlayer,100,1000,2,200,0.65,0.9963950000000001,0.9937970297029703
LRPlayer,100,1000,2,200,0.65,0.99637,0.9899405940594059
LRPlayer,100,1000,2,200,0.65,0.99675,0.9922970297029704
LRPlayer,100,1000,2,200,0.65,0.996755,0.9816881188118812
LRPlayer,100,1000,2,200,0.65,0.9966849999999999,0.98659900990099
LRPlayer,100,1000,2,200,0.65,0.9965199999999999,0.984712871287129
LRPlayer,100,1000,2,200,0.65,0.996785,0.9926089108910894
LRPlayer,100,1000,2,200,0.65,0.9971200000000002,0.9827128712871288
LRPlayer,100,1000,2,200,0.65,0.9963599999999999,0.9860792079207922
LRPlayer,100,1000,2,200,0.65,0.9968250000000001,0.976688118811881
LRPlayer,100,1000,2,200,0.65,0.99654,0.9915643564356436
LRPlayer,100,1000,2,200,0.65,0.9964750000000001,0.9926782178217822
LRPlayer,100,1000,2,200,0.65,0.99688,0.9876435643564357
LRPlayer,100,1000,2,200,0.65,0.9966700000000001,0.976019801980198
LRPlayer,100,1000,2,200,0.65,0.99693,0.9863564356435642
LRPlayer,100,1000,2,200,0.65,0.9967400000000001,0.990891089108911
LRPlayer,100,1000,2,200,0.65,0.9965050000000001,0.9760247524752473
LRPlayer,100,1000,2,200,0.65,0.996395,0.9910148514851487
LRPlayer,100,1000,2,200,0.65,0.9968499999999999,0.9873168316831684
LRPlayer,100,1000,2,200,0.65,0.9963200000000001,0.9886336633663368
LRPlayer,100,1000,2,200,0.65,0.996525,0.9833118811881187
LRPlayer,100,1000,2,200,0.65,0.996505,0.9807475247524753
LRPlayer,100,1000,2,200,0.65,0.99688,0.9884554455445544
LRPlayer,100,1000,2,200,0.65,0.996645,0.9887079207920791
LRPlayer,100,1000,2,200,0.65,0.9968199999999999,0.9826435643564357
LRPlayer,100,1000,2,200,0.65,0.9965250000000002,0.9786188118811882
LRPlayer,100,1000,2,200,0.65,0.99645,0.9941584158415842
LRPlayer,100,1000,2,200,0.65,0.99664,0.9772475247524751
LRPlayer,100,1000,2,200,0.65,0.99665,0.9868811881188118
LRPlayer,100,1000,2,200,0.65,0.9964800000000001,0.981930693069307
LRPlayer,100,1000,2,200,0.65,0.997325,0.9913019801980197
LRPlayer,100,1000,2,200,0.65,0.9968100000000001,0.9956732673267327
LRPlayer,100,1000,2,200,0.65,0.9959350000000002,0.9608168316831683
LRPlayer,100,1000,2,200,0.65,0.996875,0.9859158415841586
LRPlayer,100,1000,2,200,0.65,0.9967950000000001,0.9831633663366336
LRPlayer,100,1000,2,200,0.65,0.9967400000000001,0.9920495049504949
LRPlayer,100,1000,2,200,0.65,0.9971,0.9944950495049505
LRPlayer,100,1000,2,200,0.65,0.99655,0.9863267326732674
LRPlayer,100,1000,2,200,0.65,0.996535,0.9700742574257426
LRPlayer,100,1000,2,200,0.65,0.9965700000000001,0.9902970297029704
LRPlayer,100,1000,2,200,0.65,0.9968350000000001,0.9783910891089108
LRPlayer,100,1000,2,200,0.65,0.9964949999999999,0.9830841584158417
LRPlayer,100,1000,2,200,0.65,0.9967450000000001,0.9844009900990098
LRPlayer,100,1000,2,200,0.65,0.9965299999999999,0.9824752475247525
LRPlayer,100,1000,2,200,0.65,0.9967850000000001,0.9793712871287129
LRPlayer,100,1000,2,200,0.65,0.996725,0.9776386138613861
LRPlayer,100,1000,2,200,0.65,0.9961550000000002,0.9799554455445546
LRPlayer,100,1000,2,200,0.65,0.99658,0.9883762376237625
LRPlayer,100,1000,2,200,0.65,0.9970200000000001,0.9904158415841584
LRPlayer,100,1000,2,200,0.65,0.9967800000000001,0.9759504950495053
LRPlayer,100,1000,2,200,0.65,0.9969,0.9798415841584158
LRPlayer,100,1000,2,200,0.65,0.9969500000000001,0.9890495049504952
LRPlayer,100,1000,2,200,0.65,0.9967350000000001,0.9752128712871286
LRPlayer,100,1000,2,200,0.65,0.996585,0.9885990099009903
LRPlayer,100,1000,2,200,0.65,0.9967900000000002,0.9881485148514851
LRPlayer,100,1000,2,200,0.65,0.9969300000000001,0.9655940594059406
LRPlayer,100,1000,2,200,0.65,0.9969950000000002,0.9882128712871288
LRPlayer,100,1000,2,200,0.65,0.9962800000000003,0.9930891089108913
LRPlayer,100,1000,2,200,0.65,0.9967299999999999,0.9877821782178219
LRPlayer,100,1000,2,200,0.65,0.9965049999999998,0.9707871287128711
LRPlayer,100,1000,2,200,0.65,0.9964700000000002,0.9805148514851485
LRPlayer,100,1000,2,200,0.65,0.996815,0.9935495049504951
LRPlayer,100,1000,2,200,0.65,0.996875,0.9887079207920791
LRPlayer,100,1000,2,200,0.65,0.996995,0.9897673267326734
LRPlayer,100,1000,2,200,0.65,0.9968750000000002,0.9831138613861387
LRPlayer,100,1000,2,200,0.65,0.99626,0.9796732673267327
LRPlayer,100,1000,2,200,0.65,0.9968100000000001,0.9862079207920792
LRPlayer,100,1000,2,200,0.65,0.9967800000000001,0.9861188118811882
LRPlayer,100,1000,2,200,0.65,0.996365,0.9925792079207922
LRPlayer,100,1000,2,200,0.65,0.9966450000000002,0.9902920792079208
LRPlayer,100,1000,2,200,0.65,0.9970399999999998,0.9832178217821784
LRPlayer,100,1000,2,200,0.65,0.9966300000000001,0.9891980198019801
LRPlayer,100,1000,2,200,0.65,0.9969950000000002,0.9785198019801978
LRPlayer,100,1000,2,200,0.65,0.9965050000000002,0.9694009900990099
LRPlayer,100,1000,2,200,0.65,0.9964200000000001,0.9876039603960397
LRPlayer,100,1000,2,200,0.65,0.9964200000000001,0.9808712871287125
LRPlayer,100,1000,2,200,0.65,0.9965949999999999,0.9924801980198019
LRPlayer,100,1000,2,200,0.65,0.996915,0.9719257425742575
LRPlayer,100,1000,2,200,0.65,0.9970749999999999,0.9887376237623764
LRPlayer,100,1000,2,200,0.65,0.996455,0.9867574257425742
LRPlayer,100,1000,2,200,0.65,0.9964749999999999,0.9910445544554456
LRPlayer,100,1000,2,200,0.65,0.9967750000000001,0.9933811881188119
LRPlayer,100,1000,2,200,0.65,0.9970699999999999,0.9928019801980199
LRPlayer,100,1000,2,200,0.65,0.99638,0.9683168316831683
LRPlayer,100,1000,2,200,0.65,0.996845,0.9940544554455447
LRPlayer,100,1000,2,200,0.65,0.9966000000000002,0.9931980198019801
LRPlayer,100,1000,2,200,0.65,0.99733,0.9782871287128713
LRPlayer,100,1000,2,200,0.65,0.9963799999999998,0.9604554455445544
LRPlayer,100,1000,2,200,0.65,0.9964350000000001,0.9891930693069307
LRPlayer,100,1000,2,200,0.65,0.9969199999999999,0.9871287128712871
LRPlayer,100,1000,2,200,0.65,0.996685,0.9945
MLPPlayer,100,1000,2,200,0.65,0.987725,0.9831633663366339
MLPPlayer,100,1000,2,200,0.65,0.986935,0.979529702970297
MLPPlayer,100,1000,2,200,0.65,0.9873700000000001,0.9862871287128713
MLPPlayer,100,1000,2,200,0.65,0.9874800000000001,0.9845247524752475
MLPPlayer,100,1000,2,200,0.65,0.9873500000000002,0.9244257425742575
MLPPlayer,100,1000,2,200,0.65,0.9877950000000001,0.9485594059405941
MLPPlayer,100,1000,2,200,0.65,0.987395,0.9708168316831682
MLPPlayer,100,1000,2,200,0.65,0.9873850000000001,0.9868069306930694
MLPPlayer,100,1000,2,200,0.65,0.9880950000000002,0.9316584158415842
MLPPlayer,100,1000,2,200,0.65,0.9884649999999998,0.9379950495049505
MLPPlayer,100,1000,2,200,0.65,0.98797,0.9433366336633664
MLPPlayer,100,1000,2,200,0.65,0.987925,0.9307772277227723
MLPPlayer,100,1000,2,200,0.65,0.9876300000000002,0.9111089108910889
MLPPlayer,100,1000,2,200,0.65,0.9877000000000001,0.9312079207920793
MLPPlayer,100,1000,2,200,0.65,0.987435,0.9571534653465348
MLPPlayer,100,1000,2,200,0.65,0.9881550000000001,0.953549504950495
MLPPlayer,100,1000,2,200,0.65,0.9878800000000001,0.9489009900990099
MLPPlayer,100,1000,2,200,0.65,0.9873600000000003,0.9799702970297031
MLPPlayer,100,1000,2,200,0.65,0.9872450000000004,0.9626683168316832
MLPPlayer,100,1000,2,200,0.65,0.9871900000000001,0.9794950495049505
MLPPlayer,100,1000,2,200,0.65,0.9879300000000001,0.9654653465346537
MLPPlayer,100,1000,2,200,0.65,0.9877800000000002,0.9516633663366336
MLPPlayer,100,1000,2,200,0.65,0.9876100000000001,0.9446336633663367
MLPPlayer,100,1000,2,200,0.65,0.9884950000000002,0.9110544554455446
MLPPlayer,100,1000,2,200,0.65,0.98714,0.9674059405940594
MLPPlayer,100,1000,2,200,0.65,0.9875149999999999,0.9562524752475247
MLPPlayer,100,1000,2,200,0.65,0.9876400000000001,0.9746732673267329
MLPPlayer,100,1000,2,200,0.65,0.988335,0.9582425742574255
MLPPlayer,100,1000,2,200,0.65,0.9888550000000003,0.8891039603960397
MLPPlayer,100,1000,2,200,0.65,0.98828,0.9292376237623762
MLPPlayer,100,1000,2,200,0.65,0.987575,0.9409059405940595
MLPPlayer,100,1000,2,200,0.65,0.987635,0.9853613861386138
MLPPlayer,100,1000,2,200,0.65,0.9877750000000001,0.9886782178217824
MLPPlayer,100,1000,2,200,0.65,0.9872950000000001,0.9703316831683165
MLPPlayer,100,1000,2,200,0.65,0.9875850000000002,0.9570742574257426
MLPPlayer,100,1000,2,200,0.65,0.9878199999999999,0.9269900990099011
MLPPlayer,100,1000,2,200,0.65,0.9869150000000001,0.9547376237623763
MLPPlayer,100,1000,2,200,0.65,0.9876450000000001,0.9653712871287127
MLPPlayer,100,1000,2,200,0.65,0.987605,0.9700742574257426
MLPPlayer,100,1000,2,200,0.65,0.9871950000000002,0.9818366336633663
MLPPlayer,100,1000,2,200,0.65,0.9878450000000001,0.9718564356435644
MLPPlayer,100,1000,2,200,0.65,0.9754900000000002,0.8993564356435643
MLPPlayer,100,1000,2,200,0.65,0.9879350000000001,0.944480198019802
MLPPlayer,100,1000,2,200,0.65,0.987165,0.9645297029702969
MLPPlayer,100,1000,2,200,0.65,0.9876950000000002,0.909490099009901
MLPPlayer,100,1000,2,200,0.65,0.9862650000000001,0.9713316831683168
MLPPlayer,100,1000,2,200,0.65,0.98746,0.9505940594059407
MLPPlayer,100,1000,2,200,0.65,0.987205,0.9503415841584159
MLPPlayer,100,1000,2,200,0.65,0.9881099999999998,0.9564257425742575
MLPPlayer,100,1000,2,200,0.65,0.98763,0.9507326732673267
MLPPlayer,100,1000,2,200,0.65,0.9882850000000002,0.9490346534653465
MLPPlayer,100,1000,2,200,0.65,0.98744,0.9663663366336633
MLPPlayer,100,1000,2,200,0.65,0.9873300000000002,0.9593960396039604
MLPPlayer,100,1000,2,200,0.65,0.9878149999999999,0.9191237623762375
MLPPlayer,100,1000,2,200,0.65,0.9876250000000002,0.9682623762376239
MLPPlayer,100,1000,2,200,0.65,0.9873350000000001,0.9232722772277226
MLPPlayer,100,1000,2,200,0.65,0.9875400000000002,0.9721386138613861
MLPPlayer,100,1000,2,200,0.65,0.9880599999999999,0.9603762376237622
MLPPlayer,100,1000,2,200,0.65,0.987835,0.9479158415841583
MLPPlayer,100,1000,2,200,0.65,0.9875100000000002,0.9859603960396042
MLPPlayer,100,1000,2,200,0.65,0.9871300000000001,0.9793960396039604
MLPPlayer,100,1000,2,200,0.65,0.988085,0.9425693069306934
MLPPlayer,100,1000,2,200,0.65,0.987995,0.9537079207920793
MLPPlayer,100,1000,2,200,0.65,0.9875450000000003,0.9815297029702971
MLPPlayer,100,1000,2,200,0.65,0.9879350000000002,0.9290049504950495
MLPPlayer,100,1000,2,200,0.65,0.9879100000000001,0.9711881188118814
MLPPlayer,100,1000,2,200,0.65,0.9877650000000001,0.9348564356435642
MLPPlayer,100,1000,2,200,0.65,0.98676,0.9704851485148513
MLPPlayer,100,1000,2,200,0.65,0.9872550000000001,0.9583019801980199
MLPPlayer,100,1000,2,200,0.65,0.98789,0.9759207920792079
MLPPlayer,100,1000,2,200,0.65,0.9876650000000001,0.9703910891089109
MLPPlayer,100,1000,2,200,0.65,0.987125,0.9667772277227722
MLPPlayer,100,1000,2,200,0.65,0.9875050000000001,0.9277277227722771
MLPPlayer,100,1000,2,200,0.65,0.9880599999999999,0.9433762376237624
MLPPlayer,100,1000,2,200,0.65,0.9872650000000001,0.9102524752475245
MLPPlayer,100,1000,2,200,0.65,0.98721,0.9745148514851487
MLPPlayer,100,1000,2,200,0.65,0.98726,0.9592574257425743
MLPPlayer,100,1000,2,200,0.65,0.9877450000000002,0.971321782178218
MLPPlayer,100,1000,2,200,0.65,0.9873350000000001,0.9626782178217824
MLPPlayer,100,1000,2,200,0.65,0.9874650000000001,0.9881930693069308
MLPPlayer,100,1000,2,200,0.65,0.9878150000000001,0.932490099009901
MLPPlayer,100,1000,2,200,0.65,0.9880599999999999,0.9347227722772277
MLPPlayer,100,1000,2,200,0.65,0.9868500000000001,0.9784059405940594
MLPPlayer,100,1000,2,200,0.65,0.9878650000000002,0.9320049504950494
MLPPlayer,100,1000,2,200,0.65,0.9878,0.919019801980198
MLPPlayer,100,1000,2,200,0.65,0.9880150000000002,0.9251039603960397
MLPPlayer,100,1000,2,200,0.65,0.9880850000000001,0.959549504950495
MLPPlayer,100,1000,2,200,0.65,0.9875800000000001,0.9772772277227724
MLPPlayer,100,1000,2,200,0.65,0.9874749999999999,0.9621534653465346
MLPPlayer,100,1000,2,200,0.65,0.9877049999999999,0.9486188118811881
MLPPlayer,100,1000,2,200,0.65,0.9873700000000001,0.9867425742574258
MLPPlayer,100,1000,2,200,0.65,0.9875,0.9441386138613861
MLPPlayer,100,1000,2,200,0.65,0.9882150000000002,0.9089059405940594
MLPPlayer,100,1000,2,200,0.65,0.987205,0.9567673267326734
MLPPlayer,100,1000,2,200,0.65,0.986875,0.9814207920792078
MLPPlayer,100,1000,2,200,0.65,0.9878800000000001,0.9771386138613861
MLPPlayer,100,1000,2,200,0.65,0.9874450000000001,0.9792623762376237
MLPPlayer,100,1000,2,200,0.65,0.988075,0.9187574257425742
MLPPlayer,100,1000,2,200,0.65,0.98854,0.9033762376237622
Player,100,1000,2,200,0.7,0.9903,0.965108910891089
Player,100,1000,2,200,0.7,0.9908199999999999,0.9847821782178219
Player,100,1000,2,200,0.7,0.9910900000000001,0.9791881188118812
Player,100,1000,2,200,0.7,0.9901999999999999,0.9877821782178219
Player,100,1000,2,200,0.7,0.9913249999999999,0.986589108910891
Player,100,1000,2,200,0.7,0.9910149999999999,0.9532128712871286
Player,100,1000,2,200,0.7,0.99027,0.9706435643564355
Player,100,1000,2,200,0.7,0.990325,0.962430693069307
Player,100,1000,2,200,0.7,0.99051,0.9872277227722773
Player,100,1000,2,200,0.7,0.9914150000000004,0.97530198019802
Player,100,1000,2,200,0.7,0.9901099999999999,0.9830099009900989
Player,100,1000,2,200,0.7,0.99032,0.9886435643564357
Player,100,1000,2,200,0.7,0.9908150000000002,0.9899653465346536
Player,100,1000,2,200,0.7,0.9905350000000002,0.9895792079207921
Player,100,1000,2,200,0.7,0.9902799999999999,0.960940594059406
Player,100,1000,2,200,0.7,0.99133,0.9862673267326734
Player,100,1000,2,200,0.7,0.990985,0.9698168316831685
Player,100,1000,2,200,0.7,0.989645,0.9864108910891087
Player,100,1000,2,200,0.7,0.990935,0.9883613861386137
Player,100,1000,2,200,0.7,0.990245,0.9567772277227723
Player,100,1000,2,200,0.7,0.9904300000000004,0.977069306930693
Player,100,1000,2,200,0.7,0.9901800000000003,0.9837623762376236
Player,100,1000,2,200,0.7,0.99105,0.9787128712871289
Player,100,1000,2,200,0.7,0.9898700000000001,0.9506633663366336
Player,100,1000,2,200,0.7,0.990385,0.9829653465346533
Player,100,1000,2,200,0.7,0.9908650000000001,0.9869356435643567
Player,100,1000,2,200,0.7,0.9909599999999998,0.9896732673267329
Player,100,1000,2,200,0.7,0.99066,0.9690891089108911
Player,100,1000,2,200,0.7,0.9911,0.9672178217821782
Player,100,1000,2,200,0.7,0.9906150000000001,0.9550544554455443
Player,100,1000,2,200,0.7,0.9902500000000002,0.9746039603960398
Player,100,1000,2,200,0.7,0.9907150000000001,0.9907178217821785
Player,100,1000,2,200,0.7,0.9909749999999999,0.9832128712871286
Player,100,1000,2,200,0.7,0.990245,0.9862227722772278
Player,100,1000,2,200,0.7,0.99045,0.9721683168316829
Player,100,1000,2,200,0.7,0.98991,0.9878019801980198
Player,100,1000,2,200,0.7,0.990825,0.9606980198019802
Player,100,1000,2,200,0.7,0.99027,0.988980198019802
Player,100,1000,2,200,0.7,0.99017,0.9607128712871288
Player,100,1000,2,200,0.7,0.9911849999999999,0.9817475247524751
Player,100,1000,2,200,0.7,0.9902150000000001,0.9841336633663366
Player,100,1000,2,200,0.7,0.99095,0.9865544554455443
Player,100,1000,2,200,0.7,0.9909600000000001,0.9403267326732675
Player,100,1000,2,200,0.7,0.9903600000000001,0.9825346534653466
Player,100,1000,2,200,0.7,0.9912449999999999,0.9842623762376238
Player,100,1000,2,200,0.7,0.9903400000000001,0.967019801980198
Player,100,1000,2,200,0.7,0.9907900000000001,0.965762376237624
Player,100,1000,2,200,0.7,0.9901750000000001,0.9820940594059407
Player,100,1000,2,200,0.7,0.9910050000000002,0.9860940594059407
Player,100,1000,2,200,0.7,0.9905849999999999,0.9836386138613863
Player,100,1000,2,200,0.7,0.9910249999999999,0.9777079207920791
Player,100,1000,2,200,0.7,0.9901350000000001,0.9688663366336633
Player,100,1000,2,200,0.7,0.9906900000000003,0.9874158415841584
Player,100,1000,2,200,0.7,0.9911399999999999,0.9776831683168318
Player,100,1000,2,200,0.7,0.9905450000000003,0.9784702970297029
Player,100,1000,2,200,0.7,0.99082,0.9203366336633663
Player,100,1000,2,200,0.7,0.98976,0.9909900990099009
Player,100,1000,2,200,0.7,0.9905300000000001,0.981742574257426
Player,100,1000,2,200,0.7,0.9905600000000001,0.9815544554455446
Player,100,1000,2,200,0.7,0.99067,0.9266435643564356
Player,100,1000,2,200,0.7,0.9908200000000003,0.9787821782178218
Player,100,1000,2,200,0.7,0.9909100000000001,0.9783564356435643
Player,100,1000,2,200,0.7,0.9912250000000001,0.9800346534653465
Player,100,1000,2,200,0.7,0.9907250000000002,0.9780841584158417
Player,100,1000,2,200,0.7,0.9903900000000001,0.988108910891089
Player,100,1000,2,200,0.7,0.9902599999999999,0.9675841584158416
Player,100,1000,2,200,0.7,0.9907050000000001,0.9588366336633662
Player,100,1000,2,200,0.7,0.990445,0.9719851485148515
Player,100,1000,2,200,0.7,0.99045,0.9846138613861387
Player,100,1000,2,200,0.7,0.990555,0.958806930693069
Player,100,1000,2,200,0.7,0.9898249999999998,0.9870643564356437
Player,100,1000,2,200,0.7,0.9902250000000001,0.966519801980198
Player,100,1000,2,200,0.7,0.9899900000000001,0.9741980198019801
Player,100,1000,2,200,0.7,0.9904900000000001,0.9871584158415841
Player,100,1000,2,200,0.7,0.9907100000000001,0.9844653465346535
Player,100,1000,2,200,0.7,0.99074,0.9846930693069309
Player,100,1000,2,200,0.7,0.99006,0.9848910891089108
Player,100,1000,2,200,0.7,0.991305,0.9680643564356436
Player,100,1000,2,200,0.7,0.9901150000000001,0.9757970297029702
Player,100,1000,2,200,0.7,0.9904200000000002,0.9814158415841585
Player,100,1000,2,200,0.7,0.990525,0.9689455445544555
Player,100,1000,2,200,0.7,0.989495,0.9294801980198021
Player,100,1000,2,200,0.7,0.9907900000000002,0.9614455445544554
Player,100,1000,2,200,0.7,0.990385,0.9789158415841583
Player,100,1000,2,200,0.7,0.990705,0.9878762376237624
Player,100,1000,2,200,0.7,0.98991,0.9558910891089111
Player,100,1000,2,200,0.7,0.9897,0.9737821782178219
Player,100,1000,2,200,0.7,0.990815,0.9869356435643564
Player,100,1000,2,200,0.7,0.9908350000000001,0.9681138613861386
Player,100,1000,2,200,0.7,0.9904400000000001,0.9863663366336632
Player,100,1000,2,200,0.7,0.99045,0.9787920792079206
Player,100,1000,2,200,0.7,0.99054,0.964970297029703
Player,100,1000,2,200,0.7,0.9904699999999999,0.9614356435643565
Player,100,1000,2,200,0.7,0.9909200000000002,0.9821089108910892
Player,100,1000,2,200,0.7,0.9910850000000002,0.9668861386138614
Player,100,1000,2,200,0.7,0.9904400000000001,0.9575445544554456
Player,100,1000,2,200,0.7,0.9905050000000002,0.9814009900990102
Player,100,1000,2,200,0.7,0.9904250000000002,0.9701930693069307
Player,100,1000,2,200,0.7,0.9905450000000002,0.9803415841584161
Player,100,1000,2,200,0.7,0.9901350000000001,0.9639455445544554
LinearFunctionPlayer,100,1000,2,200,0.7,0.9949449999999999,0.9886782178217823
LinearFunctionPlayer,100,1000,2,200,0.7,0.99507,0.9867326732673267
LinearFunctionPlayer,100,1000,2,200,0.7,0.99464,0.9896831683168318
LinearFunctionPlayer,100,1000,2,200,0.7,0.9950800000000002,0.9764158415841584
LinearFunctionPlayer,100,1000,2,200,0.7,0.9948300000000002,0.9789900990099009
LinearFunctionPlayer,100,1000,2,200,0.7,0.9945150000000001,0.9935594059405941
LinearFunctionPlayer,100,1000,2,200,0.7,0.993955,0.972430693069307
LinearFunctionPlayer,100,1000,2,200,0.7,0.9944299999999999,0.9732475247524751
LinearFunctionPlayer,100,1000,2,200,0.7,0.994545,0.991193069306931
LinearFunctionPlayer,100,1000,2,200,0.7,0.9944,0.975039603960396
LinearFunctionPlayer,100,1000,2,200,0.7,0.9937950000000002,0.9937871287128713
LinearFunctionPlayer,100,1000,2,200,0.7,0.9940850000000002,0.968638613861386
LinearFunctionPlayer,100,1000,2,200,0.7,0.99479,0.9938118811881188
LinearFunctionPlayer,100,1000,2,200,0.7,0.9943400000000001,0.9882376237623762
LinearFunctionPlayer,100,1000,2,200,0.7,0.9945099999999999,0.9873564356435643
LinearFunctionPlayer,100,1000,2,200,0.7,0.9943850000000001,0.9753019801980198
LinearFunctionPlayer,100,1000,2,200,0.7,0.9950649999999999,0.9766485148514852
LinearFunctionPlayer,100,1000,2,200,0.7,0.994485,0.9929851485148514
LinearFunctionPlayer,100,1000,2,200,0.7,0.9949600000000003,0.9718613861386136
LinearFunctionPlayer,100,1000,2,200,0.7,0.99331,0.9792871287128712
LinearFunctionPlayer,100,1000,2,200,0.7,0.99401,0.9814455445544553
LinearFunctionPlayer,100,1000,2,200,0.7,0.99372,0.9481485148514853
LinearFunctionPlayer,100,1000,2,200,0.7,0.9951050000000001,0.9771039603960396
LinearFunctionPlayer,100,1000,2,200,0.7,0.9941950000000002,0.9889158415841586
LinearFunctionPlayer,100,1000,2,200,0.7,0.99473,0.9811980198019805
LinearFunctionPlayer,100,1000,2,200,0.7,0.99473,0.9903861386138614
LinearFunctionPlayer,100,1000,2,200,0.7,0.9954150000000002,0.9705396039603962
LinearFunctionPlayer,100,1000,2,200,0.7,0.9935050000000001,0.9919851485148516
LinearFunctionPlayer,100,1000,2,200,0.7,0.9946350000000002,0.9782029702970297
LinearFunctionPlayer,100,1000,2,200,0.7,0.9944149999999999,0.9795297029702972
LinearFunctionPlayer,100,1000,2,200,0.7,0.9940700000000001,0.9892178217821781
LinearFunctionPlayer,100,1000,2,200,0.7,0.9952450000000002,0.9929257425742574
LinearFunctionPlayer,100,1000,2,200,0.7,0.9946350000000003,0.9790445544554454
LinearFunctionPlayer,100,1000,2,200,0.7,0.9943749999999999,0.9826881188118812
LinearFunctionPlayer,100,1000,2,200,0.7,0.9944600000000001,0.9931386138613861
LinearFunctionPlayer,100,1000,2,200,0.7,0.994875,0.9932227722772278
LinearFunctionPlayer,100,1000,2,200,0.7,0.9938400000000001,0.9790396039603959
LinearFunctionPlayer,100,1000,2,200,0.7,0.9944200000000002,0.9815643564356437
LinearFunctionPlayer,100,1000,2,200,0.7,0.9946849999999999,0.9785099009900993
LinearFunctionPlayer,100,1000,2,200,0.7,0.99477,0.9935346534653466
LinearFunctionPlayer,100,1000,2,200,0.7,0.99543,0.994148514851485
LinearFunctionPlayer,100,1000,2,200,0.7,0.9946149999999999,0.9782920792079207
LinearFunctionPlayer,100,1000,2,200,0.7,0.9953,0.989811881188119
LinearFunctionPlayer,100,1000,2,200,0.7,0.9944649999999998,0.9929752475247524
LinearFunctionPlayer,100,1000,2,200,0.7,0.9953649999999999,0.9908366336633664
LinearFunctionPlayer,100,1000,2,200,0.7,0.994765,0.9908465346534653
LinearFunctionPlayer,100,1000,2,200,0.7,0.9943149999999998,0.9736485148514853
LinearFunctionPlayer,100,1000,2,200,0.7,0.9940199999999999,0.9841782178217822
LinearFunctionPlayer,100,1000,2,200,0.7,0.9949750000000003,0.995232673267327
LinearFunctionPlayer,100,1000,2,200,0.7,0.994405,0.9877673267326732
LinearFunctionPlayer,100,1000,2,200,0.7,0.99414,0.9712871287128713
LinearFunctionPlayer,100,1000,2,200,0.7,0.9939550000000003,0.9727277227722773
LinearFunctionPlayer,100,1000,2,200,0.7,0.99495,0.9932970297029704
LinearFunctionPlayer,100,1000,2,200,0.7,0.99541,0.9936732673267327
LinearFunctionPlayer,100,1000,2,200,0.7,0.994105,0.9814306930693071
LinearFunctionPlayer,100,1000,2,200,0.7,0.995275,0.9842623762376239
LinearFunctionPlayer,100,1000,2,200,0.7,0.9949900000000003,0.9908910891089109
LinearFunctionPlayer,100,1000,2,200,0.7,0.9941500000000002,0.9765049504950496
LinearFunctionPlayer,100,1000,2,200,0.7,0.9946299999999999,0.9875346534653466
LinearFunctionPlayer,100,1000,2,200,0.7,0.9940300000000001,0.9784455445544555
LinearFunctionPlayer,100,1000,2,200,0.7,0.99383,0.9675247524752474
LinearFunctionPlayer,100,1000,2,200,0.7,0.99458,0.987851485148515
LinearFunctionPlayer,100,1000,2,200,0.7,0.9940600000000002,0.9856435643564357
LinearFunctionPlayer,100,1000,2,200,0.7,0.994305,0.9906782178217822
LinearFunctionPlayer,100,1000,2,200,0.7,0.9948799999999999,0.9783663366336632
LinearFunctionPlayer,100,1000,2,200,0.7,0.99396,0.990029702970297
LinearFunctionPlayer,100,1000,2,200,0.7,0.9943449999999998,0.9850247524752475
LinearFunctionPlayer,100,1000,2,200,0.7,0.9945750000000002,0.9874306930693068
LinearFunctionPlayer,100,1000,2,200,0.7,0.9947449999999999,0.980539603960396
LinearFunctionPlayer,100,1000,2,200,0.7,0.9951350000000001,0.9702524752475247
LinearFunctionPlayer,100,1000,2,200,0.7,0.9944900000000001,0.9897524752475246
LinearFunctionPlayer,100,1000,2,200,0.7,0.9944950000000001,0.9870346534653467
LinearFunctionPlayer,100,1000,2,200,0.7,0.9947050000000002,0.9925495049504951
LinearFunctionPlayer,100,1000,2,200,0.7,0.9946500000000001,0.9803069306930693
LinearFunctionPlayer,100,1000,2,200,0.7,0.9948699999999999,0.9956633663366338
LinearFunctionPlayer,100,1000,2,200,0.7,0.99495,0.9919504950495049
LinearFunctionPlayer,100,1000,2,200,0.7,0.9950100000000001,0.9868415841584159
LinearFunctionPlayer,100,1000,2,200,0.7,0.9956250000000001,0.9924108910891091
LinearFunctionPlayer,100,1000,2,200,0.7,0.9946650000000001,0.9804504950495048
LinearFunctionPlayer,100,1000,2,200,0.7,0.9950899999999998,0.9817722772277226
LinearFunctionPlayer,100,1000,2,200,0.7,0.9948700000000003,0.9825544554455446
LinearFunctionPlayer,100,1000,2,200,0.7,0.99466,0.9836336633663367
LinearFunctionPlayer,100,1000,2,200,0.7,0.9947650000000001,0.9781930693069305
LinearFunctionPlayer,100,1000,2,200,0.7,0.9950199999999999,0.9923960396039604
LinearFunctionPlayer,100,1000,2,200,0.7,0.9947850000000001,0.9919554455445545
LinearFunctionPlayer,100,1000,2,200,0.7,0.994925,0.9685297029702972
LinearFunctionPlayer,100,1000,2,200,0.7,0.994365,0.9673514851485149
LinearFunctionPlayer,100,1000,2,200,0.7,0.9944600000000001,0.9893465346534654
LinearFunctionPlayer,100,1000,2,200,0.7,0.99432,0.9917821782178219
LinearFunctionPlayer,100,1000,2,200,0.7,0.994595,0.9860346534653466
LinearFunctionPlayer,100,1000,2,200,0.7,0.9945249999999999,0.988668316831683
LinearFunctionPlayer,100,1000,2,200,0.7,0.9949900000000003,0.972049504950495
LinearFunctionPlayer,100,1000,2,200,0.7,0.9946200000000001,0.9706930693069304
LinearFunctionPlayer,100,1000,2,200,0.7,0.9952699999999999,0.9799009900990099
LinearFunctionPlayer,100,1000,2,200,0.7,0.9942949999999999,0.9651930693069304
LinearFunctionPlayer,100,1000,2,200,0.7,0.9941200000000001,0.985277227722772
LinearFunctionPlayer,100,1000,2,200,0.7,0.9948050000000002,0.9861435643564356
LinearFunctionPlayer,100,1000,2,200,0.7,0.9942599999999999,0.9748514851485148
LinearFunctionPlayer,100,1000,2,200,0.7,0.99378,0.9844851485148516
LinearFunctionPlayer,100,1000,2,200,0.7,0.9943900000000001,0.966861386138614
SigmoidPlayer,100,1000,2,200,0.7,0.9963500000000001,0.9753267326732672
SigmoidPlayer,100,1000,2,200,0.7,0.99626,0.9709603960396039
SigmoidPlayer,100,1000,2,200,0.7,0.9966550000000001,0.9833217821782181
SigmoidPlayer,100,1000,2,200,0.7,0.9967400000000001,0.9916534653465348
SigmoidPlayer,100,1000,2,200,0.7,0.99639,0.9923366336633664
SigmoidPlayer,100,1000,2,200,0.7,0.9968600000000002,0.9944455445544557
SigmoidPlayer,100,1000,2,200,0.7,0.9966500000000003,0.9796435643564358
SigmoidPlayer,100,1000,2,200,0.7,0.9964400000000002,0.9862277227722772
SigmoidPlayer,100,1000,2,200,0.7,0.9960600000000003,0.9882277227722773
SigmoidPlayer,100,1000,2,200,0.7,0.9965100000000002,0.9924356435643567
SigmoidPlayer,100,1000,2,200,0.7,0.9961100000000002,0.9743465346534655
SigmoidPlayer,100,1000,2,200,0.7,0.9968300000000003,0.9924059405940594
SigmoidPlayer,100,1000,2,200,0.7,0.9963700000000002,0.9697920792079207
SigmoidPlayer,100,1000,2,200,0.7,0.9965750000000003,0.9692029702970297
SigmoidPlayer,100,1000,2,200,0.7,0.9965900000000002,0.9703861386138614
SigmoidPlayer,100,1000,2,200,0.7,0.9970400000000003,0.9822079207920794
SigmoidPlayer,100,1000,2,200,0.7,0.9965700000000001,0.9798019801980198
SigmoidPlayer,100,1000,2,200,0.7,0.9962200000000003,0.9903861386138616
SigmoidPlayer,100,1000,2,200,0.7,0.9956600000000003,0.971188118811881
SigmoidPlayer,100,1000,2,200,0.7,0.9964000000000002,0.9860396039603962
SigmoidPlayer,100,1000,2,200,0.7,0.99688,0.977643564356436
SigmoidPlayer,100,1000,2,200,0.7,0.9964000000000002,0.964970297029703
SigmoidPlayer,100,1000,2,200,0.7,0.9972000000000001,0.9766732673267329
SigmoidPlayer,100,1000,2,200,0.7,0.9962700000000001,0.9942376237623766
SigmoidPlayer,100,1000,2,200,0.7,0.9966200000000001,0.9823465346534654
SigmoidPlayer,100,1000,2,200,0.7,0.99629,0.9765742574257427
SigmoidPlayer,100,1000,2,200,0.7,0.9963700000000002,0.9836930693069307
SigmoidPlayer,100,1000,2,200,0.7,0.9962900000000002,0.9900000000000001
SigmoidPlayer,100,1000,2,200,0.7,0.9962800000000002,0.9920396039603961
SigmoidPlayer,100,1000,2,200,0.7,0.99617,0.9655247524752475
SigmoidPlayer,100,1000,2,200,0.7,0.9966600000000001,0.9880297029702971
SigmoidPlayer,100,1000,2,200,0.7,0.9962000000000002,0.9733663366336632
SigmoidPlayer,100,1000,2,200,0.7,0.9963000000000002,0.9762574257425743
SigmoidPlayer,100,1000,2,200,0.7,0.9963200000000001,0.9625940594059406
SigmoidPlayer,100,1000,2,200,0.7,0.9963500000000002,0.9882079207920793
SigmoidPlayer,100,1000,2,200,0.7,0.9964900000000001,0.9876138613861387
SigmoidPlayer,100,1000,2,200,0.7,0.9970900000000001,0.991673267326733
SigmoidPlayer,100,1000,2,200,0.7,0.9967800000000002,0.971881188118812
SigmoidPlayer,100,1000,2,200,0.7,0.9964700000000001,0.9920099009900992
SigmoidPlayer,100,1000,2,200,0.7,0.9964000000000002,0.9838910891089111
SigmoidPlayer,100,1000,2,200,0.7,0.9966300000000002,0.9882475247524755
SigmoidPlayer,100,1000,2,200,0.7,0.9963100000000001,0.9695742574257425
SigmoidPlayer,100,1000,2,200,0.7,0.99682,0.9920891089108912
SigmoidPlayer,100,1000,2,200,0.7,0.9965,0.9745742574257428
SigmoidPlayer,100,1000,2,200,0.7,0.9966700000000003,0.9852475247524753
SigmoidPlayer,100,1000,2,200,0.7,0.99637,0.9925049504950497
SigmoidPlayer,100,1000,2,200,0.7,0.9966499999999999,0.9875346534653469
SigmoidPlayer,100,1000,2,200,0.7,0.9964250000000001,0.9902524752475249
SigmoidPlayer,100,1000,2,200,0.7,0.99594,0.9861980198019805
SigmoidPlayer,100,1000,2,200,0.7,0.9963500000000001,0.9929702970297033
SigmoidPlayer,100,1000,2,200,0.7,0.9961700000000002,0.9671287128712872
SigmoidPlayer,100,1000,2,200,0.7,0.9967100000000001,0.9705940594059408
SigmoidPlayer,100,1000,2,200,0.7,0.99637,0.9772475247524751
SigmoidPlayer,100,1000,2,200,0.7,0.9960700000000001,0.9859108910891091
SigmoidPlayer,100,1000,2,200,0.7,0.9963100000000001,0.9783069306930694
SigmoidPlayer,100,1000,2,200,0.7,0.9963600000000002,0.9863465346534654
SigmoidPlayer,100,1000,2,200,0.7,0.9968100000000003,0.9895742574257428
SigmoidPlayer,100,1000,2,200,0.7,0.99607,0.9829504950495052
SigmoidPlayer,100,1000,2,200,0.7,0.9969000000000001,0.9753861386138614
SigmoidPlayer,100,1000,2,200,0.7,0.9967400000000001,0.9646732673267325
SigmoidPlayer,100,1000,2,200,0.7,0.9961500000000001,0.961920792079208
SigmoidPlayer,100,1000,2,200,0.7,0.9966699999999998,0.9927821782178219
SigmoidPlayer,100,1000,2,200,0.7,0.9962200000000001,0.9536336633663366
SigmoidPlayer,100,1000,2,200,0.7,0.99607,0.9669702970297029
SigmoidPlayer,100,1000,2,200,0.7,0.9964400000000003,0.9832871287128714
SigmoidPlayer,100,1000,2,200,0.7,0.9967900000000002,0.9907722772277229
SigmoidPlayer,100,1000,2,200,0.7,0.99627,0.9871089108910892
SigmoidPlayer,100,1000,2,200,0.7,0.9965500000000002,0.9927425742574257
SigmoidPlayer,100,1000,2,200,0.7,0.9964000000000002,0.9832475247524751
SigmoidPlayer,100,1000,2,200,0.7,0.9967100000000001,0.9930000000000003
SigmoidPlayer,100,1000,2,200,0.7,0.9963500000000002,0.9858910891089112
SigmoidPlayer,100,1000,2,200,0.7,0.99655,0.9483564356435643
SigmoidPlayer,100,1000,2,200,0.7,0.9961900000000001,0.9783663366336635
SigmoidPlayer,100,1000,2,200,0.7,0.99658,0.9871287128712875
SigmoidPlayer,100,1000,2,200,0.7,0.9963700000000002,0.9855841584158416
SigmoidPlayer,100,1000,2,200,0.7,0.99633,0.9702970297029705
SigmoidPlayer,100,1000,2,200,0.7,0.9960300000000002,0.9606930693069307
SigmoidPlayer,100,1000,2,200,0.7,0.9963600000000001,0.9886930693069307
SigmoidPlayer,100,1000,2,200,0.7,0.9965200000000003,0.9860693069306931
SigmoidPlayer,100,1000,2,200,0.7,0.9968450000000001,0.9766881188118813
SigmoidPlayer,100,1000,2,200,0.7,0.9968200000000002,0.9676435643564356
SigmoidPlayer,100,1000,2,200,0.7,0.99685,0.9895940594059407
SigmoidPlayer,100,1000,2,200,0.7,0.99673,0.9742970297029704
SigmoidPlayer,100,1000,2,200,0.7,0.9965200000000002,0.9598712871287131
SigmoidPlayer,100,1000,2,200,0.7,0.9967600000000002,0.9781188118811882
SigmoidPlayer,100,1000,2,200,0.7,0.9971000000000001,0.9850990099009903
SigmoidPlayer,100,1000,2,200,0.7,0.9961800000000003,0.9914455445544557
SigmoidPlayer,100,1000,2,200,0.7,0.9963600000000002,0.9928217821782181
SigmoidPlayer,100,1000,2,200,0.7,0.99605,0.9896138613861385
SigmoidPlayer,100,1000,2,200,0.7,0.9968600000000001,0.9798712871287132
SigmoidPlayer,100,1000,2,200,0.7,0.9966300000000002,0.9925544554455448
SigmoidPlayer,100,1000,2,200,0.7,0.9960600000000001,0.9653366336633664
SigmoidPlayer,100,1000,2,200,0.7,0.9964400000000001,0.9920990099009902
SigmoidPlayer,100,1000,2,200,0.7,0.9962800000000003,0.9930792079207924
SigmoidPlayer,100,1000,2,200,0.7,0.9961,0.9656039603960397
SigmoidPlayer,100,1000,2,200,0.7,0.99655,0.9904356435643565
SigmoidPlayer,100,1000,2,200,0.7,0.9963100000000003,0.9839504950495052
SigmoidPlayer,100,1000,2,200,0.7,0.9965600000000001,0.9753168316831685
SigmoidPlayer,100,1000,2,200,0.7,0.9963100000000001,0.9742574257425743
SigmoidPlayer,100,1000,2,200,0.7,0.9965300000000002,0.9802376237623763
LRPlayer,100,1000,2,200,0.7,0.99647,0.9924554455445544
LRPlayer,100,1000,2,200,0.7,0.9964200000000002,0.9863465346534651
LRPlayer,100,1000,2,200,0.7,0.9962049999999999,0.9845693069306931
LRPlayer,100,1000,2,200,0.7,0.9958650000000001,0.9833316831683169
LRPlayer,100,1000,2,200,0.7,0.9968049999999998,0.9880445544554456
LRPlayer,100,1000,2,200,0.7,0.99617,0.9917326732673268
LRPlayer,100,1000,2,200,0.7,0.9962800000000002,0.9575643564356435
LRPlayer,100,1000,2,200,0.7,0.9962199999999999,0.9867227722772276
LRPlayer,100,1000,2,200,0.7,0.9961000000000001,0.9828415841584158
LRPlayer,100,1000,2,200,0.7,0.9963299999999999,0.9738910891089112
LRPlayer,100,1000,2,200,0.7,0.996,0.9835346534653465
LRPlayer,100,1000,2,200,0.7,0.9960550000000002,0.9767178217821783
LRPlayer,100,1000,2,200,0.7,0.995825,0.9921633663366335
LRPlayer,100,1000,2,200,0.7,0.996035,0.9752524752475248
LRPlayer,100,1000,2,200,0.7,0.996075,0.9749257425742573
LRPlayer,100,1000,2,200,0.7,0.996055,0.9748861386138611
LRPlayer,100,1000,2,200,0.7,0.9964500000000003,0.9939801980198021
LRPlayer,100,1000,2,200,0.7,0.9968650000000001,0.9894801980198017
LRPlayer,100,1000,2,200,0.7,0.9963700000000002,0.9914257425742575
LRPlayer,100,1000,2,200,0.7,0.996415,0.9926287128712873
LRPlayer,100,1000,2,200,0.7,0.996065,0.9941534653465346
LRPlayer,100,1000,2,200,0.7,0.996285,0.9788960396039605
LRPlayer,100,1000,2,200,0.7,0.99619,0.9843960396039605
LRPlayer,100,1000,2,200,0.7,0.9966200000000002,0.9885643564356436
LRPlayer,100,1000,2,200,0.7,0.996225,0.9864108910891088
LRPlayer,100,1000,2,200,0.7,0.9958550000000002,0.988331683168317
LRPlayer,100,1000,2,200,0.7,0.9959100000000001,0.9716237623762374
LRPlayer,100,1000,2,200,0.7,0.995865,0.9872128712871289
LRPlayer,100,1000,2,200,0.7,0.9962449999999999,0.977816831683168
LRPlayer,100,1000,2,200,0.7,0.99627,0.9717425742574257
LRPlayer,100,1000,2,200,0.7,0.9968050000000003,0.974658415841584
LRPlayer,100,1000,2,200,0.7,0.9961,0.9905445544554455
LRPlayer,100,1000,2,200,0.7,0.9956,0.990861386138614
LRPlayer,100,1000,2,200,0.7,0.9963600000000001,0.9891386138613862
LRPlayer,100,1000,2,200,0.7,0.9961150000000001,0.9797772277227725
LRPlayer,100,1000,2,200,0.7,0.9957250000000001,0.9690445544554458
LRPlayer,100,1000,2,200,0.7,0.99658,0.9881683168316833
LRPlayer,100,1000,2,200,0.7,0.99634,0.9878514851485146
LRPlayer,100,1000,2,200,0.7,0.99594,0.9875544554455445
LRPlayer,100,1000,2,200,0.7,0.99633,0.9876831683168317
LRPlayer,100,1000,2,200,0.7,0.995835,0.9937673267326732
LRPlayer,100,1000,2,200,0.7,0.996115,0.9889950495049505
LRPlayer,100,1000,2,200,0.7,0.9961600000000002,0.9923267326732675
LRPlayer,100,1000,2,200,0.7,0.9963650000000003,0.9946089108910888
LRPlayer,100,1000,2,200,0.7,0.99614,0.9785940594059406
LRPlayer,100,1000,2,200,0.7,0.9959450000000001,0.9806386138613863
LRPlayer,100,1000,2,200,0.7,0.9962650000000002,0.9578564356435644
LRPlayer,100,1000,2,200,0.7,0.9962150000000003,0.9689950495049503
LRPlayer,100,1000,2,200,0.7,0.9962350000000001,0.9798168316831681
LRPlayer,100,1000,2,200,0.7,0.99653,0.9891188118811882
LRPlayer,100,1000,2,200,0.7,0.996195,0.9759752475247526
LRPlayer,100,1000,2,200,0.7,0.9963950000000001,0.973589108910891
LRPlayer,100,1000,2,200,0.7,0.9964350000000002,0.9784900990099008
LRPlayer,100,1000,2,200,0.7,0.9964600000000001,0.9783366336633664
LRPlayer,100,1000,2,200,0.7,0.9967450000000001,0.9946584158415842
LRPlayer,100,1000,2,200,0.7,0.9965900000000001,0.9916633663366337
LRPlayer,100,1000,2,200,0.7,0.99638,0.9858118811881187
LRPlayer,100,1000,2,200,0.7,0.996365,0.9893019801980201
LRPlayer,100,1000,2,200,0.7,0.99619,0.9827920792079208
LRPlayer,100,1000,2,200,0.7,0.99626,0.9945049504950498
LRPlayer,100,1000,2,200,0.7,0.996015,0.9896386138613862
LRPlayer,100,1000,2,200,0.7,0.9964950000000001,0.9821633663366336
LRPlayer,100,1000,2,200,0.7,0.9961850000000001,0.9861534653465348
LRPlayer,100,1000,2,200,0.7,0.9962050000000001,0.9774999999999999
LRPlayer,100,1000,2,200,0.7,0.9965649999999999,0.9864603960396042
LRPlayer,100,1000,2,200,0.7,0.9962500000000002,0.9731683168316831
LRPlayer,100,1000,2,200,0.7,0.9961050000000001,0.9679950495049503
LRPlayer,100,1000,2,200,0.7,0.9963850000000002,0.9704009900990097
LRPlayer,100,1000,2,200,0.7,0.9965350000000001,0.9862326732673267
LRPlayer,100,1000,2,200,0.7,0.996035,0.9876287128712871
LRPlayer,100,1000,2,200,0.7,0.9962849999999999,0.9680247524752476
LRPlayer,100,1000,2,200,0.7,0.9963000000000001,0.9876831683168317
LRPlayer,100,1000,2,200,0.7,0.995895,0.9808762376237624
LRPlayer,100,1000,2,200,0.7,0.9964049999999999,0.9838564356435644
LRPlayer,100,1000,2,200,0.7,0.9966350000000002,0.9910346534653467
LRPlayer,100,1000,2,200,0.7,0.996425,0.9933415841584159
LRPlayer,100,1000,2,200,0.7,0.996425,0.9925099009900992
LRPlayer,100,1000,2,200,0.7,0.9962000000000002,0.9903267326732673
LRPlayer,100,1000,2,200,0.7,0.9960250000000002,0.9926980198019802
LRPlayer,100,1000,2,200,0.7,0.9965250000000002,0.9817178217821781
LRPlayer,100,1000,2,200,0.7,0.9964300000000001,0.9816831683168314
LRPlayer,100,1000,2,200,0.7,0.9967300000000001,0.9902871287128714
LRPlayer,100,1000,2,200,0.7,0.9963500000000001,0.9960891089108911
LRPlayer,100,1000,2,200,0.7,0.99637,0.9883663366336632
LRPlayer,100,1000,2,200,0.7,0.99606,0.9657326732673267
LRPlayer,100,1000,2,200,0.7,0.9960850000000001,0.9845297029702972
LRPlayer,100,1000,2,200,0.7,0.9963150000000001,0.9933316831683168
LRPlayer,100,1000,2,200,0.7,0.9961750000000003,0.9766188118811882
LRPlayer,100,1000,2,200,0.7,0.9962200000000001,0.96790099009901
LRPlayer,100,1000,2,200,0.7,0.9962800000000002,0.9938514851485148
LRPlayer,100,1000,2,200,0.7,0.99615,0.9854554455445546
LRPlayer,100,1000,2,200,0.7,0.996255,0.9781930693069307
LRPlayer,100,1000,2,200,0.7,0.99586,0.985069306930693
LRPlayer,100,1000,2,200,0.7,0.9962400000000002,0.971128712871287
LRPlayer,100,1000,2,200,0.7,0.99643,0.9777524752475247
LRPlayer,100,1000,2,200,0.7,0.9961800000000001,0.9801980198019803
LRPlayer,100,1000,2,200,0.7,0.9960450000000001,0.9840247524752473
LRPlayer,100,1000,2,200,0.7,0.9962000000000001,0.9873663366336636
LRPlayer,100,1000,2,200,0.7,0.996095,0.9823019801980198
LRPlayer,100,1000,2,200,0.7,0.9965150000000002,0.9746485148514853
MLPPlayer,100,1000,2,200,0.7,0.9836550000000002,0.967549504950495
MLPPlayer,100,1000,2,200,0.7,0.9836700000000002,0.9697623762376237
MLPPlayer,100,1000,2,200,0.7,0.9841,0.9701089108910892
MLPPlayer,100,1000,2,200,0.7,0.983955,0.921450495049505
MLPPlayer,100,1000,2,200,0.7,0.9835200000000001,0.9432079207920793
MLPPlayer,100,1000,2,200,0.7,0.9838300000000001,0.9678316831683167
MLPPlayer,100,1000,2,200,0.7,0.9841749999999999,0.954727722772277
MLPPlayer,100,1000,2,200,0.7,0.9831,0.947980198019802
MLPPlayer,100,1000,2,200,0.7,0.984185,0.9467079207920791
MLPPlayer,100,1000,2,200,0.7,0.9834499999999999,0.9691584158415844
MLPPlayer,100,1000,2,200,0.7,0.9841749999999999,0.9621237623762378
MLPPlayer,100,1000,2,200,0.7,0.9842400000000002,0.945108910891089
MLPPlayer,100,1000,2,200,0.7,0.9836350000000001,0.9491435643564355
MLPPlayer,100,1000,2,200,0.7,0.9842700000000001,0.9617524752475247
MLPPlayer,100,1000,2,200,0.7,0.9839549999999998,0.9402425742574257
MLPPlayer,100,1000,2,200,0.7,0.983545,0.9777871287128713
MLPPlayer,100,1000,2,200,0.7,0.9837400000000001,0.9478712871287128
MLPPlayer,100,1000,2,200,0.7,0.9851050000000001,0.9106980198019802
MLPPlayer,100,1000,2,200,0.7,0.9847100000000002,0.9250693069306932
MLPPlayer,100,1000,2,200,0.7,0.9833700000000001,0.972059405940594
MLPPlayer,100,1000,2,200,0.7,0.9842750000000001,0.956430693069307
MLPPlayer,100,1000,2,200,0.7,0.9850550000000001,0.9239455445544554
MLPPlayer,100,1000,2,200,0.7,0.98382,0.9797425742574257
MLPPlayer,100,1000,2,200,0.7,0.9847850000000001,0.9272029702970298
MLPPlayer,100,1000,2,200,0.7,0.9836049999999998,0.9329158415841585
MLPPlayer,100,1000,2,200,0.7,0.9849049999999999,0.9166881188118813
MLPPlayer,100,1000,2,200,0.7,0.9837400000000001,0.9657524752475248
MLPPlayer,100,1000,2,200,0.7,0.9836250000000001,0.953361386138614
MLPPlayer,100,1000,2,200,0.7,0.983625,0.9864405940594061
MLPPlayer,100,1000,2,200,0.7,0.9842150000000003,0.9389851485148517
MLPPlayer,100,1000,2,200,0.7,0.98379,0.9818019801980199
MLPPlayer,100,1000,2,200,0.7,0.9841150000000001,0.9844009900990102
MLPPlayer,100,1000,2,200,0.7,0.9846349999999999,0.9301831683168317
MLPPlayer,100,1000,2,200,0.7,0.984175,0.9282722772277229
MLPPlayer,100,1000,2,200,0.7,0.9837000000000002,0.9394653465346534
MLPPlayer,100,1000,2,200,0.7,0.9835450000000001,0.9575396039603961
MLPPlayer,100,1000,2,200,0.7,0.9835350000000002,0.9678267326732674
MLPPlayer,100,1000,2,200,0.7,0.98458,0.9015148514851482
MLPPlayer,100,1000,2,200,0.7,0.9841150000000002,0.9683712871287128
MLPPlayer,100,1000,2,200,0.7,0.9842500000000001,0.9508514851485149
MLPPlayer,100,1000,2,200,0.7,0.9851150000000001,0.9182326732673269
MLPPlayer,100,1000,2,200,0.7,0.984105,0.9430940594059407
MLPPlayer,100,1000,2,200,0.7,0.984335,0.9558663366336635
MLPPlayer,100,1000,2,200,0.7,0.9841000000000001,0.9675148514851485
MLPPlayer,100,1000,2,200,0.7,0.9847350000000001,0.9193019801980199
MLPPlayer,100,1000,2,200,0.7,0.98452,0.9345445544554456
MLPPlayer,100,1000,2,200,0.7,0.9838300000000001,0.9375544554455444
MLPPlayer,100,1000,2,200,0.7,0.985035,0.9160940594059406
MLPPlayer,100,1000,2,200,0.7,0.9836099999999999,0.956188118811881
MLPPlayer,100,1000,2,200,0.7,0.98461,0.9181089108910893
MLPPlayer,100,1000,2,200,0.7,0.9846749999999999,0.9095000000000001
MLPPlayer,100,1000,2,200,0.7,0.984485,0.9606584158415842
MLPPlayer,100,1000,2,200,0.7,0.9838850000000001,0.9792029702970297
MLPPlayer,100,1000,2,200,0.7,0.983735,0.951450495049505
MLPPlayer,100,1000,2,200,0.7,0.9839300000000003,0.9478415841584158
MLPPlayer,100,1000,2,200,0.7,0.9843600000000003,0.9585643564356435
MLPPlayer,100,1000,2,200,0.7,0.9834049999999999,0.9778861386138613
MLPPlayer,100,1000,2,200,0.7,0.98433,0.9512871287128715
MLPPlayer,100,1000,2,200,0.7,0.9839899999999999,0.9482079207920794
MLPPlayer,100,1000,2,200,0.7,0.9839199999999999,0.9492871287128715
MLPPlayer,100,1000,2,200,0.7,0.9832900000000001,0.9576138613861387
MLPPlayer,100,1000,2,200,0.7,0.9836550000000002,0.9370148514851487
MLPPlayer,100,1000,2,200,0.7,0.98382,0.9862574257425744
MLPPlayer,100,1000,2,200,0.7,0.983665,0.9527871287128714
MLPPlayer,100,1000,2,200,0.7,0.9846699999999998,0.9495346534653466
MLPPlayer,100,1000,2,200,0.7,0.9848950000000001,0.9095099009900992
MLPPlayer,100,1000,2,200,0.7,0.984555,0.9407178217821782
MLPPlayer,100,1000,2,200,0.7,0.9836699999999999,0.9583861386138613
MLPPlayer,100,1000,2,200,0.7,0.9833799999999999,0.9814158415841587
MLPPlayer,100,1000,2,200,0.7,0.9847000000000001,0.9256138613861389
MLPPlayer,100,1000,2,200,0.7,0.98472,0.9265841584158414
MLPPlayer,100,1000,2,200,0.7,0.9836250000000003,0.9449653465346534
MLPPlayer,100,1000,2,200,0.7,0.9846699999999999,0.9243267326732674
MLPPlayer,100,1000,2,200,0.7,0.9843200000000002,0.9470594059405941
MLPPlayer,100,1000,2,200,0.7,0.98419,0.9348613861386138
MLPPlayer,100,1000,2,200,0.7,0.9844700000000001,0.9402376237623761
MLPPlayer,100,1000,2,200,0.7,0.984315,0.9341831683168316
MLPPlayer,100,1000,2,200,0.7,0.98394,0.9583069306930695
MLPPlayer,100,1000,2,200,0.7,0.9849049999999999,0.8955000000000001
MLPPlayer,100,1000,2,200,0.7,0.9840050000000001,0.9479554455445545
MLPPlayer,100,1000,2,200,0.7,0.98438,0.9151287128712873
MLPPlayer,100,1000,2,200,0.7,0.9841100000000002,0.9580990099009903
MLPPlayer,100,1000,2,200,0.7,0.9840500000000002,0.9761782178217819
MLPPlayer,100,1000,2,200,0.7,0.9829700000000001,0.9574257425742576
MLPPlayer,100,1000,2,200,0.7,0.9853300000000002,0.9262277227722774
MLPPlayer,100,1000,2,200,0.7,0.982985,0.9716287128712873
MLPPlayer,100,1000,2,200,0.7,0.9842150000000001,0.9395594059405942
MLPPlayer,100,1000,2,200,0.7,0.98358,0.9720198019801978
MLPPlayer,100,1000,2,200,0.7,0.984415,0.9008564356435643
MLPPlayer,100,1000,2,200,0.7,0.9841700000000002,0.9471188118811882
MLPPlayer,100,1000,2,200,0.7,0.9841150000000001,0.939450495049505
MLPPlayer,100,1000,2,200,0.7,0.984435,0.8862821782178217
MLPPlayer,100,1000,2,200,0.7,0.98394,0.944960396039604
MLPPlayer,100,1000,2,200,0.7,0.98394,0.9289801980198018
MLPPlayer,100,1000,2,200,0.7,0.9832149999999998,0.9699455445544555
MLPPlayer,100,1000,2,200,0.7,0.9847699999999999,0.9063168316831681
Player,100,1000,2,200,0.75,0.9905150000000001,0.9709851485148515
Player,100,1000,2,200,0.75,0.9899250000000002,0.9424900990099009
Player,100,1000,2,200,0.75,0.9905750000000001,0.9627376237623763
Player,100,1000,2,200,0.75,0.99007,0.9714653465346536
Player,100,1000,2,200,0.75,0.9905250000000001,0.9898267326732675
Player,100,1000,2,200,0.75,0.9901650000000002,0.9456485148514853
Player,100,1000,2,200,0.75,0.990595,0.9892821782178218
Player,100,1000,2,200,0.75,0.9906,0.9540792079207919
Player,100,1000,2,200,0.75,0.9910400000000001,0.9775544554455446
Player,100,1000,2,200,0.75,0.9908199999999999,0.9874752475247526
Player,100,1000,2,200,0.75,0.9897900000000002,0.9900297029702971
Player,100,1000,2,200,0.75,0.990935,0.9791930693069308
Player,100,1000,2,200,0.75,0.9896349999999999,0.98240099009901
Player,100,1000,2,200,0.75,0.9904550000000001,0.9578366336633664
Player,100,1000,2,200,0.75,0.9910250000000002,0.9861237623762378
Player,100,1000,2,200,0.75,0.991175,0.9914603960396041
Player,100,1000,2,200,0.75,0.991015,0.9885099009900988
Player,100,1000,2,200,0.75,0.9901399999999999,0.9656138613861386
Player,100,1000,2,200,0.75,0.9909850000000001,0.9810841584158417
Player,100,1000,2,200,0.75,0.9909600000000001,0.9843564356435643
Player,100,1000,2,200,0.75,0.9903000000000002,0.9276732673267326
Player,100,1000,2,200,0.75,0.9904599999999999,0.9842871287128714
Player,100,1000,2,200,0.75,0.99113,0.9860297029702969
Player,100,1000,2,200,0.75,0.9906150000000001,0.9638861386138614
Player,100,1000,2,200,0.75,0.99068,0.9848712871287131
Player,100,1000,2,200,0.75,0.98983,0.9755148514851487
Player,100,1000,2,200,0.75,0.9895550000000002,0.9742128712871285
Player,100,1000,2,200,0.75,0.9906350000000002,0.9881138613861389
Player,100,1000,2,200,0.75,0.9903150000000001,0.942707920792079
Player,100,1000,2,200,0.75,0.9904700000000001,0.9811782178217822
Player,100,1000,2,200,0.75,0.990565,0.9637871287128713
Player,100,1000,2,200,0.75,0.9899150000000002,0.9747475247524753
Player,100,1000,2,200,0.75,0.9899050000000001,0.9774603960396041
Player,100,1000,2,200,0.75,0.9906600000000002,0.9647623762376238
Player,100,1000,2,200,0.75,0.991105,0.9846485148514852
Player,100,1000,2,200,0.75,0.9898500000000002,0.9840990099009902
Player,100,1000,2,200,0.75,0.991135,0.9547178217821782
Player,100,1000,2,200,0.75,0.9901599999999999,0.9352376237623763
Player,100,1000,2,200,0.75,0.99068,0.9575346534653465
Player,100,1000,2,200,0.75,0.990395,0.9531831683168317
Player,100,1000,2,200,0.75,0.9902000000000001,0.9821881188118813
Player,100,1000,2,200,0.75,0.9907350000000003,0.9811831683168318
Player,100,1000,2,200,0.75,0.990955,0.948391089108911
Player,100,1000,2,200,0.75,0.9903150000000001,0.9638267326732674
Player,100,1000,2,200,0.75,0.990445,0.9836683168316831
Player,100,1000,2,200,0.75,0.9906550000000002,0.9365495049504948
Player,100,1000,2,200,0.75,0.9908250000000001,0.9683316831683169
Player,100,1000,2,200,0.75,0.9910200000000002,0.9508019801980198
Player,100,1000,2,200,0.75,0.9912050000000001,0.9834900990099008
Player,100,1000,2,200,0.75,0.9913250000000001,0.9802920792079207
Player,100,1000,2,200,0.75,0.9901750000000001,0.9878069306930694
Player,100,1000,2,200,0.75,0.9913750000000003,0.9816683168316832
Player,100,1000,2,200,0.75,0.9910850000000001,0.9599059405940593
Player,100,1000,2,200,0.75,0.9908000000000002,0.9901683168316834
Player,100,1000,2,200,0.75,0.991255,0.9862722772277229
Player,100,1000,2,200,0.75,0.9897099999999999,0.9462079207920793
Player,100,1000,2,200,0.75,0.9899650000000001,0.9839356435643564
Player,100,1000,2,200,0.75,0.9909249999999998,0.9744108910891088
Player,100,1000,2,200,0.75,0.990325,0.9518960396039605
Player,100,1000,2,200,0.75,0.9913400000000001,0.9849306930693071
Player,100,1000,2,200,0.75,0.9905000000000002,0.9390198019801981
Player,100,1000,2,200,0.75,0.9909250000000002,0.9606980198019801
Player,100,1000,2,200,0.75,0.99043,0.974029702970297
Player,100,1000,2,200,0.75,0.9911750000000003,0.9817475247524752
Player,100,1000,2,200,0.75,0.9907050000000001,0.9778564356435644
Player,100,1000,2,200,0.75,0.9903000000000002,0.9802871287128714
Player,100,1000,2,200,0.75,0.990755,0.9797673267326732
Player,100,1000,2,200,0.75,0.9907250000000002,0.9780841584158417
Player,100,1000,2,200,0.75,0.9906400000000001,0.9467227722772277
Player,100,1000,2,200,0.75,0.9906100000000001,0.9757227722772279
Player,100,1000,2,200,0.75,0.9910650000000001,0.9821633663366338
Player,100,1000,2,200,0.75,0.9899400000000002,0.9576831683168314
Player,100,1000,2,200,0.75,0.9900150000000002,0.9830049504950495
Player,100,1000,2,200,0.75,0.990605,0.9818960396039604
Player,100,1000,2,200,0.75,0.9900700000000002,0.9502871287128715
Player,100,1000,2,200,0.75,0.9914350000000001,0.9850247524752475
Player,100,1000,2,200,0.75,0.9894850000000003,0.938529702970297
Player,100,1000,2,200,0.75,0.990245,0.9864405940594059
Player,100,1000,2,200,0.75,0.9901300000000001,0.988673267326733
Player,100,1000,2,200,0.75,0.991605,0.9644009900990099
Player,100,1000,2,200,0.75,0.9904850000000001,0.9839950495049504
Player,100,1000,2,200,0.75,0.990765,0.9821336633663366
Player,100,1000,2,200,0.75,0.98977,0.9814950495049504
Player,100,1000,2,200,0.75,0.9902600000000001,0.9543861386138613
Player,100,1000,2,200,0.75,0.9909250000000002,0.9903811881188118
Player,100,1000,2,200,0.75,0.990665,0.9852821782178217
Player,100,1000,2,200,0.75,0.9903300000000002,0.9453861386138613
Player,100,1000,2,200,0.75,0.9911650000000002,0.9702029702970298
Player,100,1000,2,200,0.75,0.990355,0.9652029702970297
Player,100,1000,2,200,0.75,0.991195,0.9839653465346534
Player,100,1000,2,200,0.75,0.9908100000000001,0.9878316831683168
Player,100,1000,2,200,0.75,0.9905650000000001,0.9817871287128715
Player,100,1000,2,200,0.75,0.9909,0.9754752475247526
Player,100,1000,2,200,0.75,0.9906750000000001,0.9703415841584158
Player,100,1000,2,200,0.75,0.9910750000000002,0.9605396039603961
Player,100,1000,2,200,0.75,0.9904350000000001,0.9895
Player,100,1000,2,200,0.75,0.990275,0.9665594059405942
Player,100,1000,2,200,0.75,0.9905750000000001,0.988420792079208
Player,100,1000,2,200,0.75,0.99105,0.9808118811881189
Player,100,1000,2,200,0.75,0.9907149999999999,0.9387079207920791
LinearFunctionPlayer,100,1000,2,200,0.75,0.99261,0.9864158415841583
LinearFunctionPlayer,100,1000,2,200,0.75,0.9928999999999999,0.9874158415841584
LinearFunctionPlayer,100,1000,2,200,0.75,0.99265,0.9719504950495049
LinearFunctionPlayer,100,1000,2,200,0.75,0.994005,0.9876683168316831
LinearFunctionPlayer,100,1000,2,200,0.75,0.9931300000000001,0.9863861386138617
LinearFunctionPlayer,100,1000,2,200,0.75,0.993735,0.9693613861386139
LinearFunctionPlayer,100,1000,2,200,0.75,0.9926649999999999,0.988391089108911
LinearFunctionPlayer,100,1000,2,200,0.75,0.9929350000000001,0.9842128712871286
LinearFunctionPlayer,100,1000,2,200,0.75,0.993395,0.9916188118811881
LinearFunctionPlayer,100,1000,2,200,0.75,0.99346,0.9860099009900989
LinearFunctionPlayer,100,1000,2,200,0.75,0.9932349999999999,0.9874207920792077
LinearFunctionPlayer,100,1000,2,200,0.75,0.9935950000000001,0.9897772277227723
LinearFunctionPlayer,100,1000,2,200,0.75,0.9937750000000001,0.9897871287128713
LinearFunctionPlayer,100,1000,2,200,0.75,0.99349,0.9936138613861386
LinearFunctionPlayer,100,1000,2,200,0.75,0.9935,0.9715049504950496
LinearFunctionPlayer,100,1000,2,200,0.75,0.99287,0.9766237623762376
LinearFunctionPlayer,100,1000,2,200,0.75,0.9937400000000001,0.9885247524752476
LinearFunctionPlayer,100,1000,2,200,0.75,0.9929150000000001,0.9875000000000002
LinearFunctionPlayer,100,1000,2,200,0.75,0.9937400000000001,0.9791089108910891
LinearFunctionPlayer,100,1000,2,200,0.75,0.9939000000000001,0.9841683168316833
LinearFunctionPlayer,100,1000,2,200,0.75,0.992325,0.9879851485148515
LinearFunctionPlayer,100,1000,2,200,0.75,0.993075,0.9818168316831685
LinearFunctionPlayer,100,1000,2,200,0.75,0.99378,0.9909504950495049
LinearFunctionPlayer,100,1000,2,200,0.75,0.9933150000000001,0.9766386138613858
LinearFunctionPlayer,100,1000,2,200,0.75,0.993085,0.9809752475247523
LinearFunctionPlayer,100,1000,2,200,0.75,0.9932099999999998,0.9879603960396041
LinearFunctionPlayer,100,1000,2,200,0.75,0.9928400000000001,0.9736138613861384
LinearFunctionPlayer,100,1000,2,200,0.75,0.9931650000000001,0.9684504950495049
LinearFunctionPlayer,100,1000,2,200,0.75,0.9927600000000001,0.9717623762376238
LinearFunctionPlayer,100,1000,2,200,0.75,0.993595,0.9760148514851487
LinearFunctionPlayer,100,1000,2,200,0.75,0.994025,0.9722029702970298
LinearFunctionPlayer,100,1000,2,200,0.75,0.9924650000000002,0.9929356435643565
LinearFunctionPlayer,100,1000,2,200,0.75,0.9929100000000001,0.9902178217821783
LinearFunctionPlayer,100,1000,2,200,0.75,0.9927750000000001,0.9808762376237625
LinearFunctionPlayer,100,1000,2,200,0.75,0.9926100000000001,0.9821683168316832
LinearFunctionPlayer,100,1000,2,200,0.75,0.9924750000000003,0.9917079207920793
LinearFunctionPlayer,100,1000,2,200,0.75,0.9933950000000001,0.98720297029703
LinearFunctionPlayer,100,1000,2,200,0.75,0.9929350000000002,0.9760643564356437
LinearFunctionPlayer,100,1000,2,200,0.75,0.9933150000000002,0.9826584158415844
LinearFunctionPlayer,100,1000,2,200,0.75,0.992845,0.9816485148514852
LinearFunctionPlayer,100,1000,2,200,0.75,0.9932850000000002,0.9841435643564355
LinearFunctionPlayer,100,1000,2,200,0.75,0.9932650000000001,0.9877970297029705
LinearFunctionPlayer,100,1000,2,200,0.75,0.9927800000000001,0.9807722772277231
LinearFunctionPlayer,100,1000,2,200,0.75,0.9942700000000001,0.9934554455445547
LinearFunctionPlayer,100,1000,2,200,0.75,0.9933850000000001,0.9627574257425743
LinearFunctionPlayer,100,1000,2,200,0.75,0.9934100000000001,0.9829009900990099
LinearFunctionPlayer,100,1000,2,200,0.75,0.99296,0.981
LinearFunctionPlayer,100,1000,2,200,0.75,0.9924150000000003,0.9848564356435644
LinearFunctionPlayer,100,1000,2,200,0.75,0.993,0.9664554455445544
LinearFunctionPlayer,100,1000,2,200,0.75,0.993385,0.9729554455445545
LinearFunctionPlayer,100,1000,2,200,0.75,0.9931300000000001,0.9906633663366337
LinearFunctionPlayer,100,1000,2,200,0.75,0.9919500000000001,0.9838712871287129
LinearFunctionPlayer,100,1000,2,200,0.75,0.9931800000000002,0.9707128712871287
LinearFunctionPlayer,100,1000,2,200,0.75,0.9932500000000001,0.984831683168317
LinearFunctionPlayer,100,1000,2,200,0.75,0.9936850000000002,0.9864009900990097
LinearFunctionPlayer,100,1000,2,200,0.75,0.9941150000000001,0.9887673267326734
LinearFunctionPlayer,100,1000,2,200,0.75,0.9931600000000002,0.9858217821782177
LinearFunctionPlayer,100,1000,2,200,0.75,0.9934600000000002,0.9907029702970298
LinearFunctionPlayer,100,1000,2,200,0.75,0.992705,0.9898960396039606
LinearFunctionPlayer,100,1000,2,200,0.75,0.9930199999999999,0.9866534653465345
LinearFunctionPlayer,100,1000,2,200,0.75,0.9934500000000002,0.9784455445544554
LinearFunctionPlayer,100,1000,2,200,0.75,0.9939600000000002,0.9885841584158417
LinearFunctionPlayer,100,1000,2,200,0.75,0.99342,0.9870693069306933
LinearFunctionPlayer,100,1000,2,200,0.75,0.99373,0.9944653465346535
LinearFunctionPlayer,100,1000,2,200,0.75,0.9940500000000001,0.9892772277227726
LinearFunctionPlayer,100,1000,2,200,0.75,0.9936450000000001,0.9661930693069306
LinearFunctionPlayer,100,1000,2,200,0.75,0.9935550000000001,0.9875594059405943
LinearFunctionPlayer,100,1000,2,200,0.75,0.9936800000000002,0.9743069306930695
LinearFunctionPlayer,100,1000,2,200,0.75,0.9932,0.988861386138614
LinearFunctionPlayer,100,1000,2,200,0.75,0.9930450000000001,0.9921534653465347
LinearFunctionPlayer,100,1000,2,200,0.75,0.9933400000000003,0.9901782178217823
LinearFunctionPlayer,100,1000,2,200,0.75,0.9933450000000001,0.9690940594059406
LinearFunctionPlayer,100,1000,2,200,0.75,0.9939549999999998,0.9869059405940594
LinearFunctionPlayer,100,1000,2,200,0.75,0.9926949999999999,0.9931435643564358
LinearFunctionPlayer,100,1000,2,200,0.75,0.9931700000000002,0.9817425742574256
LinearFunctionPlayer,100,1000,2,200,0.75,0.9930599999999999,0.9860099009900989
LinearFunctionPlayer,100,1000,2,200,0.75,0.9926349999999999,0.9654207920792078
LinearFunctionPlayer,100,1000,2,200,0.75,0.993045,0.9921435643564356
LinearFunctionPlayer,100,1000,2,200,0.75,0.9933600000000001,0.9936633663366338
LinearFunctionPlayer,100,1000,2,200,0.75,0.992505,0.9923712871287127
LinearFunctionPlayer,100,1000,2,200,0.75,0.9939450000000001,0.9752821782178217
LinearFunctionPlayer,100,1000,2,200,0.75,0.9934649999999999,0.9712425742574257
LinearFunctionPlayer,100,1000,2,200,0.75,0.9946400000000001,0.9874752475247526
LinearFunctionPlayer,100,1000,2,200,0.75,0.99366,0.9791188118811882
LinearFunctionPlayer,100,1000,2,200,0.75,0.994005,0.973331683168317
LinearFunctionPlayer,100,1000,2,200,0.75,0.9927649999999999,0.9880643564356436
LinearFunctionPlayer,100,1000,2,200,0.75,0.9939450000000001,0.9716287128712872
LinearFunctionPlayer,100,1000,2,200,0.75,0.9924000000000001,0.9834851485148516
LinearFunctionPlayer,100,1000,2,200,0.75,0.9928850000000001,0.9785396039603963
LinearFunctionPlayer,100,1000,2,200,0.75,0.9926699999999999,0.9838811881188118
LinearFunctionPlayer,100,1000,2,200,0.75,0.993345,0.9940148514851487
LinearFunctionPlayer,100,1000,2,200,0.75,0.99302,0.9786039603960397
LinearFunctionPlayer,100,1000,2,200,0.75,0.993665,0.9840841584158417
LinearFunctionPlayer,100,1000,2,200,0.75,0.9937050000000002,0.9889059405940597
LinearFunctionPlayer,100,1000,2,200,0.75,0.9935400000000001,0.9948118811881189
LinearFunctionPlayer,100,1000,2,200,0.75,0.9933949999999999,0.9924207920792081
LinearFunctionPlayer,100,1000,2,200,0.75,0.9925700000000001,0.9678910891089108
LinearFunctionPlayer,100,1000,2,200,0.75,0.9922200000000001,0.9933168316831683
LinearFunctionPlayer,100,1000,2,200,0.75,0.9927500000000002,0.9885643564356434
LinearFunctionPlayer,100,1000,2,200,0.75,0.9926950000000001,0.9777475247524754
SigmoidPlayer,100,1000,2,200,0.75,0.9957300000000001,0.9879108910891089
SigmoidPlayer,100,1000,2,200,0.75,0.9961400000000004,0.9875841584158419
SigmoidPlayer,100,1000,2,200,0.75,0.9957900000000001,0.9843861386138614
SigmoidPlayer,100,1000,2,200,0.75,0.9961100000000002,0.9904059405940593
SigmoidPlayer,100,1000,2,200,0.75,0.9963199999999999,0.9638712871287128
SigmoidPlayer,100,1000,2,200,0.75,0.9952700000000001,0.9840693069306932
SigmoidPlayer,100,1000,2,200,0.75,0.9957200000000002,0.9884653465346537
SigmoidPlayer,100,1000,2,200,0.75,0.99605,0.9942970297029705
SigmoidPlayer,100,1000,2,200,0.75,0.99594,0.9740297029702971
SigmoidPlayer,100,1000,2,200,0.75,0.9954100000000002,0.9805544554455448
SigmoidPlayer,100,1000,2,200,0.75,0.9958100000000002,0.9886138613861387
SigmoidPlayer,100,1000,2,200,0.75,0.9961700000000002,0.9861089108910892
SigmoidPlayer,100,1000,2,200,0.75,0.9955600000000002,0.9744455445544555
SigmoidPlayer,100,1000,2,200,0.75,0.9958300000000001,0.952178217821782
SigmoidPlayer,100,1000,2,200,0.75,0.9963600000000004,0.9699108910891092
SigmoidPlayer,100,1000,2,200,0.75,0.9965300000000002,0.9669207920792081
SigmoidPlayer,100,1000,2,200,0.75,0.99602,0.9920396039603961
SigmoidPlayer,100,1000,2,200,0.75,0.9960100000000002,0.9854257425742575
SigmoidPlayer,100,1000,2,200,0.75,0.9960000000000001,0.9853168316831684
SigmoidPlayer,100,1000,2,200,0.75,0.9958200000000003,0.979960396039604
SigmoidPlayer,100,1000,2,200,0.75,0.9959450000000003,0.9846485148514854
SigmoidPlayer,100,1000,2,200,0.75,0.9957800000000002,0.9925346534653468
SigmoidPlayer,100,1000,2,200,0.75,0.9963000000000001,0.9934059405940596
SigmoidPlayer,100,1000,2,200,0.75,0.9959899999999999,0.9849603960396041
SigmoidPlayer,100,1000,2,200,0.75,0.9956300000000001,0.983950495049505
SigmoidPlayer,100,1000,2,200,0.75,0.9954700000000001,0.9703168316831684
SigmoidPlayer,100,1000,2,200,0.75,0.9962050000000001,0.990272277227723
SigmoidPlayer,100,1000,2,200,0.75,0.99653,0.9678811881188121
SigmoidPlayer,100,1000,2,200,0.75,0.9958700000000001,0.9915445544554456
SigmoidPlayer,100,1000,2,200,0.75,0.99625,0.993049504950495
SigmoidPlayer,100,1000,2,200,0.75,0.9964700000000002,0.9756831683168317
SigmoidPlayer,100,1000,2,200,0.75,0.9966400000000002,0.9824851485148517
SigmoidPlayer,100,1000,2,200,0.75,0.9955300000000001,0.9892673267326733
SigmoidPlayer,100,1000,2,200,0.75,0.9958500000000001,0.9936435643564356
SigmoidPlayer,100,1000,2,200,0.75,0.99578,0.9882079207920794
SigmoidPlayer,100,1000,2,200,0.75,0.9961100000000002,0.971910891089109
SigmoidPlayer,100,1000,2,200,0.75,0.9955450000000003,0.9865198019801983
SigmoidPlayer,100,1000,2,200,0.75,0.99611,0.9885247524752476
SigmoidPlayer,100,1000,2,200,0.75,0.9958200000000003,0.954029702970297
SigmoidPlayer,100,1000,2,200,0.75,0.9957600000000001,0.9664158415841585
SigmoidPlayer,100,1000,2,200,0.75,0.9958800000000001,0.9613069306930692
SigmoidPlayer,100,1000,2,200,0.75,0.99542,0.9926831683168318
SigmoidPlayer,100,1000,2,200,0.75,0.9961200000000001,0.9595148514851485
SigmoidPlayer,100,1000,2,200,0.75,0.9959500000000002,0.9893663366336637
SigmoidPlayer,100,1000,2,200,0.75,0.9961100000000002,0.9614752475247524
SigmoidPlayer,100,1000,2,200,0.75,0.9964300000000003,0.975752475247525
SigmoidPlayer,100,1000,2,200,0.75,0.9963900000000002,0.9892475247524756
SigmoidPlayer,100,1000,2,200,0.75,0.9959700000000002,0.985792079207921
SigmoidPlayer,100,1000,2,200,0.75,0.9958500000000002,0.9911287128712872
SigmoidPlayer,100,1000,2,200,0.75,0.9952800000000002,0.9558217821782178
SigmoidPlayer,100,1000,2,200,0.75,0.9961999999999999,0.9895841584158417
SigmoidPlayer,100,1000,2,200,0.75,0.9960600000000001,0.9891683168316833
SigmoidPlayer,100,1000,2,200,0.75,0.9955200000000001,0.9592079207920792
SigmoidPlayer,100,1000,2,200,0.75,0.9956699999999999,0.9807920792079207
SigmoidPlayer,100,1000,2,200,0.75,0.9960300000000001,0.9921980198019802
SigmoidPlayer,100,1000,2,200,0.75,0.9958300000000002,0.9856237623762378
SigmoidPlayer,100,1000,2,200,0.75,0.99629,0.9632079207920793
SigmoidPlayer,100,1000,2,200,0.75,0.9962800000000002,0.990663366336634
SigmoidPlayer,100,1000,2,200,0.75,0.9958300000000001,0.989762376237624
SigmoidPlayer,100,1000,2,200,0.75,0.9959600000000001,0.9926831683168319
SigmoidPlayer,100,1000,2,200,0.75,0.9953800000000002,0.9558118811881188
SigmoidPlayer,100,1000,2,200,0.75,0.99578,0.9913564356435645
SigmoidPlayer,100,1000,2,200,0.75,0.9962600000000001,0.9833069306930695
SigmoidPlayer,100,1000,2,200,0.75,0.9963250000000003,0.9903613861386138
SigmoidPlayer,100,1000,2,200,0.75,0.9959900000000004,0.9915049504950496
SigmoidPlayer,100,1000,2,200,0.75,0.99559,0.9553069306930692
SigmoidPlayer,100,1000,2,200,0.75,0.9955799999999999,0.9750792079207922
SigmoidPlayer,100,1000,2,200,0.75,0.9957300000000002,0.9926039603960399
SigmoidPlayer,100,1000,2,200,0.75,0.9957800000000002,0.9853069306930694
SigmoidPlayer,100,1000,2,200,0.75,0.99614,0.9755643564356435
SigmoidPlayer,100,1000,2,200,0.75,0.9955700000000002,0.9701980198019803
SigmoidPlayer,100,1000,2,200,0.75,0.9960600000000001,0.981960396039604
SigmoidPlayer,100,1000,2,200,0.75,0.9962700000000001,0.9883762376237626
SigmoidPlayer,100,1000,2,200,0.75,0.9962800000000002,0.9867029702970299
SigmoidPlayer,100,1000,2,200,0.75,0.9959700000000001,0.9864356435643566
SigmoidPlayer,100,1000,2,200,0.75,0.9960600000000003,0.9870693069306933
SigmoidPlayer,100,1000,2,200,0.75,0.9956,0.9843564356435643
SigmoidPlayer,100,1000,2,200,0.75,0.9956400000000001,0.9924653465346537
SigmoidPlayer,100,1000,2,200,0.75,0.9959000000000002,0.9921881188118813
SigmoidPlayer,100,1000,2,200,0.75,0.9958000000000001,0.949910891089109
SigmoidPlayer,100,1000,2,200,0.75,0.996195,0.9870544554455448
SigmoidPlayer,100,1000,2,200,0.75,0.9956250000000003,0.9891435643564356
SigmoidPlayer,100,1000,2,200,0.75,0.99567,0.9869603960396043
SigmoidPlayer,100,1000,2,200,0.75,0.9956200000000002,0.9935940594059408
SigmoidPlayer,100,1000,2,200,0.75,0.9962399999999999,0.9416039603960397
SigmoidPlayer,100,1000,2,200,0.75,0.9956900000000001,0.9826534653465349
SigmoidPlayer,100,1000,2,200,0.75,0.9965000000000002,0.9866732673267329
SigmoidPlayer,100,1000,2,200,0.75,0.9960700000000002,0.960722772277228
SigmoidPlayer,100,1000,2,200,0.75,0.9953400000000001,0.9804059405940594
SigmoidPlayer,100,1000,2,200,0.75,0.9965200000000002,0.9795841584158418
SigmoidPlayer,100,1000,2,200,0.75,0.9957600000000002,0.9772079207920792
SigmoidPlayer,100,1000,2,200,0.75,0.99619,0.9912574257425745
SigmoidPlayer,100,1000,2,200,0.75,0.9956600000000002,0.9864653465346536
SigmoidPlayer,100,1000,2,200,0.75,0.9963000000000002,0.9753168316831684
SigmoidPlayer,100,1000,2,200,0.75,0.9954300000000003,0.9931584158415844
SigmoidPlayer,100,1000,2,200,0.75,0.9954300000000003,0.9863168316831684
SigmoidPlayer,100,1000,2,200,0.75,0.9960900000000003,0.9862376237623766
SigmoidPlayer,100,1000,2,200,0.75,0.9963000000000001,0.9933366336633666
SigmoidPlayer,100,1000,2,200,0.75,0.9958100000000002,0.9637029702970298
SigmoidPlayer,100,1000,2,200,0.75,0.9963200000000001,0.9874554455445547
LRPlayer,100,1000,2,200,0.75,0.995945,0.9925594059405941
LRPlayer,100,1000,2,200,0.75,0.99529,0.9765643564356438
LRPlayer,100,1000,2,200,0.75,0.9954999999999999,0.9855544554455447
LRPlayer,100,1000,2,200,0.75,0.9957799999999999,0.9853663366336635
LRPlayer,100,1000,2,200,0.75,0.99599,0.9934653465346537
LRPlayer,100,1000,2,200,0.75,0.9952400000000001,0.9873762376237626
LRPlayer,100,1000,2,200,0.75,0.9957250000000001,0.9813712871287128
LRPlayer,100,1000,2,200,0.75,0.995715,0.9871732673267329
LRPlayer,100,1000,2,200,0.75,0.9957349999999999,0.9938861386138614
LRPlayer,100,1000,2,200,0.75,0.995275,0.9573613861386139
LRPlayer,100,1000,2,200,0.75,0.9959950000000001,0.9884009900990101
LRPlayer,100,1000,2,200,0.75,0.9957600000000002,0.9783564356435644
LRPlayer,100,1000,2,200,0.75,0.995195,0.9847376237623763
LRPlayer,100,1000,2,200,0.75,0.9956250000000001,0.9922821782178218
LRPlayer,100,1000,2,200,0.75,0.9958550000000002,0.9924603960396041
LRPlayer,100,1000,2,200,0.75,0.9959600000000001,0.9887623762376238
LRPlayer,100,1000,2,200,0.75,0.9962000000000001,0.9934851485148515
LRPlayer,100,1000,2,200,0.75,0.995665,0.9846386138613863
LRPlayer,100,1000,2,200,0.75,0.9955399999999999,0.9849207920792079
LRPlayer,100,1000,2,200,0.75,0.995535,0.9529356435643567
LRPlayer,100,1000,2,200,0.75,0.9959500000000001,0.9920792079207923
LRPlayer,100,1000,2,200,0.75,0.995695,0.9878267326732673
LRPlayer,100,1000,2,200,0.75,0.9952750000000001,0.9758069306930693
LRPlayer,100,1000,2,200,0.75,0.995945,0.9872128712871288
LRPlayer,100,1000,2,200,0.75,0.9958550000000002,0.9568762376237622
LRPlayer,100,1000,2,200,0.75,0.9954400000000001,0.9775148514851486
LRPlayer,100,1000,2,200,0.75,0.9956400000000001,0.9866633663366338
LRPlayer,100,1000,2,200,0.75,0.995555,0.9906584158415843
LRPlayer,100,1000,2,200,0.75,0.995075,0.9861435643564356
LRPlayer,100,1000,2,200,0.75,0.9959349999999999,0.9938564356435645
LRPlayer,100,1000,2,200,0.75,0.995625,0.978539603960396
LRPlayer,100,1000,2,200,0.75,0.9960650000000001,0.9899653465346536
LRPlayer,100,1000,2,200,0.75,0.995585,0.9572722772277229
LRPlayer,100,1000,2,200,0.75,0.99555,0.989059405940594
LRPlayer,100,1000,2,200,0.75,0.9956900000000001,0.978148514851485
LRPlayer,100,1000,2,200,0.75,0.9955950000000001,0.9920346534653466
LRPlayer,100,1000,2,200,0.75,0.9958400000000001,0.9726039603960397
LRPlayer,100,1000,2,200,0.75,0.995975,0.9767178217821784
LRPlayer,100,1000,2,200,0.75,0.9953800000000002,0.9865445544554458
LRPlayer,100,1000,2,200,0.75,0.9954649999999999,0.9904207920792079
LRPlayer,100,1000,2,200,0.75,0.9958,0.992930693069307
LRPlayer,100,1000,2,200,0.75,0.9954850000000002,0.9779554455445546
LRPlayer,100,1000,2,200,0.75,0.9956100000000001,0.9818217821782177
LRPlayer,100,1000,2,200,0.75,0.9956,0.9924158415841586
LRPlayer,100,1000,2,200,0.75,0.9960600000000001,0.9836732673267327
LRPlayer,100,1000,2,200,0.75,0.9955799999999999,0.9863267326732673
LRPlayer,100,1000,2,200,0.75,0.9958450000000001,0.9841435643564356
LRPlayer,100,1000,2,200,0.75,0.9952950000000002,0.9568861386138614
LRPlayer,100,1000,2,200,0.75,0.99541,0.940950495049505
LRPlayer,100,1000,2,200,0.75,0.9956500000000001,0.9805148514851486
LRPlayer,100,1000,2,200,0.75,0.9954299999999999,0.9599306930693071
LRPlayer,100,1000,2,200,0.75,0.9956650000000002,0.968688118811881
LRPlayer,100,1000,2,200,0.75,0.9955500000000002,0.9728613861386137
LRPlayer,100,1000,2,200,0.75,0.9954500000000001,0.9841881188118814
LRPlayer,100,1000,2,200,0.75,0.99479,0.9897623762376238
LRPlayer,100,1000,2,200,0.75,0.9958250000000001,0.9851930693069305
LRPlayer,100,1000,2,200,0.75,0.9959749999999999,0.9948465346534655
LRPlayer,100,1000,2,200,0.75,0.995595,0.9879257425742575
LRPlayer,100,1000,2,200,0.75,0.99552,0.9914752475247525
LRPlayer,100,1000,2,200,0.75,0.9953200000000001,0.99480198019802
LRPlayer,100,1000,2,200,0.75,0.9959650000000001,0.9916584158415841
LRPlayer,100,1000,2,200,0.75,0.996195,0.9893811881188118
LRPlayer,100,1000,2,200,0.75,0.9955650000000001,0.9897772277227725
LRPlayer,100,1000,2,200,0.75,0.9958400000000001,0.9904752475247525
LRPlayer,100,1000,2,200,0.75,0.9956249999999999,0.9931831683168317
LRPlayer,100,1000,2,200,0.75,0.9957250000000002,0.9743316831683166
LRPlayer,100,1000,2,200,0.75,0.9956050000000001,0.9737277227722773
LRPlayer,100,1000,2,200,0.75,0.9954500000000001,0.9678712871287128
LRPlayer,100,1000,2,200,0.75,0.9959250000000002,0.977321782178218
LRPlayer,100,1000,2,200,0.75,0.9958050000000002,0.9774207920792081
LRPlayer,100,1000,2,200,0.75,0.9956050000000001,0.9789653465346535
LRPlayer,100,1000,2,200,0.75,0.99562,0.9881683168316833
LRPlayer,100,1000,2,200,0.75,0.9960600000000001,0.9943564356435646
LRPlayer,100,1000,2,200,0.75,0.996115,0.9848267326732671
LRPlayer,100,1000,2,200,0.75,0.9958300000000001,0.9712376237623761
LRPlayer,100,1000,2,200,0.75,0.9953299999999998,0.9713762376237624
LRPlayer,100,1000,2,200,0.75,0.9957749999999999,0.9890841584158416
LRPlayer,100,1000,2,200,0.75,0.995595,0.9850643564356436
LRPlayer,100,1000,2,200,0.75,0.99575,0.9891782178217823
LRPlayer,100,1000,2,200,0.75,0.99598,0.9836039603960396
LRPlayer,100,1000,2,200,0.75,0.9955700000000002,0.9617623762376238
LRPlayer,100,1000,2,200,0.75,0.9957750000000002,0.9881138613861387
LRPlayer,100,1000,2,200,0.75,0.9954900000000001,0.9728019801980201
LRPlayer,100,1000,2,200,0.75,0.9957749999999999,0.9909752475247524
LRPlayer,100,1000,2,200,0.75,0.9956949999999999,0.9889356435643565
LRPlayer,100,1000,2,200,0.75,0.99566,0.9893168316831685
LRPlayer,100,1000,2,200,0.75,0.99546,0.9897722772277229
LRPlayer,100,1000,2,200,0.75,0.9958700000000001,0.9724455445544554
LRPlayer,100,1000,2,200,0.75,0.9958899999999998,0.9911881188118813
LRPlayer,100,1000,2,200,0.75,0.9959599999999998,0.9861485148514851
LRPlayer,100,1000,2,200,0.75,0.99568,0.9870000000000001
LRPlayer,100,1000,2,200,0.75,0.9957850000000001,0.9746287128712872
LRPlayer,100,1000,2,200,0.75,0.9957600000000001,0.9939108910891088
LRPlayer,100,1000,2,200,0.75,0.9959200000000002,0.965871287128713
LRPlayer,100,1000,2,200,0.75,0.9952999999999999,0.985158415841584
LRPlayer,100,1000,2,200,0.75,0.9957250000000001,0.9907772277227724
LRPlayer,100,1000,2,200,0.75,0.9958250000000001,0.9605495049504948
LRPlayer,100,1000,2,200,0.75,0.9956550000000002,0.9897376237623764
LRPlayer,100,1000,2,200,0.75,0.99587,0.9903267326732673
LRPlayer,100,1000,2,200,0.75,0.9954450000000002,0.9864405940594061
MLPPlayer,100,1000,2,200,0.75,0.97996,0.9259009900990098
MLPPlayer,100,1000,2,200,0.75,0.97992,0.9143069306930695
MLPPlayer,100,1000,2,200,0.75,0.979805,0.9446188118811882
MLPPlayer,100,1000,2,200,0.75,0.9804449999999999,0.9225396039603961
MLPPlayer,100,1000,2,200,0.75,0.9798650000000001,0.9425198019801979
MLPPlayer,100,1000,2,200,0.75,0.9793400000000001,0.9680198019801981
MLPPlayer,100,1000,2,200,0.75,0.9792899999999999,0.9542376237623764
MLPPlayer,100,1000,2,200,0.75,0.9793949999999998,0.9554405940594061
MLPPlayer,100,1000,2,200,0.75,0.9797699999999999,0.9537920792079208
MLPPlayer,100,1000,2,200,0.75,0.98033,0.9218811881188119
MLPPlayer,100,1000,2,200,0.75,0.9802200000000002,0.939831683168317
MLPPlayer,100,1000,2,200,0.75,0.9797499999999999,0.9259702970297029
MLPPlayer,100,1000,2,200,0.75,0.9784549999999999,0.9801831683168316
MLPPlayer,100,1000,2,200,0.75,0.979655,0.92240099009901
MLPPlayer,100,1000,2,200,0.75,0.9789800000000001,0.9690693069306929
MLPPlayer,100,1000,2,200,0.75,0.980115,0.941450495049505
MLPPlayer,100,1000,2,200,0.75,0.97953,0.9553663366336634
MLPPlayer,100,1000,2,200,0.75,0.9788,0.9625544554455446
MLPPlayer,100,1000,2,200,0.75,0.97878,0.953930693069307
MLPPlayer,100,1000,2,200,0.75,0.9798150000000001,0.9564207920792079
MLPPlayer,100,1000,2,200,0.75,0.9788149999999999,0.9469257425742574
MLPPlayer,100,1000,2,200,0.75,0.9788150000000003,0.9528762376237624
MLPPlayer,100,1000,2,200,0.75,0.9785099999999999,0.9501683168316833
MLPPlayer,100,1000,2,200,0.75,0.9798300000000001,0.9414158415841584
MLPPlayer,100,1000,2,200,0.75,0.9786099999999999,0.9597524752475246
MLPPlayer,100,1000,2,200,0.75,0.9793649999999998,0.9516980198019803
MLPPlayer,100,1000,2,200,0.75,0.9803099999999999,0.9285148514851483
MLPPlayer,100,1000,2,200,0.75,0.9793550000000002,0.9223514851485148
MLPPlayer,100,1000,2,200,0.75,0.9796799999999999,0.9160297029702971
MLPPlayer,100,1000,2,200,0.75,0.9807199999999999,0.9101188118811883
MLPPlayer,100,1000,2,200,0.75,0.9799449999999998,0.9295000000000001
MLPPlayer,100,1000,2,200,0.75,0.9784099999999999,0.9574455445544554
MLPPlayer,100,1000,2,200,0.75,0.9788049999999999,0.9371930693069306
MLPPlayer,100,1000,2,200,0.75,0.9795300000000001,0.9595742574257424
MLPPlayer,100,1000,2,200,0.75,0.97927,0.9483465346534654
MLPPlayer,100,1000,2,200,0.75,0.9792750000000002,0.9482029702970297
MLPPlayer,100,1000,2,200,0.75,0.9792000000000001,0.9584059405940591
MLPPlayer,100,1000,2,200,0.75,0.98003,0.9201584158415841
MLPPlayer,100,1000,2,200,0.75,0.978955,0.9677376237623762
MLPPlayer,100,1000,2,200,0.75,0.9793449999999999,0.9213118811881188
MLPPlayer,100,1000,2,200,0.75,0.97933,0.9485742574257425
MLPPlayer,100,1000,2,200,0.75,0.9800850000000001,0.9432425742574257
MLPPlayer,100,1000,2,200,0.75,0.9811449999999998,0.8988960396039605
MLPPlayer,100,1000,2,200,0.75,0.97937,0.9361188118811883
MLPPlayer,100,1000,2,200,0.75,0.9796700000000002,0.9351089108910893
MLPPlayer,100,1000,2,200,0.75,0.9796150000000001,0.9512722772277228
MLPPlayer,100,1000,2,200,0.75,0.9792799999999999,0.9490990099009902
MLPPlayer,100,1000,2,200,0.75,0.9804450000000001,0.9250841584158416
MLPPlayer,100,1000,2,200,0.75,0.9801799999999998,0.9242277227722772
MLPPlayer,100,1000,2,200,0.75,0.9800999999999999,0.9403069306930694
MLPPlayer,100,1000,2,200,0.75,0.9802150000000001,0.9110841584158417
MLPPlayer,100,1000,2,200,0.75,0.9793100000000001,0.9365742574257426
MLPPlayer,100,1000,2,200,0.75,0.9796350000000001,0.9447970297029704
MLPPlayer,100,1000,2,200,0.75,0.9800800000000001,0.9163663366336636
MLPPlayer,100,1000,2,200,0.75,0.98006,0.9304752475247524
MLPPlayer,100,1000,2,200,0.75,0.9799349999999998,0.9361237623762376
MLPPlayer,100,1000,2,200,0.75,0.9802799999999999,0.8980891089108913
MLPPlayer,100,1000,2,200,0.75,0.9801799999999998,0.9248415841584158
MLPPlayer,100,1000,2,200,0.75,0.980205,0.9232425742574257
MLPPlayer,100,1000,2,200,0.75,0.981185,0.8988960396039605
MLPPlayer,100,1000,2,200,0.75,0.97895,0.9356633663366337
MLPPlayer,100,1000,2,200,0.75,0.97922,0.9277425742574257
MLPPlayer,100,1000,2,200,0.75,0.9795950000000001,0.9600346534653464
MLPPlayer,100,1000,2,200,0.75,0.981235,0.8890346534653467
MLPPlayer,100,1000,2,200,0.75,0.9782600000000001,0.967009900990099
MLPPlayer,100,1000,2,200,0.75,0.98002,0.9156435643564357
MLPPlayer,100,1000,2,200,0.75,0.9801799999999998,0.9344653465346536
MLPPlayer,100,1000,2,200,0.75,0.9802999999999998,0.9060396039603958
MLPPlayer,100,1000,2,200,0.75,0.9805249999999998,0.931262376237624
MLPPlayer,100,1000,2,200,0.75,0.9801849999999999,0.9300643564356437
MLPPlayer,100,1000,2,200,0.75,0.9791,0.9399405940594059
MLPPlayer,100,1000,2,200,0.75,0.9792450000000003,0.9691336633663366
MLPPlayer,100,1000,2,200,0.75,0.9798800000000001,0.8983465346534653
MLPPlayer,100,1000,2,200,0.75,0.9793649999999999,0.9364900990099012
MLPPlayer,100,1000,2,200,0.75,0.9794800000000001,0.9233861386138615
MLPPlayer,100,1000,2,200,0.75,0.9816800000000002,0.9138118811881187
MLPPlayer,100,1000,2,200,0.75,0.9799799999999999,0.9262079207920794
MLPPlayer,100,1000,2,200,0.75,0.980015,0.9385198019801977
MLPPlayer,100,1000,2,200,0.75,0.9791000000000001,0.9379603960396039
MLPPlayer,100,1000,2,200,0.75,0.9794000000000002,0.9539405940594059
MLPPlayer,100,1000,2,200,0.75,0.9796049999999998,0.9436386138613861
MLPPlayer,100,1000,2,200,0.75,0.978435,0.9746980198019802
MLPPlayer,100,1000,2,200,0.75,0.979255,0.9715495049504949
MLPPlayer,100,1000,2,200,0.75,0.979035,0.9730544554455444
MLPPlayer,100,1000,2,200,0.75,0.98029,0.9409207920792076
MLPPlayer,100,1000,2,200,0.75,0.9791700000000002,0.9814059405940595
MLPPlayer,100,1000,2,200,0.75,0.9791050000000001,0.9512524752475248
MLPPlayer,100,1000,2,200,0.75,0.9802199999999998,0.9217524752475248
MLPPlayer,100,1000,2,200,0.75,0.9806949999999998,0.9070742574257423
MLPPlayer,100,1000,2,200,0.75,0.9798250000000002,0.9544900990099011
MLPPlayer,100,1000,2,200,0.75,0.9788600000000001,0.9809108910891089
MLPPlayer,100,1000,2,200,0.75,0.97992,0.9469207920792079
MLPPlayer,100,1000,2,200,0.75,0.97925,0.9378415841584158
MLPPlayer,100,1000,2,200,0.75,0.9784399999999998,0.9803960396039604
MLPPlayer,100,1000,2,200,0.75,0.9802449999999999,0.9427376237623762
MLPPlayer,100,1000,2,200,0.75,0.9802000000000003,0.9017623762376238
MLPPlayer,100,1000,2,200,0.75,0.9800899999999999,0.9491386138613861
MLPPlayer,100,1000,2,200,0.75,0.9798000000000002,0.9321485148514852
Player,100,1000,2,200,0.8,0.9904,0.9543465346534654
Player,100,1000,2,200,0.8,0.9904350000000001,0.9742029702970297
Player,100,1000,2,200,0.8,0.9906,0.9875247524752476
Player,100,1000,2,200,0.8,0.990905,0.9553712871287128
Player,100,1000,2,200,0.8,0.9908800000000002,0.9674950495049506
Player,100,1000,2,200,0.8,0.9914350000000002,0.9874900990099009
Player,100,1000,2,200,0.8,0.990595,0.9566386138613859
Player,100,1000,2,200,0.8,0.9908600000000001,0.987970297029703
Player,100,1000,2,200,0.8,0.9904550000000002,0.9442326732673268
Player,100,1000,2,200,0.8,0.990905,0.9750841584158415
Player,100,1000,2,200,0.8,0.991065,0.943460396039604
Player,100,1000,2,200,0.8,0.9904249999999999,0.9349752475247524
Player,100,1000,2,200,0.8,0.990955,0.9779554455445546
Player,100,1000,2,200,0.8,0.9906400000000001,0.9719207920792081
Player,100,1000,2,200,0.8,0.9904999999999999,0.9798712871287127
Player,100,1000,2,200,0.8,0.9908850000000001,0.9759950495049505
Player,100,1000,2,200,0.8,0.990075,0.9715693069306931
Player,100,1000,2,200,0.8,0.9906150000000001,0.9712227722772278
Player,100,1000,2,200,0.8,0.9902150000000001,0.9875495049504951
Player,100,1000,2,200,0.8,0.99113,0.9775643564356435
Player,100,1000,2,200,0.8,0.9908100000000002,0.9807524752475247
Player,100,1000,2,200,0.8,0.990875,0.9820049504950494
Player,100,1000,2,200,0.8,0.9906100000000001,0.9906237623762376
Player,100,1000,2,200,0.8,0.990295,0.9371831683168317
Player,100,1000,2,200,0.8,0.9901600000000004,0.979079207920792
Player,100,1000,2,200,0.8,0.9904900000000001,0.9821188118811881
Player,100,1000,2,200,0.8,0.9907349999999998,0.9869455445544555
Player,100,1000,2,200,0.8,0.9904550000000001,0.9831336633663366
Player,100,1000,2,200,0.8,0.9902900000000001,0.9831683168316834
Player,100,1000,2,200,0.8,0.9902850000000001,0.9621831683168316
Player,100,1000,2,200,0.8,0.9909150000000001,0.9727079207920791
Player,100,1000,2,200,0.8,0.9907800000000002,0.9918118811881188
Player,100,1000,2,200,0.8,0.9907200000000002,0.9640297029702969
Player,100,1000,2,200,0.8,0.9906700000000002,0.9798019801980196
Player,100,1000,2,200,0.8,0.9911050000000001,0.9896485148514852
Player,100,1000,2,200,0.8,0.9902050000000001,0.9790049504950495
Player,100,1000,2,200,0.8,0.9900999999999999,0.9896435643564357
Player,100,1000,2,200,0.8,0.991055,0.9793910891089112
Player,100,1000,2,200,0.8,0.991055,0.9477277227722772
Player,100,1000,2,200,0.8,0.99058,0.9891980198019803
Player,100,1000,2,200,0.8,0.9901200000000001,0.9430792079207921
Player,100,1000,2,200,0.8,0.990555,0.9580346534653463
Player,100,1000,2,200,0.8,0.990675,0.9885792079207921
Player,100,1000,2,200,0.8,0.9917400000000002,0.9884257425742576
Player,100,1000,2,200,0.8,0.9905850000000003,0.9749752475247523
Player,100,1000,2,200,0.8,0.990745,0.9861534653465344
Player,100,1000,2,200,0.8,0.9905100000000001,0.9852079207920792
Player,100,1000,2,200,0.8,0.9902950000000001,0.9818663366336634
Player,100,1000,2,200,0.8,0.991235,0.9827673267326733
Player,100,1000,2,200,0.8,0.99083,0.9780495049504953
Player,100,1000,2,200,0.8,0.9909650000000001,0.9566980198019801
Player,100,1000,2,200,0.8,0.989935,0.9634306930693068
Player,100,1000,2,200,0.8,0.99056,0.991881188118812
Player,100,1000,2,200,0.8,0.989885,0.9842326732673268
Player,100,1000,2,200,0.8,0.9907249999999999,0.9803514851485149
Player,100,1000,2,200,0.8,0.9899450000000001,0.9805
Player,100,1000,2,200,0.8,0.9905299999999998,0.9892772277227722
Player,100,1000,2,200,0.8,0.9917299999999999,0.9830099009900992
Player,100,1000,2,200,0.8,0.9904649999999999,0.9850346534653466
Player,100,1000,2,200,0.8,0.9902449999999999,0.9818762376237622
Player,100,1000,2,200,0.8,0.9911650000000001,0.9880742574257426
Player,100,1000,2,200,0.8,0.990905,0.9813910891089108
Player,100,1000,2,200,0.8,0.9909150000000001,0.9543613861386139
Player,100,1000,2,200,0.8,0.99,0.9857920792079209
Player,100,1000,2,200,0.8,0.9906150000000002,0.9881138613861385
Player,100,1000,2,200,0.8,0.9902800000000002,0.9870990099009903
Player,100,1000,2,200,0.8,0.99067,0.986059405940594
Player,100,1000,2,200,0.8,0.99011,0.9587128712871286
Player,100,1000,2,200,0.8,0.9909300000000001,0.9426831683168315
Player,100,1000,2,200,0.8,0.991415,0.9816782178217822
Player,100,1000,2,200,0.8,0.9906050000000002,0.9811831683168316
Player,100,1000,2,200,0.8,0.9897100000000001,0.9596831683168318
Player,100,1000,2,200,0.8,0.9907299999999999,0.9608910891089107
Player,100,1000,2,200,0.8,0.9906700000000002,0.9585841584158415
Player,100,1000,2,200,0.8,0.990415,0.9749356435643564
Player,100,1000,2,200,0.8,0.9901099999999999,0.9552673267326731
Player,100,1000,2,200,0.8,0.9899300000000001,0.970118811881188
Player,100,1000,2,200,0.8,0.990775,0.9751930693069308
Player,100,1000,2,200,0.8,0.9895249999999999,0.9663712871287128
Player,100,1000,2,200,0.8,0.99028,0.9721287128712871
Player,100,1000,2,200,0.8,0.99092,0.9866633663366335
Player,100,1000,2,200,0.8,0.99087,0.9800396039603961
Player,100,1000,2,200,0.8,0.9907749999999999,0.9901930693069309
Player,100,1000,2,200,0.8,0.9909299999999999,0.9731584158415841
Player,100,1000,2,200,0.8,0.9909950000000002,0.9615693069306931
Player,100,1000,2,200,0.8,0.9895400000000001,0.981990099009901
Player,100,1000,2,200,0.8,0.9906099999999999,0.9902178217821783
Player,100,1000,2,200,0.8,0.9904450000000001,0.982559405940594
Player,100,1000,2,200,0.8,0.99066,0.9794059405940594
Player,100,1000,2,200,0.8,0.9910650000000003,0.9748168316831682
Player,100,1000,2,200,0.8,0.9906050000000002,0.9880742574257427
Player,100,1000,2,200,0.8,0.991455,0.9709851485148514
Player,100,1000,2,200,0.8,0.9901450000000002,0.9802920792079209
Player,100,1000,2,200,0.8,0.9905300000000001,0.9764554455445544
Player,100,1000,2,200,0.8,0.9908300000000001,0.9858118811881189
Player,100,1000,2,200,0.8,0.99113,0.9446534653465345
Player,100,1000,2,200,0.8,0.99029,0.9684851485148515
Player,100,1000,2,200,0.8,0.9907550000000002,0.9373019801980198
Player,100,1000,2,200,0.8,0.9909550000000001,0.9666089108910892
Player,100,1000,2,200,0.8,0.99082,0.9617425742574257
LinearFunctionPlayer,100,1000,2,200,0.8,0.9917100000000001,0.9916435643564355
LinearFunctionPlayer,100,1000,2,200,0.8,0.9898500000000001,0.9895940594059407
LinearFunctionPlayer,100,1000,2,200,0.8,0.9915500000000002,0.983079207920792
LinearFunctionPlayer,100,1000,2,200,0.8,0.9907400000000002,0.9920693069306932
LinearFunctionPlayer,100,1000,2,200,0.8,0.98992,0.9917821782178219
LinearFunctionPlayer,100,1000,2,200,0.8,0.99094,0.9869603960396041
LinearFunctionPlayer,100,1000,2,200,0.8,0.9915000000000002,0.9893861386138615
LinearFunctionPlayer,100,1000,2,200,0.8,0.990595,0.977717821782178
LinearFunctionPlayer,100,1000,2,200,0.8,0.991105,0.9674009900990098
LinearFunctionPlayer,100,1000,2,200,0.8,0.9909649999999999,0.9820940594059405
LinearFunctionPlayer,100,1000,2,200,0.8,0.99137,0.9788712871287129
LinearFunctionPlayer,100,1000,2,200,0.8,0.9918199999999999,0.9825148514851487
LinearFunctionPlayer,100,1000,2,200,0.8,0.9910700000000001,0.9895445544554458
LinearFunctionPlayer,100,1000,2,200,0.8,0.99202,0.9883663366336634
LinearFunctionPlayer,100,1000,2,200,0.8,0.9911350000000002,0.9919059405940593
LinearFunctionPlayer,100,1000,2,200,0.8,0.9901449999999999,0.9643217821782177
LinearFunctionPlayer,100,1000,2,200,0.8,0.9906450000000001,0.9876089108910892
LinearFunctionPlayer,100,1000,2,200,0.8,0.9903750000000001,0.9860544554455445
LinearFunctionPlayer,100,1000,2,200,0.8,0.9906000000000001,0.9872376237623761
LinearFunctionPlayer,100,1000,2,200,0.8,0.9914000000000003,0.9913366336633663
LinearFunctionPlayer,100,1000,2,200,0.8,0.9912450000000003,0.9911336633663368
LinearFunctionPlayer,100,1000,2,200,0.8,0.991055,0.9782425742574258
LinearFunctionPlayer,100,1000,2,200,0.8,0.9901399999999999,0.9890396039603958
LinearFunctionPlayer,100,1000,2,200,0.8,0.990415,0.9787376237623763
LinearFunctionPlayer,100,1000,2,200,0.8,0.99117,0.9906831683168317
LinearFunctionPlayer,100,1000,2,200,0.8,0.9911100000000002,0.9871386138613862
LinearFunctionPlayer,100,1000,2,200,0.8,0.9920850000000001,0.9687277227722774
LinearFunctionPlayer,100,1000,2,200,0.8,0.9894900000000003,0.9774752475247526
LinearFunctionPlayer,100,1000,2,200,0.8,0.9910850000000001,0.9678861386138614
LinearFunctionPlayer,100,1000,2,200,0.8,0.9922650000000001,0.9912425742574259
LinearFunctionPlayer,100,1000,2,200,0.8,0.9913650000000002,0.9901633663366338
LinearFunctionPlayer,100,1000,2,200,0.8,0.990655,0.9900049504950497
LinearFunctionPlayer,100,1000,2,200,0.8,0.989915,0.9465495049504952
LinearFunctionPlayer,100,1000,2,200,0.8,0.99139,0.9885049504950495
LinearFunctionPlayer,100,1000,2,200,0.8,0.9899450000000002,0.9910940594059409
LinearFunctionPlayer,100,1000,2,200,0.8,0.99068,0.9897623762376239
LinearFunctionPlayer,100,1000,2,200,0.8,0.9916100000000001,0.9904752475247526
LinearFunctionPlayer,100,1000,2,200,0.8,0.9901250000000001,0.9896881188118812
LinearFunctionPlayer,100,1000,2,200,0.8,0.99125,0.9885544554455447
LinearFunctionPlayer,100,1000,2,200,0.8,0.99197,0.99
LinearFunctionPlayer,100,1000,2,200,0.8,0.9909849999999999,0.9850643564356435
LinearFunctionPlayer,100,1000,2,200,0.8,0.9908450000000001,0.9877574257425743
LinearFunctionPlayer,100,1000,2,200,0.8,0.9922699999999999,0.9932772277227722
LinearFunctionPlayer,100,1000,2,200,0.8,0.990675,0.9837871287128712
LinearFunctionPlayer,100,1000,2,200,0.8,0.9905250000000001,0.9601336633663365
LinearFunctionPlayer,100,1000,2,200,0.8,0.9908599999999999,0.9758613861386138
LinearFunctionPlayer,100,1000,2,200,0.8,0.9913000000000001,0.9757821782178218
LinearFunctionPlayer,100,1000,2,200,0.8,0.99072,0.9661782178217823
LinearFunctionPlayer,100,1000,2,200,0.8,0.9914600000000001,0.990891089108911
LinearFunctionPlayer,100,1000,2,200,0.8,0.990755,0.9848960396039603
LinearFunctionPlayer,100,1000,2,200,0.8,0.9908049999999998,0.9918564356435644
LinearFunctionPlayer,100,1000,2,200,0.8,0.9902200000000002,0.9901386138613862
LinearFunctionPlayer,100,1000,2,200,0.8,0.99129,0.9660297029702971
LinearFunctionPlayer,100,1000,2,200,0.8,0.9909950000000001,0.9826683168316834
LinearFunctionPlayer,100,1000,2,200,0.8,0.99146,0.9838415841584159
LinearFunctionPlayer,100,1000,2,200,0.8,0.9911749999999999,0.9927178217821785
LinearFunctionPlayer,100,1000,2,200,0.8,0.9896699999999999,0.9640297029702971
LinearFunctionPlayer,100,1000,2,200,0.8,0.9917999999999999,0.985257425742574
LinearFunctionPlayer,100,1000,2,200,0.8,0.990995,0.9617871287128713
LinearFunctionPlayer,100,1000,2,200,0.8,0.9902850000000001,0.9896386138613861
LinearFunctionPlayer,100,1000,2,200,0.8,0.9907350000000001,0.9735693069306931
LinearFunctionPlayer,100,1000,2,200,0.8,0.9914050000000002,0.9898366336633664
LinearFunctionPlayer,100,1000,2,200,0.8,0.9907299999999999,0.9885940594059407
LinearFunctionPlayer,100,1000,2,200,0.8,0.991015,0.990678217821782
LinearFunctionPlayer,100,1000,2,200,0.8,0.99118,0.9786237623762376
LinearFunctionPlayer,100,1000,2,200,0.8,0.9914950000000001,0.9790643564356438
LinearFunctionPlayer,100,1000,2,200,0.8,0.9917950000000001,0.9852029702970299
LinearFunctionPlayer,100,1000,2,200,0.8,0.9910549999999998,0.9790841584158416
LinearFunctionPlayer,100,1000,2,200,0.8,0.9913850000000001,0.9738465346534654
LinearFunctionPlayer,100,1000,2,200,0.8,0.9900150000000001,0.9866188118811883
LinearFunctionPlayer,100,1000,2,200,0.8,0.99005,0.965118811881188
LinearFunctionPlayer,100,1000,2,200,0.8,0.9907150000000001,0.9926386138613861
LinearFunctionPlayer,100,1000,2,200,0.8,0.9910150000000002,0.9687079207920793
LinearFunctionPlayer,100,1000,2,200,0.8,0.9917600000000002,0.9865940594059407
LinearFunctionPlayer,100,1000,2,200,0.8,0.9917100000000001,0.9923960396039604
LinearFunctionPlayer,100,1000,2,200,0.8,0.9906450000000001,0.9600940594059408
LinearFunctionPlayer,100,1000,2,200,0.8,0.9905550000000001,0.9921138613861386
LinearFunctionPlayer,100,1000,2,200,0.8,0.990005,0.9838564356435644
LinearFunctionPlayer,100,1000,2,200,0.8,0.99054,0.9883366336633663
LinearFunctionPlayer,100,1000,2,200,0.8,0.9911,0.9842970297029703
LinearFunctionPlayer,100,1000,2,200,0.8,0.9908050000000002,0.9518861386138615
LinearFunctionPlayer,100,1000,2,200,0.8,0.99165,0.9761386138613863
LinearFunctionPlayer,100,1000,2,200,0.8,0.9913599999999999,0.9897326732673267
LinearFunctionPlayer,100,1000,2,200,0.8,0.99043,0.9894059405940595
LinearFunctionPlayer,100,1000,2,200,0.8,0.9910450000000001,0.9846782178217819
LinearFunctionPlayer,100,1000,2,200,0.8,0.9902550000000001,0.9893514851485148
LinearFunctionPlayer,100,1000,2,200,0.8,0.99223,0.9767425742574257
LinearFunctionPlayer,100,1000,2,200,0.8,0.9908400000000002,0.9898811881188119
LinearFunctionPlayer,100,1000,2,200,0.8,0.9902550000000002,0.9829356435643566
LinearFunctionPlayer,100,1000,2,200,0.8,0.9905250000000001,0.9794207920792078
LinearFunctionPlayer,100,1000,2,200,0.8,0.9919399999999999,0.9665346534653466
LinearFunctionPlayer,100,1000,2,200,0.8,0.98982,0.9899405940594062
LinearFunctionPlayer,100,1000,2,200,0.8,0.9908050000000002,0.9924306930693068
LinearFunctionPlayer,100,1000,2,200,0.8,0.99138,0.991
LinearFunctionPlayer,100,1000,2,200,0.8,0.9914100000000002,0.9897722772277229
LinearFunctionPlayer,100,1000,2,200,0.8,0.9908149999999999,0.9876881188118812
LinearFunctionPlayer,100,1000,2,200,0.8,0.9912000000000001,0.9815346534653466
LinearFunctionPlayer,100,1000,2,200,0.8,0.991145,0.9860247524752473
LinearFunctionPlayer,100,1000,2,200,0.8,0.9884400000000003,0.9772574257425745
LinearFunctionPlayer,100,1000,2,200,0.8,0.9909199999999998,0.960910891089109
SigmoidPlayer,100,1000,2,200,0.8,0.99516,0.9618316831683168
SigmoidPlayer,100,1000,2,200,0.8,0.99527,0.9884554455445547
SigmoidPlayer,100,1000,2,200,0.8,0.9950300000000002,0.9907722772277229
SigmoidPlayer,100,1000,2,200,0.8,0.99497,0.9932178217821783
SigmoidPlayer,100,1000,2,200,0.8,0.9952000000000001,0.9893366336633667
SigmoidPlayer,100,1000,2,200,0.8,0.9954700000000001,0.9910594059405942
SigmoidPlayer,100,1000,2,200,0.8,0.9952500000000001,0.9687128712871288
SigmoidPlayer,100,1000,2,200,0.8,0.9953200000000001,0.9830396039603962
SigmoidPlayer,100,1000,2,200,0.8,0.9956400000000001,0.9805445544554457
SigmoidPlayer,100,1000,2,200,0.8,0.99528,0.99070297029703
SigmoidPlayer,100,1000,2,200,0.8,0.9953900000000003,0.9834752475247527
SigmoidPlayer,100,1000,2,200,0.8,0.9948800000000001,0.9827128712871289
SigmoidPlayer,100,1000,2,200,0.8,0.9953700000000001,0.9914455445544557
SigmoidPlayer,100,1000,2,200,0.8,0.9956500000000003,0.9583069306930693
SigmoidPlayer,100,1000,2,200,0.8,0.9954499999999998,0.971881188118812
SigmoidPlayer,100,1000,2,200,0.8,0.9954800000000001,0.9780594059405939
SigmoidPlayer,100,1000,2,200,0.8,0.9952700000000001,0.9667722772277229
SigmoidPlayer,100,1000,2,200,0.8,0.9949300000000002,0.9693663366336635
SigmoidPlayer,100,1000,2,200,0.8,0.99504,0.9892673267326735
SigmoidPlayer,100,1000,2,200,0.8,0.9950800000000001,0.9772475247524753
SigmoidPlayer,100,1000,2,200,0.8,0.9952800000000002,0.9833663366336636
SigmoidPlayer,100,1000,2,200,0.8,0.9948600000000001,0.9588118811881187
SigmoidPlayer,100,1000,2,200,0.8,0.99484,0.9865841584158416
SigmoidPlayer,100,1000,2,200,0.8,0.9951000000000001,0.9933069306930694
SigmoidPlayer,100,1000,2,200,0.8,0.9943200000000002,0.9628712871287128
SigmoidPlayer,100,1000,2,200,0.8,0.9947600000000001,0.9923069306930694
SigmoidPlayer,100,1000,2,200,0.8,0.9954400000000001,0.9707326732673267
SigmoidPlayer,100,1000,2,200,0.8,0.9954300000000003,0.9916831683168318
SigmoidPlayer,100,1000,2,200,0.8,0.9959300000000002,0.9910990099009901
SigmoidPlayer,100,1000,2,200,0.8,0.99525,0.9515148514851485
SigmoidPlayer,100,1000,2,200,0.8,0.9955200000000001,0.9883465346534657
SigmoidPlayer,100,1000,2,200,0.8,0.9954200000000002,0.9859801980198022
SigmoidPlayer,100,1000,2,200,0.8,0.9951400000000001,0.9624653465346535
SigmoidPlayer,100,1000,2,200,0.8,0.9942100000000004,0.9674752475247526
SigmoidPlayer,100,1000,2,200,0.8,0.9949100000000002,0.9902871287128714
SigmoidPlayer,100,1000,2,200,0.8,0.99512,0.9488712871287128
SigmoidPlayer,100,1000,2,200,0.8,0.99598,0.9796534653465347
SigmoidPlayer,100,1000,2,200,0.8,0.9952900000000003,0.990019801980198
SigmoidPlayer,100,1000,2,200,0.8,0.9960800000000001,0.9874455445544555
SigmoidPlayer,100,1000,2,200,0.8,0.9947400000000002,0.9899702970297032
SigmoidPlayer,100,1000,2,200,0.8,0.9951000000000001,0.9528415841584158
SigmoidPlayer,100,1000,2,200,0.8,0.9944600000000001,0.970871287128713
SigmoidPlayer,100,1000,2,200,0.8,0.9948750000000003,0.9778168316831685
SigmoidPlayer,100,1000,2,200,0.8,0.99503,0.9929801980198021
SigmoidPlayer,100,1000,2,200,0.8,0.99497,0.9932178217821783
SigmoidPlayer,100,1000,2,200,0.8,0.9948700000000003,0.9829900990099012
SigmoidPlayer,100,1000,2,200,0.8,0.9955700000000001,0.9858217821782179
SigmoidPlayer,100,1000,2,200,0.8,0.9952600000000001,0.9925742574257429
SigmoidPlayer,100,1000,2,200,0.8,0.9954000000000001,0.960168316831683
SigmoidPlayer,100,1000,2,200,0.8,0.9955900000000003,0.9897722772277229
SigmoidPlayer,100,1000,2,200,0.8,0.9944100000000001,0.9725742574257428
SigmoidPlayer,100,1000,2,200,0.8,0.9951200000000001,0.9727425742574258
SigmoidPlayer,100,1000,2,200,0.8,0.99548,0.9927920792079209
SigmoidPlayer,100,1000,2,200,0.8,0.9956400000000002,0.9774653465346533
SigmoidPlayer,100,1000,2,200,0.8,0.9950199999999999,0.9937425742574258
SigmoidPlayer,100,1000,2,200,0.8,0.9948000000000001,0.9749405940594059
SigmoidPlayer,100,1000,2,200,0.8,0.9943100000000001,0.978742574257426
SigmoidPlayer,100,1000,2,200,0.8,0.9952400000000001,0.9732772277227721
SigmoidPlayer,100,1000,2,200,0.8,0.9949300000000001,0.9773564356435646
SigmoidPlayer,100,1000,2,200,0.8,0.99575,0.9882376237623763
SigmoidPlayer,100,1000,2,200,0.8,0.9950800000000001,0.9793663366336635
SigmoidPlayer,100,1000,2,200,0.8,0.9960700000000001,0.9942970297029704
SigmoidPlayer,100,1000,2,200,0.8,0.9947800000000001,0.9648514851485147
SigmoidPlayer,100,1000,2,200,0.8,0.99515,0.9928118811881191
SigmoidPlayer,100,1000,2,200,0.8,0.9950900000000001,0.9940495049504954
SigmoidPlayer,100,1000,2,200,0.8,0.9956400000000001,0.9840099009900992
SigmoidPlayer,100,1000,2,200,0.8,0.9953800000000002,0.9950693069306931
SigmoidPlayer,100,1000,2,200,0.8,0.9954300000000003,0.9676336633663366
SigmoidPlayer,100,1000,2,200,0.8,0.9954700000000001,0.9492871287128711
SigmoidPlayer,100,1000,2,200,0.8,0.9959900000000002,0.9876435643564359
SigmoidPlayer,100,1000,2,200,0.8,0.9943800000000002,0.9893861386138615
SigmoidPlayer,100,1000,2,200,0.8,0.9949900000000003,0.9747821782178218
SigmoidPlayer,100,1000,2,200,0.8,0.9953100000000003,0.9789504950495052
SigmoidPlayer,100,1000,2,200,0.8,0.9954700000000001,0.993960396039604
SigmoidPlayer,100,1000,2,200,0.8,0.99448,0.9566336633663368
SigmoidPlayer,100,1000,2,200,0.8,0.9955800000000002,0.9912475247524754
SigmoidPlayer,100,1000,2,200,0.8,0.9956700000000002,0.9960297029702972
SigmoidPlayer,100,1000,2,200,0.8,0.9954500000000001,0.9821980198019803
SigmoidPlayer,100,1000,2,200,0.8,0.9952500000000002,0.9944554455445547
SigmoidPlayer,100,1000,2,200,0.8,0.9953599999999999,0.9904554455445544
SigmoidPlayer,100,1000,2,200,0.8,0.9954700000000001,0.9758415841584158
SigmoidPlayer,100,1000,2,200,0.8,0.9956500000000001,0.9920891089108913
SigmoidPlayer,100,1000,2,200,0.8,0.9949100000000003,0.9893564356435643
SigmoidPlayer,100,1000,2,200,0.8,0.9949799999999999,0.9753861386138616
SigmoidPlayer,100,1000,2,200,0.8,0.9951000000000002,0.9735841584158416
SigmoidPlayer,100,1000,2,200,0.8,0.9952500000000001,0.9951782178217821
SigmoidPlayer,100,1000,2,200,0.8,0.9951200000000001,0.990851485148515
SigmoidPlayer,100,1000,2,200,0.8,0.9958000000000001,0.9790000000000001
SigmoidPlayer,100,1000,2,200,0.8,0.99489,0.9805742574257424
SigmoidPlayer,100,1000,2,200,0.8,0.9954400000000001,0.9809801980198022
SigmoidPlayer,100,1000,2,200,0.8,0.9948700000000001,0.9828118811881188
SigmoidPlayer,100,1000,2,200,0.8,0.99546,0.9727821782178216
SigmoidPlayer,100,1000,2,200,0.8,0.9948700000000001,0.99080198019802
SigmoidPlayer,100,1000,2,200,0.8,0.9957200000000002,0.9834059405940596
SigmoidPlayer,100,1000,2,200,0.8,0.9947199999999999,0.979168316831683
SigmoidPlayer,100,1000,2,200,0.8,0.9950700000000002,0.9888712871287132
SigmoidPlayer,100,1000,2,200,0.8,0.9948300000000002,0.961881188118812
SigmoidPlayer,100,1000,2,200,0.8,0.9955100000000003,0.974108910891089
SigmoidPlayer,100,1000,2,200,0.8,0.9952500000000002,0.9852178217821783
SigmoidPlayer,100,1000,2,200,0.8,0.9959450000000001,0.9561633663366337
LRPlayer,100,1000,2,200,0.8,0.9947850000000001,0.9879752475247525
LRPlayer,100,1000,2,200,0.8,0.99533,0.9859207920792081
LRPlayer,100,1000,2,200,0.8,0.9951899999999999,0.9868514851485147
LRPlayer,100,1000,2,200,0.8,0.9949549999999999,0.9919554455445546
LRPlayer,100,1000,2,200,0.8,0.9954600000000002,0.981920792079208
LRPlayer,100,1000,2,200,0.8,0.99472,0.988871287128713
LRPlayer,100,1000,2,200,0.8,0.9950199999999999,0.9921386138613861
LRPlayer,100,1000,2,200,0.8,0.9952250000000002,0.9812524752475247
LRPlayer,100,1000,2,200,0.8,0.9949700000000001,0.9840396039603964
LRPlayer,100,1000,2,200,0.8,0.9948450000000002,0.9876188118811883
LRPlayer,100,1000,2,200,0.8,0.99529,0.984148514851485
LRPlayer,100,1000,2,200,0.8,0.9950500000000001,0.9895742574257425
LRPlayer,100,1000,2,200,0.8,0.9947,0.9798811881188121
LRPlayer,100,1000,2,200,0.8,0.9941850000000002,0.9662227722772279
LRPlayer,100,1000,2,200,0.8,0.99516,0.9864653465346536
LRPlayer,100,1000,2,200,0.8,0.9946250000000001,0.9806881188118812
LRPlayer,100,1000,2,200,0.8,0.994945,0.9796683168316832
LRPlayer,100,1000,2,200,0.8,0.9946200000000001,0.9635247524752476
LRPlayer,100,1000,2,200,0.8,0.9952600000000001,0.9878712871287127
LRPlayer,100,1000,2,200,0.8,0.9946300000000002,0.9924257425742574
LRPlayer,100,1000,2,200,0.8,0.9953099999999999,0.9918415841584161
LRPlayer,100,1000,2,200,0.8,0.9952250000000002,0.9893316831683167
LRPlayer,100,1000,2,200,0.8,0.9951499999999999,0.9929603960396041
LRPlayer,100,1000,2,200,0.8,0.9950600000000001,0.9920396039603961
LRPlayer,100,1000,2,200,0.8,0.9953449999999999,0.9900049504950494
LRPlayer,100,1000,2,200,0.8,0.99424,0.9634554455445545
LRPlayer,100,1000,2,200,0.8,0.9952999999999999,0.960891089108911
LRPlayer,100,1000,2,200,0.8,0.9952700000000003,0.992009900990099
LRPlayer,100,1000,2,200,0.8,0.9945450000000002,0.9757970297029702
LRPlayer,100,1000,2,200,0.8,0.9947550000000001,0.9817178217821783
LRPlayer,100,1000,2,200,0.8,0.9946699999999998,0.978821782178218
LRPlayer,100,1000,2,200,0.8,0.9947450000000002,0.9638564356435642
LRPlayer,100,1000,2,200,0.8,0.9948599999999999,0.9825643564356434
LRPlayer,100,1000,2,200,0.8,0.9945900000000002,0.9823267326732675
LRPlayer,100,1000,2,200,0.8,0.994725,0.982519801980198
LRPlayer,100,1000,2,200,0.8,0.995035,0.9713910891089108
LRPlayer,100,1000,2,200,0.8,0.995055,0.9864306930693068
LRPlayer,100,1000,2,200,0.8,0.99465,0.9872871287128714
LRPlayer,100,1000,2,200,0.8,0.9949350000000002,0.9889455445544556
LRPlayer,100,1000,2,200,0.8,0.994875,0.9715891089108912
LRPlayer,100,1000,2,200,0.8,0.9949099999999999,0.990940594059406
LRPlayer,100,1000,2,200,0.8,0.995395,0.9880940594059406
LRPlayer,100,1000,2,200,0.8,0.9949849999999999,0.9760049504950497
LRPlayer,100,1000,2,200,0.8,0.99484,0.9874356435643565
LRPlayer,100,1000,2,200,0.8,0.9946600000000001,0.9830198019801981
LRPlayer,100,1000,2,200,0.8,0.9952099999999998,0.9806534653465345
LRPlayer,100,1000,2,200,0.8,0.9948699999999999,0.9911881188118812
LRPlayer,100,1000,2,200,0.8,0.994495,0.9802524752475246
LRPlayer,100,1000,2,200,0.8,0.9948400000000001,0.9661188118811882
LRPlayer,100,1000,2,200,0.8,0.9954050000000001,0.9918366336633665
LRPlayer,100,1000,2,200,0.8,0.9947049999999998,0.9927079207920793
LRPlayer,100,1000,2,200,0.8,0.99531,0.9913564356435643
LRPlayer,100,1000,2,200,0.8,0.9947199999999999,0.9904059405940595
LRPlayer,100,1000,2,200,0.8,0.99517,0.9936435643564356
LRPlayer,100,1000,2,200,0.8,0.9947,0.9928118811881189
LRPlayer,100,1000,2,200,0.8,0.9952300000000001,0.9706237623762378
LRPlayer,100,1000,2,200,0.8,0.9948650000000002,0.9806683168316833
LRPlayer,100,1000,2,200,0.8,0.9950050000000001,0.9917673267326733
LRPlayer,100,1000,2,200,0.8,0.9952000000000001,0.9834653465346535
LRPlayer,100,1000,2,200,0.8,0.9953150000000001,0.9847178217821783
LRPlayer,100,1000,2,200,0.8,0.9945649999999999,0.9576584158415843
LRPlayer,100,1000,2,200,0.8,0.9947750000000001,0.9852227722772278
LRPlayer,100,1000,2,200,0.8,0.9948400000000001,0.9704752475247523
LRPlayer,100,1000,2,200,0.8,0.9953850000000002,0.9942722772277228
LRPlayer,100,1000,2,200,0.8,0.9946350000000002,0.9859059405940593
LRPlayer,100,1000,2,200,0.8,0.994835,0.9736980198019801
LRPlayer,100,1000,2,200,0.8,0.9949350000000001,0.9881534653465345
LRPlayer,100,1000,2,200,0.8,0.9950550000000001,0.9794999999999999
LRPlayer,100,1000,2,200,0.8,0.99505,0.9886237623762376
LRPlayer,100,1000,2,200,0.8,0.9946649999999999,0.9912326732673268
LRPlayer,100,1000,2,200,0.8,0.995275,0.9930742574257427
LRPlayer,100,1000,2,200,0.8,0.9953400000000001,0.9862772277227723
LRPlayer,100,1000,2,200,0.8,0.9948499999999999,0.9668118811881189
LRPlayer,100,1000,2,200,0.8,0.994545,0.9910247524752476
LRPlayer,100,1000,2,200,0.8,0.9942350000000001,0.9616386138613862
LRPlayer,100,1000,2,200,0.8,0.9948,0.9673465346534653
LRPlayer,100,1000,2,200,0.8,0.994695,0.9919158415841585
LRPlayer,100,1000,2,200,0.8,0.9952750000000001,0.9892524752475248
LRPlayer,100,1000,2,200,0.8,0.9948800000000001,0.9850792079207922
LRPlayer,100,1000,2,200,0.8,0.9949400000000002,0.9733663366336633
LRPlayer,100,1000,2,200,0.8,0.9951300000000002,0.9836930693069307
LRPlayer,100,1000,2,200,0.8,0.99477,0.9910000000000001
LRPlayer,100,1000,2,200,0.8,0.99528,0.9907425742574258
LRPlayer,100,1000,2,200,0.8,0.994565,0.9710742574257426
LRPlayer,100,1000,2,200,0.8,0.99533,0.9798118811881187
LRPlayer,100,1000,2,200,0.8,0.9953399999999999,0.9909009900990099
LRPlayer,100,1000,2,200,0.8,0.9948300000000002,0.9838811881188118
LRPlayer,100,1000,2,200,0.8,0.9948349999999999,0.9711732673267328
LRPlayer,100,1000,2,200,0.8,0.9952650000000002,0.9777673267326732
LRPlayer,100,1000,2,200,0.8,0.995055,0.9918762376237624
LRPlayer,100,1000,2,200,0.8,0.99543,0.9855148514851486
LRPlayer,100,1000,2,200,0.8,0.9947349999999999,0.9817574257425743
LRPlayer,100,1000,2,200,0.8,0.9951400000000001,0.992019801980198
LRPlayer,100,1000,2,200,0.8,0.9949199999999999,0.9916831683168317
LRPlayer,100,1000,2,200,0.8,0.9949649999999999,0.9622920792079208
LRPlayer,100,1000,2,200,0.8,0.9952,0.9895148514851487
LRPlayer,100,1000,2,200,0.8,0.9948300000000002,0.9900000000000002
LRPlayer,100,1000,2,200,0.8,0.9947300000000001,0.9736930693069308
LRPlayer,100,1000,2,200,0.8,0.9951700000000001,0.9894752475247526
LRPlayer,100,1000,2,200,0.8,0.9954000000000001,0.9948514851485147
MLPPlayer,100,1000,2,200,0.8,0.9753149999999999,0.9282326732673266
MLPPlayer,100,1000,2,200,0.8,0.973095,0.972608910891089
MLPPlayer,100,1000,2,200,0.8,0.973285,0.9486188118811881
MLPPlayer,100,1000,2,200,0.8,0.974155,0.9277178217821781
MLPPlayer,100,1000,2,200,0.8,0.97533,0.9185940594059407
MLPPlayer,100,1000,2,200,0.8,0.9735250000000001,0.9424306930693072
MLPPlayer,100,1000,2,200,0.8,0.9753649999999999,0.9198366336633663
MLPPlayer,100,1000,2,200,0.8,0.97444,0.9398712871287127
MLPPlayer,100,1000,2,200,0.8,0.97642,0.8836138613861385
MLPPlayer,100,1000,2,200,0.8,0.973955,0.9313217821782177
MLPPlayer,100,1000,2,200,0.8,0.9743200000000001,0.9358514851485149
MLPPlayer,100,1000,2,200,0.8,0.97453,0.9233762376237623
MLPPlayer,100,1000,2,200,0.8,0.975785,0.8630049504950495
MLPPlayer,100,1000,2,200,0.8,0.974665,0.9091732673267328
MLPPlayer,100,1000,2,200,0.8,0.973825,0.9177673267326734
MLPPlayer,100,1000,2,200,0.8,0.9756100000000001,0.8784554455445545
MLPPlayer,100,1000,2,200,0.8,0.9744750000000001,0.8952029702970298
MLPPlayer,100,1000,2,200,0.8,0.9731799999999998,0.955831683168317
MLPPlayer,100,1000,2,200,0.8,0.9750900000000002,0.9180198019801982
MLPPlayer,100,1000,2,200,0.8,0.9741500000000001,0.9373564356435642
MLPPlayer,100,1000,2,200,0.8,0.9753049999999999,0.9072128712871286
MLPPlayer,100,1000,2,200,0.8,0.97332,0.9676534653465345
MLPPlayer,100,1000,2,200,0.8,0.97465,0.9398613861386139
MLPPlayer,100,1000,2,200,0.8,0.97334,0.9602871287128714
MLPPlayer,100,1000,2,200,0.8,0.9737600000000001,0.9232970297029703
MLPPlayer,100,1000,2,200,0.8,0.97472,0.937
MLPPlayer,100,1000,2,200,0.8,0.976235,0.8804900990099009
MLPPlayer,100,1000,2,200,0.8,0.9762099999999999,0.8914455445544553
MLPPlayer,100,1000,2,200,0.8,0.973595,0.9280148514851485
MLPPlayer,100,1000,2,200,0.8,0.9734999999999999,0.9292475247524752
MLPPlayer,100,1000,2,200,0.8,0.9748950000000001,0.9122128712871286
MLPPlayer,100,1000,2,200,0.8,0.97409,0.9437128712871287
MLPPlayer,100,1000,2,200,0.8,0.974345,0.9055297029702972
MLPPlayer,100,1000,2,200,0.8,0.973105,0.9644009900990099
MLPPlayer,100,1000,2,200,0.8,0.9729050000000001,0.972589108910891
MLPPlayer,100,1000,2,200,0.8,0.9747600000000003,0.9321485148514852
MLPPlayer,100,1000,2,200,0.8,0.9731250000000001,0.9619455445544556
MLPPlayer,100,1000,2,200,0.8,0.9743949999999998,0.9529950495049506
MLPPlayer,100,1000,2,200,0.8,0.97591,0.9074950495049506
MLPPlayer,100,1000,2,200,0.8,0.974175,0.9244900990099009
MLPPlayer,100,1000,2,200,0.8,0.9730300000000001,0.9522475247524753
MLPPlayer,100,1000,2,200,0.8,0.974385,0.9275891089108911
MLPPlayer,100,1000,2,200,0.8,0.9747149999999999,0.9238366336633661
MLPPlayer,100,1000,2,200,0.8,0.9740849999999999,0.9607772277227724
MLPPlayer,100,1000,2,200,0.8,0.9745800000000001,0.9375940594059404
MLPPlayer,100,1000,2,200,0.8,0.97433,0.9215346534653467
MLPPlayer,100,1000,2,200,0.8,0.9750300000000002,0.9200495049504949
MLPPlayer,100,1000,2,200,0.8,0.9732500000000001,0.9196534653465348
MLPPlayer,100,1000,2,200,0.8,0.974015,0.9193613861386137
MLPPlayer,100,1000,2,200,0.8,0.97443,0.919
MLPPlayer,100,1000,2,200,0.8,0.9729749999999998,0.9518168316831683
MLPPlayer,100,1000,2,200,0.8,0.97399,0.9422772277227726
MLPPlayer,100,1000,2,200,0.8,0.9729099999999999,0.9468019801980199
MLPPlayer,100,1000,2,200,0.8,0.972985,0.9471336633663368
MLPPlayer,100,1000,2,200,0.8,0.975625,0.899549504950495
MLPPlayer,100,1000,2,200,0.8,0.9764599999999999,0.8838217821782178
MLPPlayer,100,1000,2,200,0.8,0.973855,0.9325396039603961
MLPPlayer,100,1000,2,200,0.8,0.9743649999999999,0.914321782178218
MLPPlayer,100,1000,2,200,0.8,0.9733200000000001,0.9589702970297029
MLPPlayer,100,1000,2,200,0.8,0.9745349999999999,0.9200742574257426
MLPPlayer,100,1000,2,200,0.8,0.97376,0.9434950495049506
MLPPlayer,100,1000,2,200,0.8,0.9740899999999999,0.9315445544554457
MLPPlayer,100,1000,2,200,0.8,0.9740249999999999,0.9200346534653464
MLPPlayer,100,1000,2,200,0.8,0.974285,0.9301039603960396
MLPPlayer,100,1000,2,200,0.8,0.9742899999999999,0.9353663366336633
MLPPlayer,100,1000,2,200,0.8,0.973975,0.9340445544554455
MLPPlayer,100,1000,2,200,0.8,0.974645,0.8958564356435642
MLPPlayer,100,1000,2,200,0.8,0.9728850000000001,0.9438069306930693
MLPPlayer,100,1000,2,200,0.8,0.9738549999999999,0.9398366336633662
MLPPlayer,100,1000,2,200,0.8,0.9754299999999999,0.8835940594059408
MLPPlayer,100,1000,2,200,0.8,0.974415,0.9047970297029704
MLPPlayer,100,1000,2,200,0.8,0.974175,0.960529702970297
MLPPlayer,100,1000,2,200,0.8,0.97446,0.9054950495049506
MLPPlayer,100,1000,2,200,0.8,0.9756850000000001,0.9068762376237623
MLPPlayer,100,1000,2,200,0.8,0.9752300000000002,0.8898811881188119
MLPPlayer,100,1000,2,200,0.8,0.9733099999999999,0.9255940594059404
MLPPlayer,100,1000,2,200,0.8,0.975535,0.899232673267327
MLPPlayer,100,1000,2,200,0.8,0.9734149999999999,0.9667277227722769
MLPPlayer,100,1000,2,200,0.8,0.974585,0.9448960396039604
MLPPlayer,100,1000,2,200,0.8,0.97532,0.9224059405940593
MLPPlayer,100,1000,2,200,0.8,0.9754599999999999,0.8871782178217824
MLPPlayer,100,1000,2,200,0.8,0.9745950000000001,0.9314504950495052
MLPPlayer,100,1000,2,200,0.8,0.973635,0.9539455445544555
MLPPlayer,100,1000,2,200,0.8,0.974335,0.92040099009901
MLPPlayer,100,1000,2,200,0.8,0.9744200000000001,0.9412871287128712
MLPPlayer,100,1000,2,200,0.8,0.973895,0.9428762376237625
MLPPlayer,100,1000,2,200,0.8,0.9727450000000001,0.9667970297029703
MLPPlayer,100,1000,2,200,0.8,0.9735250000000001,0.924272277227723
MLPPlayer,100,1000,2,200,0.8,0.9736799999999998,0.9378514851485148
MLPPlayer,100,1000,2,200,0.8,0.9745900000000001,0.908950495049505
MLPPlayer,100,1000,2,200,0.8,0.9733300000000001,0.9392178217821782
MLPPlayer,100,1000,2,200,0.8,0.9736099999999998,0.9493960396039605
MLPPlayer,100,1000,2,200,0.8,0.97414,0.9144851485148513
MLPPlayer,100,1000,2,200,0.8,0.9742000000000002,0.9315148514851485
MLPPlayer,100,1000,2,200,0.8,0.97379,0.930009900990099
MLPPlayer,100,1000,2,200,0.8,0.974735,0.9312524752475247
MLPPlayer,100,1000,2,200,0.8,0.973695,0.9288069306930693
MLPPlayer,100,1000,2,200,0.8,0.9732649999999998,0.9709950495049504
MLPPlayer,100,1000,2,200,0.8,0.9754249999999998,0.9060742574257425
MLPPlayer,100,1000,2,200,0.8,0.97547,0.9110594059405942
Player,100,1000,2,200,0.85,0.985475,0.9857574257425743
Player,100,1000,2,200,0.85,0.985665,0.9693910891089109
Player,100,1000,2,200,0.85,0.9860750000000001,0.989470297029703
Player,100,1000,2,200,0.85,0.9864450000000001,0.9893019801980198
Player,100,1000,2,200,0.85,0.9849300000000001,0.9885544554455447
Player,100,1000,2,200,0.85,0.9861600000000001,0.9834950495049508
Player,100,1000,2,200,0.85,0.9856100000000001,0.974980198019802
Player,100,1000,2,200,0.85,0.9864800000000001,0.977871287128713
Player,100,1000,2,200,0.85,0.9860800000000001,0.9850198019801981
Player,100,1000,2,200,0.85,0.98525,0.9791980198019802
Player,100,1000,2,200,0.85,0.98509,0.9858613861386137
Player,100,1000,2,200,0.85,0.9856149999999999,0.9849356435643566
Player,100,1000,2,200,0.85,0.9863050000000001,0.9865495049504953
Player,100,1000,2,200,0.85,0.9852699999999999,0.9828118811881189
Player,100,1000,2,200,0.85,0.985775,0.9871138613861387
Player,100,1000,2,200,0.85,0.984425,0.9761435643564357
Player,100,1000,2,200,0.85,0.985355,0.9708960396039603
Player,100,1000,2,200,0.85,0.98543,0.9574752475247525
Player,100,1000,2,200,0.85,0.9850550000000002,0.974529702970297
Player,100,1000,2,200,0.85,0.9852700000000002,0.9668712871287128
Player,100,1000,2,200,0.85,0.9851099999999999,0.9371386138613862
Player,100,1000,2,200,0.85,0.9856549999999998,0.9757970297029704
Player,100,1000,2,200,0.85,0.98596,0.9475544554455447
Player,100,1000,2,200,0.85,0.9859800000000001,0.9881782178217823
Player,100,1000,2,200,0.85,0.984845,0.9853019801980198
Player,100,1000,2,200,0.85,0.9856900000000001,0.9592178217821782
Player,100,1000,2,200,0.85,0.985355,0.9851039603960395
Player,100,1000,2,200,0.85,0.9868000000000001,0.9806138613861388
Player,100,1000,2,200,0.85,0.9863100000000001,0.9748316831683169
Player,100,1000,2,200,0.85,0.9855200000000001,0.9896930693069309
Player,100,1000,2,200,0.85,0.984565,0.9618861386138612
Player,100,1000,2,200,0.85,0.984805,0.9830049504950495
Player,100,1000,2,200,0.85,0.98503,0.9825841584158416
Player,100,1000,2,200,0.85,0.9849800000000001,0.9777920792079209
Player,100,1000,2,200,0.85,0.9858999999999999,0.973059405940594
Player,100,1000,2,200,0.85,0.9854250000000002,0.987351485148515
Player,100,1000,2,200,0.85,0.9852350000000001,0.9783019801980197
Player,100,1000,2,200,0.85,0.9855700000000001,0.9828019801980199
Player,100,1000,2,200,0.85,0.985355,0.9749059405940594
Player,100,1000,2,200,0.85,0.9852200000000001,0.9815940594059405
Player,100,1000,2,200,0.85,0.985885,0.9865000000000002
Player,100,1000,2,200,0.85,0.9854649999999999,0.9709851485148514
Player,100,1000,2,200,0.85,0.9854,0.9827524752475248
Player,100,1000,2,200,0.85,0.9860149999999999,0.9407574257425741
Player,100,1000,2,200,0.85,0.9851949999999999,0.981579207920792
Player,100,1000,2,200,0.85,0.98476,0.9624257425742573
Player,100,1000,2,200,0.85,0.9855900000000001,0.9857524752475249
Player,100,1000,2,200,0.85,0.9864400000000001,0.9866534653465348
Player,100,1000,2,200,0.85,0.9853350000000002,0.9879158415841586
Player,100,1000,2,200,0.85,0.9855849999999999,0.9859752475247525
Player,100,1000,2,200,0.85,0.985715,0.9754702970297029
Player,100,1000,2,200,0.85,0.9858000000000001,0.9782079207920793
Player,100,1000,2,200,0.85,0.9858450000000001,0.9549059405940593
Player,100,1000,2,200,0.85,0.98533,0.9758019801980198
Player,100,1000,2,200,0.85,0.985675,0.989361386138614
Player,100,1000,2,200,0.85,0.986,0.9732871287128713
Player,100,1000,2,200,0.85,0.9854849999999999,0.9753514851485148
Player,100,1000,2,200,0.85,0.9853450000000001,0.9623514851485147
Player,100,1000,2,200,0.85,0.98506,0.9684059405940593
Player,100,1000,2,200,0.85,0.9861400000000002,0.9882178217821784
Player,100,1000,2,200,0.85,0.985275,0.9833712871287127
Player,100,1000,2,200,0.85,0.9868850000000002,0.9592227722772276
Player,100,1000,2,200,0.85,0.9854850000000002,0.9653613861386141
Player,100,1000,2,200,0.85,0.9850349999999999,0.9662722772277228
Player,100,1000,2,200,0.85,0.985475,0.9438861386138615
Player,100,1000,2,200,0.85,0.9854750000000001,0.9747772277227724
Player,100,1000,2,200,0.85,0.985685,0.9823118811881186
Player,100,1000,2,200,0.85,0.9857149999999999,0.9850940594059407
Player,100,1000,2,200,0.85,0.9854500000000002,0.9842574257425744
Player,100,1000,2,200,0.85,0.9856899999999998,0.9666930693069307
Player,100,1000,2,200,0.85,0.9856299999999999,0.974930693069307
Player,100,1000,2,200,0.85,0.986155,0.9660544554455446
Player,100,1000,2,200,0.85,0.9858950000000002,0.9810742574257425
Player,100,1000,2,200,0.85,0.98559,0.9882871287128714
Player,100,1000,2,200,0.85,0.98524,0.9885940594059409
Player,100,1000,2,200,0.85,0.9854599999999999,0.9874950495049506
Player,100,1000,2,200,0.85,0.9855100000000001,0.9894752475247526
Player,100,1000,2,200,0.85,0.9857199999999999,0.9794950495049505
Player,100,1000,2,200,0.85,0.9854550000000001,0.9843118811881187
Player,100,1000,2,200,0.85,0.9859399999999999,0.9561980198019804
Player,100,1000,2,200,0.85,0.9849800000000001,0.9761881188118813
Player,100,1000,2,200,0.85,0.986015,0.9774207920792078
Player,100,1000,2,200,0.85,0.9848899999999999,0.9598118811881189
Player,100,1000,2,200,0.85,0.9864999999999999,0.9531485148514849
Player,100,1000,2,200,0.85,0.985755,0.9886683168316832
Player,100,1000,2,200,0.85,0.9856349999999999,0.9822623762376239
Player,100,1000,2,200,0.85,0.98613,0.9895445544554455
Player,100,1000,2,200,0.85,0.9858850000000001,0.9789752475247524
Player,100,1000,2,200,0.85,0.9855350000000002,0.9641534653465346
Player,100,1000,2,200,0.85,0.984915,0.9777079207920792
Player,100,1000,2,200,0.85,0.986055,0.9745495049504951
Player,100,1000,2,200,0.85,0.9857800000000002,0.9885049504950496
Player,100,1000,2,200,0.85,0.984705,0.9829752475247524
Player,100,1000,2,200,0.85,0.98539,0.9843762376237624
Player,100,1000,2,200,0.85,0.9854050000000001,0.964539603960396
Player,100,1000,2,200,0.85,0.9851700000000001,0.980178217821782
Player,100,1000,2,200,0.85,0.985505,0.9889950495049504
Player,100,1000,2,200,0.85,0.985755,0.9718168316831682
Player,100,1000,2,200,0.85,0.985035,0.988450495049505
Player,100,1000,2,200,0.85,0.9857199999999999,0.9672277227722772
LinearFunctionPlayer,100,1000,2,200,0.85,0.9867450000000002,0.9869059405940597
LinearFunctionPlayer,100,1000,2,200,0.85,0.9875600000000001,0.9869207920792079
LinearFunctionPlayer,100,1000,2,200,0.85,0.9863799999999999,0.9811386138613862
LinearFunctionPlayer,100,1000,2,200,0.85,0.9867750000000001,0.989450495049505
LinearFunctionPlayer,100,1000,2,200,0.85,0.9888000000000001,0.9859207920792079
LinearFunctionPlayer,100,1000,2,200,0.85,0.9878900000000002,0.9779009900990101
LinearFunctionPlayer,100,1000,2,200,0.85,0.98757,0.9840792079207918
LinearFunctionPlayer,100,1000,2,200,0.85,0.9875800000000002,0.9902277227722774
LinearFunctionPlayer,100,1000,2,200,0.85,0.9864149999999999,0.9863910891089108
LinearFunctionPlayer,100,1000,2,200,0.85,0.9849000000000001,0.9710891089108912
LinearFunctionPlayer,100,1000,2,200,0.85,0.9867800000000001,0.9759306930693069
LinearFunctionPlayer,100,1000,2,200,0.85,0.9876850000000001,0.9874108910891088
LinearFunctionPlayer,100,1000,2,200,0.85,0.9877199999999999,0.977980198019802
LinearFunctionPlayer,100,1000,2,200,0.85,0.9864350000000001,0.9865891089108914
LinearFunctionPlayer,100,1000,2,200,0.85,0.987115,0.9766683168316831
LinearFunctionPlayer,100,1000,2,200,0.85,0.9875050000000001,0.9778960396039602
LinearFunctionPlayer,100,1000,2,200,0.85,0.98858,0.9873861386138614
LinearFunctionPlayer,100,1000,2,200,0.85,0.9868950000000001,0.9877772277227725
LinearFunctionPlayer,100,1000,2,200,0.85,0.98763,0.973970297029703
LinearFunctionPlayer,100,1000,2,200,0.85,0.9858400000000002,0.9875445544554455
LinearFunctionPlayer,100,1000,2,200,0.85,0.98716,0.9877722772277229
LinearFunctionPlayer,100,1000,2,200,0.85,0.9861699999999999,0.9828316831683167
LinearFunctionPlayer,100,1000,2,200,0.85,0.9876650000000001,0.9796980198019802
LinearFunctionPlayer,100,1000,2,200,0.85,0.98611,0.9740297029702971
LinearFunctionPlayer,100,1000,2,200,0.85,0.9868700000000001,0.978069306930693
LinearFunctionPlayer,100,1000,2,200,0.85,0.9872850000000003,0.987480198019802
LinearFunctionPlayer,100,1000,2,200,0.85,0.9870449999999998,0.9884504950495051
LinearFunctionPlayer,100,1000,2,200,0.85,0.9868300000000002,0.9850594059405939
LinearFunctionPlayer,100,1000,2,200,0.85,0.9882650000000003,0.986331683168317
LinearFunctionPlayer,100,1000,2,200,0.85,0.9872350000000002,0.9673811881188118
LinearFunctionPlayer,100,1000,2,200,0.85,0.987625,0.963361386138614
LinearFunctionPlayer,100,1000,2,200,0.85,0.988745,0.9780148514851486
LinearFunctionPlayer,100,1000,2,200,0.85,0.9865150000000001,0.9870544554455445
LinearFunctionPlayer,100,1000,2,200,0.85,0.986395,0.9428861386138612
LinearFunctionPlayer,100,1000,2,200,0.85,0.9881299999999998,0.9897722772277228
LinearFunctionPlayer,100,1000,2,200,0.85,0.9874799999999999,0.9894455445544555
LinearFunctionPlayer,100,1000,2,200,0.85,0.9866550000000001,0.9893118811881187
LinearFunctionPlayer,100,1000,2,200,0.85,0.987825,0.97440099009901
LinearFunctionPlayer,100,1000,2,200,0.85,0.9854050000000001,0.9828366336633663
LinearFunctionPlayer,100,1000,2,200,0.85,0.9860799999999998,0.9884752475247527
LinearFunctionPlayer,100,1000,2,200,0.85,0.9876050000000001,0.9759950495049505
LinearFunctionPlayer,100,1000,2,200,0.85,0.98688,0.9840396039603961
LinearFunctionPlayer,100,1000,2,200,0.85,0.9884050000000001,0.9899158415841584
LinearFunctionPlayer,100,1000,2,200,0.85,0.98738,0.9842871287128713
LinearFunctionPlayer,100,1000,2,200,0.85,0.9860300000000001,0.9752178217821783
LinearFunctionPlayer,100,1000,2,200,0.85,0.9874800000000001,0.9684752475247523
LinearFunctionPlayer,100,1000,2,200,0.85,0.9870849999999999,0.9838267326732674
LinearFunctionPlayer,100,1000,2,200,0.85,0.9869650000000001,0.9817178217821781
LinearFunctionPlayer,100,1000,2,200,0.85,0.9890599999999999,0.985029702970297
LinearFunctionPlayer,100,1000,2,200,0.85,0.9875100000000002,0.9723762376237624
LinearFunctionPlayer,100,1000,2,200,0.85,0.98586,0.9868415841584162
LinearFunctionPlayer,100,1000,2,200,0.85,0.9881650000000002,0.9900148514851487
LinearFunctionPlayer,100,1000,2,200,0.85,0.987845,0.9889356435643565
LinearFunctionPlayer,100,1000,2,200,0.85,0.98696,0.9862475247524752
LinearFunctionPlayer,100,1000,2,200,0.85,0.987325,0.9777574257425743
LinearFunctionPlayer,100,1000,2,200,0.85,0.9860350000000002,0.9717970297029705
LinearFunctionPlayer,100,1000,2,200,0.85,0.986155,0.9847178217821781
LinearFunctionPlayer,100,1000,2,200,0.85,0.98729,0.9761188118811881
LinearFunctionPlayer,100,1000,2,200,0.85,0.987685,0.9884504950495052
LinearFunctionPlayer,100,1000,2,200,0.85,0.9880400000000001,0.9857425742574257
LinearFunctionPlayer,100,1000,2,200,0.85,0.9857450000000001,0.9823118811881187
LinearFunctionPlayer,100,1000,2,200,0.85,0.984955,0.987381188118812
LinearFunctionPlayer,100,1000,2,200,0.85,0.98681,0.9880594059405942
LinearFunctionPlayer,100,1000,2,200,0.85,0.9876550000000001,0.9805
LinearFunctionPlayer,100,1000,2,200,0.85,0.988715,0.9903514851485149
LinearFunctionPlayer,100,1000,2,200,0.85,0.9867950000000001,0.9864009900990097
LinearFunctionPlayer,100,1000,2,200,0.85,0.9878700000000002,0.985029702970297
LinearFunctionPlayer,100,1000,2,200,0.85,0.98907,0.9906039603960398
LinearFunctionPlayer,100,1000,2,200,0.85,0.9874200000000001,0.9600396039603961
LinearFunctionPlayer,100,1000,2,200,0.85,0.985355,0.9862227722772278
LinearFunctionPlayer,100,1000,2,200,0.85,0.9859950000000002,0.9591237623762376
LinearFunctionPlayer,100,1000,2,200,0.85,0.986495,0.9817079207920789
LinearFunctionPlayer,100,1000,2,200,0.85,0.987855,0.9897079207920794
LinearFunctionPlayer,100,1000,2,200,0.85,0.98722,0.9798217821782178
LinearFunctionPlayer,100,1000,2,200,0.85,0.9860900000000001,0.9805445544554456
LinearFunctionPlayer,100,1000,2,200,0.85,0.9866450000000002,0.986509900990099
LinearFunctionPlayer,100,1000,2,200,0.85,0.9873450000000001,0.9893019801980198
LinearFunctionPlayer,100,1000,2,200,0.85,0.9864350000000002,0.9697772277227722
LinearFunctionPlayer,100,1000,2,200,0.85,0.98728,0.9885841584158417
LinearFunctionPlayer,100,1000,2,200,0.85,0.9875800000000001,0.9894059405940595
LinearFunctionPlayer,100,1000,2,200,0.85,0.986815,0.9803217821782179
LinearFunctionPlayer,100,1000,2,200,0.85,0.98687,0.9843663366336635
LinearFunctionPlayer,100,1000,2,200,0.85,0.9877400000000001,0.9815445544554453
LinearFunctionPlayer,100,1000,2,200,0.85,0.9879500000000001,0.9897029702970297
LinearFunctionPlayer,100,1000,2,200,0.85,0.9867500000000001,0.9891980198019803
LinearFunctionPlayer,100,1000,2,200,0.85,0.98548,0.9836831683168319
LinearFunctionPlayer,100,1000,2,200,0.85,0.9869600000000002,0.9885940594059407
LinearFunctionPlayer,100,1000,2,200,0.85,0.9877050000000003,0.9890742574257426
LinearFunctionPlayer,100,1000,2,200,0.85,0.9886250000000001,0.9728465346534654
LinearFunctionPlayer,100,1000,2,200,0.85,0.9878599999999998,0.9899207920792079
LinearFunctionPlayer,100,1000,2,200,0.85,0.987375,0.9624009900990098
LinearFunctionPlayer,100,1000,2,200,0.85,0.9870450000000001,0.9834801980198019
LinearFunctionPlayer,100,1000,2,200,0.85,0.98756,0.9837326732673267
LinearFunctionPlayer,100,1000,2,200,0.85,0.9882500000000001,0.9895247524752477
LinearFunctionPlayer,100,1000,2,200,0.85,0.98816,0.9856039603960395
LinearFunctionPlayer,100,1000,2,200,0.85,0.985665,0.9818960396039603
LinearFunctionPlayer,100,1000,2,200,0.85,0.9877149999999999,0.9673613861386139
LinearFunctionPlayer,100,1000,2,200,0.85,0.987885,0.988559405940594
LinearFunctionPlayer,100,1000,2,200,0.85,0.987685,0.9681732673267325
LinearFunctionPlayer,100,1000,2,200,0.85,0.98798,0.9902376237623765
SigmoidPlayer,100,1000,2,200,0.85,0.9935100000000002,0.9899603960396042
SigmoidPlayer,100,1000,2,200,0.85,0.9936600000000003,0.9691584158415842
SigmoidPlayer,100,1000,2,200,0.85,0.9936,0.9904851485148518
SigmoidPlayer,100,1000,2,200,0.85,0.9938500000000002,0.9674158415841583
SigmoidPlayer,100,1000,2,200,0.85,0.99363,0.9604158415841585
SigmoidPlayer,100,1000,2,200,0.85,0.99348,0.9876039603960398
SigmoidPlayer,100,1000,2,200,0.85,0.9942300000000001,0.9613465346534651
SigmoidPlayer,100,1000,2,200,0.85,0.994525,0.9780940594059406
SigmoidPlayer,100,1000,2,200,0.85,0.9941800000000001,0.9701980198019802
SigmoidPlayer,100,1000,2,200,0.85,0.9941000000000001,0.9751188118811883
SigmoidPlayer,100,1000,2,200,0.85,0.99377,0.9900396039603961
SigmoidPlayer,100,1000,2,200,0.85,0.99452,0.9577029702970297
SigmoidPlayer,100,1000,2,200,0.85,0.99385,0.9920594059405942
SigmoidPlayer,100,1000,2,200,0.85,0.9937,0.9893267326732674
SigmoidPlayer,100,1000,2,200,0.85,0.9942500000000001,0.9916237623762378
SigmoidPlayer,100,1000,2,200,0.85,0.9935800000000004,0.9653465346534655
SigmoidPlayer,100,1000,2,200,0.85,0.9940100000000001,0.9705742574257427
SigmoidPlayer,100,1000,2,200,0.85,0.9943400000000001,0.9714356435643564
SigmoidPlayer,100,1000,2,200,0.85,0.99465,0.9701881188118813
SigmoidPlayer,100,1000,2,200,0.85,0.9931100000000002,0.9717920792079208
SigmoidPlayer,100,1000,2,200,0.85,0.9934100000000001,0.9722475247524754
SigmoidPlayer,100,1000,2,200,0.85,0.9926800000000001,0.9853663366336635
SigmoidPlayer,100,1000,2,200,0.85,0.9940500000000001,0.9733366336633662
SigmoidPlayer,100,1000,2,200,0.85,0.9945800000000001,0.9789702970297032
SigmoidPlayer,100,1000,2,200,0.85,0.9940700000000001,0.9737326732673268
SigmoidPlayer,100,1000,2,200,0.85,0.99346,0.9643069306930694
SigmoidPlayer,100,1000,2,200,0.85,0.9949600000000003,0.9654158415841585
SigmoidPlayer,100,1000,2,200,0.85,0.9938800000000001,0.9846039603960398
SigmoidPlayer,100,1000,2,200,0.85,0.9943200000000002,0.9718613861386138
SigmoidPlayer,100,1000,2,200,0.85,0.99424,0.9833267326732673
SigmoidPlayer,100,1000,2,200,0.85,0.9935299999999999,0.9893960396039606
SigmoidPlayer,100,1000,2,200,0.85,0.9939200000000001,0.9730495049504951
SigmoidPlayer,100,1000,2,200,0.85,0.9939200000000001,0.9859702970297028
SigmoidPlayer,100,1000,2,200,0.85,0.9943100000000001,0.9771782178217823
SigmoidPlayer,100,1000,2,200,0.85,0.9946300000000001,0.9934653465346535
SigmoidPlayer,100,1000,2,200,0.85,0.9945200000000001,0.9902574257425745
SigmoidPlayer,100,1000,2,200,0.85,0.9940400000000001,0.9848217821782179
SigmoidPlayer,100,1000,2,200,0.85,0.9939500000000001,0.992762376237624
SigmoidPlayer,100,1000,2,200,0.85,0.99456,0.9789504950495052
SigmoidPlayer,100,1000,2,200,0.85,0.9941000000000001,0.9936534653465348
SigmoidPlayer,100,1000,2,200,0.85,0.9944400000000002,0.9715841584158416
SigmoidPlayer,100,1000,2,200,0.85,0.99429,0.9895643564356437
SigmoidPlayer,100,1000,2,200,0.85,0.9938600000000001,0.9856831683168317
SigmoidPlayer,100,1000,2,200,0.85,0.9941500000000002,0.9734356435643565
SigmoidPlayer,100,1000,2,200,0.85,0.9939900000000002,0.9913267326732674
SigmoidPlayer,100,1000,2,200,0.85,0.9943600000000002,0.9770891089108911
SigmoidPlayer,100,1000,2,200,0.85,0.9941800000000002,0.9518316831683165
SigmoidPlayer,100,1000,2,200,0.85,0.99373,0.9542178217821784
SigmoidPlayer,100,1000,2,200,0.85,0.9941900000000001,0.9564554455445543
SigmoidPlayer,100,1000,2,200,0.85,0.9933000000000001,0.9808217821782178
SigmoidPlayer,100,1000,2,200,0.85,0.9941500000000001,0.9895940594059407
SigmoidPlayer,100,1000,2,200,0.85,0.9932100000000001,0.9881683168316833
SigmoidPlayer,100,1000,2,200,0.85,0.99414,0.9895247524752477
SigmoidPlayer,100,1000,2,200,0.85,0.9940700000000001,0.9918415841584158
SigmoidPlayer,100,1000,2,200,0.85,0.99476,0.987881188118812
SigmoidPlayer,100,1000,2,200,0.85,0.9948,0.992821782178218
SigmoidPlayer,100,1000,2,200,0.85,0.9939900000000002,0.9882079207920792
SigmoidPlayer,100,1000,2,200,0.85,0.99468,0.9589999999999999
SigmoidPlayer,100,1000,2,200,0.85,0.9941900000000001,0.985782178217822
SigmoidPlayer,100,1000,2,200,0.85,0.9937100000000001,0.9683267326732672
SigmoidPlayer,100,1000,2,200,0.85,0.9940000000000002,0.9856732673267328
SigmoidPlayer,100,1000,2,200,0.85,0.99371,0.9763564356435644
SigmoidPlayer,100,1000,2,200,0.85,0.9932400000000002,0.9421782178217822
SigmoidPlayer,100,1000,2,200,0.85,0.9941300000000001,0.9911881188118813
SigmoidPlayer,100,1000,2,200,0.85,0.9945900000000002,0.9793168316831685
SigmoidPlayer,100,1000,2,200,0.85,0.9943800000000002,0.9814752475247527
SigmoidPlayer,100,1000,2,200,0.85,0.9941400000000001,0.9911584158415845
SigmoidPlayer,100,1000,2,200,0.85,0.99409,0.9915445544554455
SigmoidPlayer,100,1000,2,200,0.85,0.9936,0.9924158415841586
SigmoidPlayer,100,1000,2,200,0.85,0.9941599999999999,0.9849603960396041
SigmoidPlayer,100,1000,2,200,0.85,0.9946600000000002,0.9843267326732675
SigmoidPlayer,100,1000,2,200,0.85,0.9947800000000002,0.9593168316831683
SigmoidPlayer,100,1000,2,200,0.85,0.99387,0.9819108910891089
SigmoidPlayer,100,1000,2,200,0.85,0.99387,0.9667425742574258
SigmoidPlayer,100,1000,2,200,0.85,0.99409,0.991990099009901
SigmoidPlayer,100,1000,2,200,0.85,0.9943200000000002,0.9945247524752475
SigmoidPlayer,100,1000,2,200,0.85,0.9943450000000001,0.9931732673267328
SigmoidPlayer,100,1000,2,200,0.85,0.9946200000000001,0.9936138613861388
SigmoidPlayer,100,1000,2,200,0.85,0.9941700000000001,0.9881980198019804
SigmoidPlayer,100,1000,2,200,0.85,0.9944700000000001,0.9836138613861387
SigmoidPlayer,100,1000,2,200,0.85,0.99481,0.9788712871287129
SigmoidPlayer,100,1000,2,200,0.85,0.9938700000000001,0.9868019801980197
SigmoidPlayer,100,1000,2,200,0.85,0.9943700000000001,0.9925445544554455
SigmoidPlayer,100,1000,2,200,0.85,0.9945,0.975009900990099
SigmoidPlayer,100,1000,2,200,0.85,0.99358,0.9918316831683168
SigmoidPlayer,100,1000,2,200,0.85,0.9952300000000001,0.9930891089108913
SigmoidPlayer,100,1000,2,200,0.85,0.99434,0.9896435643564357
SigmoidPlayer,100,1000,2,200,0.85,0.9940400000000003,0.9882079207920793
SigmoidPlayer,100,1000,2,200,0.85,0.9946199999999998,0.9893762376237626
SigmoidPlayer,100,1000,2,200,0.85,0.9947300000000002,0.9953267326732677
SigmoidPlayer,100,1000,2,200,0.85,0.9943200000000002,0.9883267326732674
SigmoidPlayer,100,1000,2,200,0.85,0.99406,0.9879108910891089
SigmoidPlayer,100,1000,2,200,0.85,0.9939500000000001,0.9830792079207922
SigmoidPlayer,100,1000,2,200,0.85,0.99485,0.9513465346534655
SigmoidPlayer,100,1000,2,200,0.85,0.9943200000000002,0.9939603960396041
SigmoidPlayer,100,1000,2,200,0.85,0.9941300000000001,0.9637227722772276
SigmoidPlayer,100,1000,2,200,0.85,0.9941850000000001,0.9925495049504952
SigmoidPlayer,100,1000,2,200,0.85,0.9941500000000002,0.983960396039604
SigmoidPlayer,100,1000,2,200,0.85,0.9930300000000001,0.9917029702970299
SigmoidPlayer,100,1000,2,200,0.85,0.9936000000000001,0.9642772277227724
LRPlayer,100,1000,2,200,0.85,0.9941700000000001,0.9728910891089108
LRPlayer,100,1000,2,200,0.85,0.9935050000000001,0.9817772277227723
LRPlayer,100,1000,2,200,0.85,0.9940100000000001,0.99490099009901
LRPlayer,100,1000,2,200,0.85,0.9942200000000001,0.9773168316831685
LRPlayer,100,1000,2,200,0.85,0.9939299999999999,0.9354455445544554
LRPlayer,100,1000,2,200,0.85,0.99395,0.973960396039604
LRPlayer,100,1000,2,200,0.85,0.99354,0.9878811881188119
LRPlayer,100,1000,2,200,0.85,0.99403,0.9937722772277228
LRPlayer,100,1000,2,200,0.85,0.9941499999999999,0.9901188118811882
LRPlayer,100,1000,2,200,0.85,0.99369,0.9669009900990099
LRPlayer,100,1000,2,200,0.85,0.9936750000000001,0.9877970297029705
LRPlayer,100,1000,2,200,0.85,0.9939200000000001,0.988980198019802
LRPlayer,100,1000,2,200,0.85,0.99441,0.9766732673267328
LRPlayer,100,1000,2,200,0.85,0.9937699999999998,0.9905841584158415
LRPlayer,100,1000,2,200,0.85,0.9944699999999999,0.9705841584158416
LRPlayer,100,1000,2,200,0.85,0.9938350000000001,0.9792920792079208
LRPlayer,100,1000,2,200,0.85,0.9942,0.9758316831683168
LRPlayer,100,1000,2,200,0.85,0.9940700000000001,0.983168316831683
LRPlayer,100,1000,2,200,0.85,0.9939550000000001,0.9676485148514852
LRPlayer,100,1000,2,200,0.85,0.9941099999999998,0.9888019801980197
LRPlayer,100,1000,2,200,0.85,0.9941,0.9837821782178219
LRPlayer,100,1000,2,200,0.85,0.99394,0.9740594059405943
LRPlayer,100,1000,2,200,0.85,0.993785,0.9820049504950497
LRPlayer,100,1000,2,200,0.85,0.994045,0.9841831683168314
LRPlayer,100,1000,2,200,0.85,0.9939,0.9825940594059407
LRPlayer,100,1000,2,200,0.85,0.9943800000000002,0.9831188118811883
LRPlayer,100,1000,2,200,0.85,0.9940049999999998,0.9901237623762376
LRPlayer,100,1000,2,200,0.85,0.9943199999999999,0.9942178217821783
LRPlayer,100,1000,2,200,0.85,0.9945050000000002,0.9883514851485149
LRPlayer,100,1000,2,200,0.85,0.9938050000000002,0.977589108910891
LRPlayer,100,1000,2,200,0.85,0.99383,0.9855841584158416
LRPlayer,100,1000,2,200,0.85,0.99402,0.9847920792079208
LRPlayer,100,1000,2,200,0.85,0.9935950000000001,0.9927772277227724
LRPlayer,100,1000,2,200,0.85,0.9935400000000001,0.9881881188118811
LRPlayer,100,1000,2,200,0.85,0.9934049999999999,0.9703316831683167
LRPlayer,100,1000,2,200,0.85,0.994525,0.9924306930693068
LRPlayer,100,1000,2,200,0.85,0.9934750000000001,0.975460396039604
LRPlayer,100,1000,2,200,0.85,0.9942750000000001,0.982519801980198
LRPlayer,100,1000,2,200,0.85,0.99424,0.9914554455445543
LRPlayer,100,1000,2,200,0.85,0.9945399999999998,0.9879900990099011
LRPlayer,100,1000,2,200,0.85,0.994125,0.9777970297029706
LRPlayer,100,1000,2,200,0.85,0.9943800000000002,0.991990099009901
LRPlayer,100,1000,2,200,0.85,0.9943050000000001,0.9808663366336633
LRPlayer,100,1000,2,200,0.85,0.99327,0.9833564356435643
LRPlayer,100,1000,2,200,0.85,0.9940750000000002,0.981371287128713
LRPlayer,100,1000,2,200,0.85,0.994545,0.9858861386138614
LRPlayer,100,1000,2,200,0.85,0.9943249999999998,0.9810346534653466
LRPlayer,100,1000,2,200,0.85,0.9939800000000001,0.9914653465346536
LRPlayer,100,1000,2,200,0.85,0.9939150000000002,0.9864504950495051
LRPlayer,100,1000,2,200,0.85,0.9943849999999997,0.9787970297029702
LRPlayer,100,1000,2,200,0.85,0.99378,0.9876534653465346
LRPlayer,100,1000,2,200,0.85,0.9941200000000002,0.9829702970297032
LRPlayer,100,1000,2,200,0.85,0.9943399999999998,0.9900990099009901
LRPlayer,100,1000,2,200,0.85,0.9942500000000001,0.9898316831683169
LRPlayer,100,1000,2,200,0.85,0.9940400000000001,0.9859702970297031
LRPlayer,100,1000,2,200,0.85,0.993815,0.9628762376237624
LRPlayer,100,1000,2,200,0.85,0.9933749999999999,0.9632029702970296
LRPlayer,100,1000,2,200,0.85,0.9947899999999998,0.988930693069307
LRPlayer,100,1000,2,200,0.85,0.9943250000000002,0.9825594059405942
LRPlayer,100,1000,2,200,0.85,0.99419,0.9921287128712872
LRPlayer,100,1000,2,200,0.85,0.99431,0.9883366336633665
LRPlayer,100,1000,2,200,0.85,0.993655,0.9901633663366338
LRPlayer,100,1000,2,200,0.85,0.993845,0.9920445544554456
LRPlayer,100,1000,2,200,0.85,0.99419,0.9714455445544554
LRPlayer,100,1000,2,200,0.85,0.9941999999999999,0.9901881188118815
LRPlayer,100,1000,2,200,0.85,0.9943500000000001,0.9725049504950495
LRPlayer,100,1000,2,200,0.85,0.994095,0.9641435643564353
LRPlayer,100,1000,2,200,0.85,0.994055,0.9899158415841584
LRPlayer,100,1000,2,200,0.85,0.9939050000000003,0.9905396039603962
LRPlayer,100,1000,2,200,0.85,0.9929950000000001,0.9860247524752477
LRPlayer,100,1000,2,200,0.85,0.9938550000000003,0.9860445544554456
LRPlayer,100,1000,2,200,0.85,0.9941200000000001,0.9812970297029702
LRPlayer,100,1000,2,200,0.85,0.99438,0.9873366336633665
LRPlayer,100,1000,2,200,0.85,0.993465,0.9859752475247525
LRPlayer,100,1000,2,200,0.85,0.9936899999999999,0.9753267326732672
LRPlayer,100,1000,2,200,0.85,0.9936799999999998,0.9912574257425741
LRPlayer,100,1000,2,200,0.85,0.99396,0.963851485148515
LRPlayer,100,1000,2,200,0.85,0.9933350000000002,0.9821534653465346
LRPlayer,100,1000,2,200,0.85,0.9938899999999999,0.9844158415841583
LRPlayer,100,1000,2,200,0.85,0.9939699999999999,0.9684851485148516
LRPlayer,100,1000,2,200,0.85,0.9940300000000002,0.9936732673267326
LRPlayer,100,1000,2,200,0.85,0.9937500000000001,0.9846534653465346
LRPlayer,100,1000,2,200,0.85,0.9940199999999999,0.986821782178218
LRPlayer,100,1000,2,200,0.85,0.994005,0.9905891089108911
LRPlayer,100,1000,2,200,0.85,0.9944299999999999,0.9834851485148515
LRPlayer,100,1000,2,200,0.85,0.9942199999999999,0.9920495049504949
LRPlayer,100,1000,2,200,0.85,0.99356,0.959059405940594
LRPlayer,100,1000,2,200,0.85,0.9940300000000001,0.9942376237623765
LRPlayer,100,1000,2,200,0.85,0.9943799999999999,0.9811188118811879
LRPlayer,100,1000,2,200,0.85,0.9941450000000001,0.9873217821782178
LRPlayer,100,1000,2,200,0.85,0.9943950000000001,0.9865792079207923
LRPlayer,100,1000,2,200,0.85,0.9934150000000002,0.9799059405940594
LRPlayer,100,1000,2,200,0.85,0.9941550000000001,0.9901534653465348
LRPlayer,100,1000,2,200,0.85,0.9938300000000001,0.9919702970297029
LRPlayer,100,1000,2,200,0.85,0.9940249999999999,0.9857871287128713
LRPlayer,100,1000,2,200,0.85,0.9940600000000002,0.9945742574257426
LRPlayer,100,1000,2,200,0.85,0.99356,0.9856138613861387
LRPlayer,100,1000,2,200,0.85,0.9939149999999999,0.9762524752475248
LRPlayer,100,1000,2,200,0.85,0.9942350000000001,0.9928762376237624
LRPlayer,100,1000,2,200,0.85,0.9942349999999999,0.9939653465346535
MLPPlayer,100,1000,2,200,0.85,0.9652950000000001,0.9393613861386139
MLPPlayer,100,1000,2,200,0.85,0.969145,0.8721435643564357
MLPPlayer,100,1000,2,200,0.85,0.9688650000000001,0.8927673267326732
MLPPlayer,100,1000,2,200,0.85,0.96756,0.9190099009900993
MLPPlayer,100,1000,2,200,0.85,0.9690799999999998,0.8791881188118811
MLPPlayer,100,1000,2,200,0.85,0.9666799999999999,0.9251287128712872
MLPPlayer,100,1000,2,200,0.85,0.9692400000000001,0.9091980198019802
MLPPlayer,100,1000,2,200,0.85,0.9681300000000002,0.8936237623762376
MLPPlayer,100,1000,2,200,0.85,0.96846,0.917029702970297
MLPPlayer,100,1000,2,200,0.85,0.9681050000000002,0.8985297029702968
MLPPlayer,100,1000,2,200,0.85,0.967925,0.8888564356435642
MLPPlayer,100,1000,2,200,0.85,0.9664550000000002,0.9249752475247525
MLPPlayer,100,1000,2,200,0.85,0.9662400000000001,0.9299702970297031
MLPPlayer,100,1000,2,200,0.85,0.96808,0.8984851485148516
MLPPlayer,100,1000,2,200,0.85,0.968925,0.9102029702970298
MLPPlayer,100,1000,2,200,0.85,0.9692299999999999,0.8752079207920795
MLPPlayer,100,1000,2,200,0.85,0.9659800000000002,0.9160594059405941
MLPPlayer,100,1000,2,200,0.85,0.969375,0.8814504950495048
MLPPlayer,100,1000,2,200,0.85,0.9669349999999999,0.9155297029702971
MLPPlayer,100,1000,2,200,0.85,0.96453,0.9614653465346535
MLPPlayer,100,1000,2,200,0.85,0.9676249999999998,0.8994702970297027
MLPPlayer,100,1000,2,200,0.85,0.9687150000000001,0.9026089108910891
MLPPlayer,100,1000,2,200,0.85,0.96717,0.9076138613861385
MLPPlayer,100,1000,2,200,0.85,0.965885,0.9405792079207922
MLPPlayer,100,1000,2,200,0.85,0.9673350000000001,0.9123712871287128
MLPPlayer,100,1000,2,200,0.85,0.9664550000000002,0.933648514851485
MLPPlayer,100,1000,2,200,0.85,0.97002,0.8895643564356434
MLPPlayer,100,1000,2,200,0.85,0.96611,0.9573465346534654
MLPPlayer,100,1000,2,200,0.85,0.9718899999999998,0.8347722772277227
MLPPlayer,100,1000,2,200,0.85,0.9656049999999999,0.9368069306930694
MLPPlayer,100,1000,2,200,0.85,0.9653500000000002,0.9295544554455445
MLPPlayer,100,1000,2,200,0.85,0.9679300000000001,0.8930891089108912
MLPPlayer,100,1000,2,200,0.85,0.9687350000000001,0.8854801980198019
MLPPlayer,100,1000,2,200,0.85,0.9670250000000001,0.9132623762376239
MLPPlayer,100,1000,2,200,0.85,0.966275,0.9442524752475246
MLPPlayer,100,1000,2,200,0.85,0.9670849999999999,0.9343712871287129
MLPPlayer,100,1000,2,200,0.85,0.967675,0.9123811881188119
MLPPlayer,100,1000,2,200,0.85,0.966145,0.9227277227722773
MLPPlayer,100,1000,2,200,0.85,0.9662549999999999,0.9044207920792077
MLPPlayer,100,1000,2,200,0.85,0.9682599999999999,0.8989405940594059
MLPPlayer,100,1000,2,200,0.85,0.96732,0.8971485148514851
MLPPlayer,100,1000,2,200,0.85,0.9661399999999999,0.938960396039604
MLPPlayer,100,1000,2,200,0.85,0.9684900000000001,0.9000198019801982
MLPPlayer,100,1000,2,200,0.85,0.9686149999999999,0.8919653465346535
MLPPlayer,100,1000,2,200,0.85,0.9669200000000001,0.9123267326732671
MLPPlayer,100,1000,2,200,0.85,0.9665549999999999,0.9316584158415842
MLPPlayer,100,1000,2,200,0.85,0.9688850000000001,0.9018465346534653
MLPPlayer,100,1000,2,200,0.85,0.9693100000000001,0.8713762376237624
MLPPlayer,100,1000,2,200,0.85,0.96883,0.8753663366336633
MLPPlayer,100,1000,2,200,0.85,0.965125,0.9560643564356437
MLPPlayer,100,1000,2,200,0.85,0.9678550000000001,0.8923118811881189
MLPPlayer,100,1000,2,200,0.85,0.9663050000000001,0.9326980198019801
MLPPlayer,100,1000,2,200,0.85,0.9656950000000001,0.9376881188118812
MLPPlayer,100,1000,2,200,0.85,0.9664100000000001,0.9208514851485149
MLPPlayer,100,1000,2,200,0.85,0.969175,0.8858465346534654
MLPPlayer,100,1000,2,200,0.85,0.9676549999999999,0.9334702970297029
MLPPlayer,100,1000,2,200,0.85,0.9643599999999998,0.9684851485148518
MLPPlayer,100,1000,2,200,0.85,0.9645899999999998,0.9442475247524752
MLPPlayer,100,1000,2,200,0.85,0.9690500000000002,0.8812079207920793
MLPPlayer,100,1000,2,200,0.85,0.9660850000000001,0.9210049504950495
MLPPlayer,100,1000,2,200,0.85,0.9667100000000001,0.9201584158415842
MLPPlayer,100,1000,2,200,0.85,0.966905,0.9128663366336633
MLPPlayer,100,1000,2,200,0.85,0.96788,0.9264950495049505
MLPPlayer,100,1000,2,200,0.85,0.9660899999999998,0.9351386138613863
MLPPlayer,100,1000,2,200,0.85,0.966835,0.9267871287128714
MLPPlayer,100,1000,2,200,0.85,0.9693400000000003,0.901247524752475
MLPPlayer,100,1000,2,200,0.85,0.9665349999999998,0.9206683168316832
MLPPlayer,100,1000,2,200,0.85,0.9658350000000001,0.9326584158415842
MLPPlayer,100,1000,2,200,0.85,0.9680249999999999,0.8899356435643567
MLPPlayer,100,1000,2,200,0.85,0.966515,0.9266089108910889
MLPPlayer,100,1000,2,200,0.85,0.968055,0.8874009900990097
MLPPlayer,100,1000,2,200,0.85,0.9680400000000001,0.8884950495049505
MLPPlayer,100,1000,2,200,0.85,0.9688099999999998,0.8666336633663365
MLPPlayer,100,1000,2,200,0.85,0.9662900000000001,0.9110693069306932
MLPPlayer,100,1000,2,200,0.85,0.9676650000000002,0.8981138613861386
MLPPlayer,100,1000,2,200,0.85,0.9670650000000001,0.9471732673267326
MLPPlayer,100,1000,2,200,0.85,0.9691550000000001,0.8651831683168315
MLPPlayer,100,1000,2,200,0.85,0.966865,0.9282425742574257
MLPPlayer,100,1000,2,200,0.85,0.967615,0.9392821782178219
MLPPlayer,100,1000,2,200,0.85,0.9690500000000002,0.878811881188119
MLPPlayer,100,1000,2,200,0.85,0.9656049999999999,0.9452920792079207
MLPPlayer,100,1000,2,200,0.85,0.970045,0.856638613861386
MLPPlayer,100,1000,2,200,0.85,0.965335,0.9331633663366338
MLPPlayer,100,1000,2,200,0.85,0.96914,0.8668217821782179
MLPPlayer,100,1000,2,200,0.85,0.9687100000000001,0.9034356435643566
MLPPlayer,100,1000,2,200,0.85,0.9672600000000001,0.9240000000000002
MLPPlayer,100,1000,2,200,0.85,0.96705,0.9257524752475248
MLPPlayer,100,1000,2,200,0.85,0.9665049999999998,0.9340940594059407
MLPPlayer,100,1000,2,200,0.85,0.966345,0.9250940594059405
MLPPlayer,100,1000,2,200,0.85,0.9675400000000002,0.9129504950495048
MLPPlayer,100,1000,2,200,0.85,0.9673350000000001,0.9196980198019802
MLPPlayer,100,1000,2,200,0.85,0.9673249999999999,0.9231237623762375
MLPPlayer,100,1000,2,200,0.85,0.9694450000000002,0.8687376237623763
MLPPlayer,100,1000,2,200,0.85,0.9680249999999999,0.9064108910891089
MLPPlayer,100,1000,2,200,0.85,0.9664250000000001,0.9212128712871286
MLPPlayer,100,1000,2,200,0.85,0.9675850000000001,0.9033514851485148
MLPPlayer,100,1000,2,200,0.85,0.9659650000000002,0.9488366336633661
MLPPlayer,100,1000,2,200,0.85,0.9687350000000002,0.8888663366336634
MLPPlayer,100,1000,2,200,0.85,0.96825,0.8937722772277228
MLPPlayer,100,1000,2,200,0.85,0.968105,0.9171633663366335
Player,100,1000,2,200,0.9,0.9862200000000003,0.9880792079207923
Player,100,1000,2,200,0.9,0.9857400000000002,0.9863960396039605
Player,100,1000,2,200,0.9,0.985405,0.9827079207920792
Player,100,1000,2,200,0.9,0.9857550000000002,0.9883316831683169
Player,100,1000,2,200,0.9,0.9852050000000001,0.9627673267326732
Player,100,1000,2,200,0.9,0.9851250000000001,0.9835099009900992
Player,100,1000,2,200,0.9,0.9864650000000001,0.9898861386138615
Player,100,1000,2,200,0.9,0.9861100000000002,0.9480099009900991
Player,100,1000,2,200,0.9,0.9860000000000002,0.9654554455445544
Player,100,1000,2,200,0.9,0.984675,0.9701435643564356
Player,100,1000,2,200,0.9,0.9854249999999999,0.9849950495049506
Player,100,1000,2,200,0.9,0.98461,0.977019801980198
Player,100,1000,2,200,0.9,0.98529,0.970019801980198
Player,100,1000,2,200,0.9,0.9858550000000001,0.9803217821782179
Player,100,1000,2,200,0.9,0.985865,0.9877871287128713
Player,100,1000,2,200,0.9,0.9846449999999999,0.9731138613861386
Player,100,1000,2,200,0.9,0.98574,0.980950495049505
Player,100,1000,2,200,0.9,0.986375,0.952242574257426
Player,100,1000,2,200,0.9,0.984525,0.9683811881188119
Player,100,1000,2,200,0.9,0.9856550000000002,0.9834207920792079
Player,100,1000,2,200,0.9,0.9850900000000001,0.9780693069306929
Player,100,1000,2,200,0.9,0.9848599999999998,0.9353861386138613
Player,100,1000,2,200,0.9,0.986315,0.9880643564356437
Player,100,1000,2,200,0.9,0.9853450000000001,0.9552227722772277
Player,100,1000,2,200,0.9,0.9849349999999998,0.9627871287128713
Player,100,1000,2,200,0.9,0.9856599999999999,0.9844653465346537
Player,100,1000,2,200,0.9,0.9848250000000001,0.9576287128712871
Player,100,1000,2,200,0.9,0.98524,0.9801980198019802
Player,100,1000,2,200,0.9,0.986295,0.9870544554455446
Player,100,1000,2,200,0.9,0.9860399999999998,0.9884455445544554
Player,100,1000,2,200,0.9,0.98566,0.9656534653465346
Player,100,1000,2,200,0.9,0.98643,0.9851089108910892
Player,100,1000,2,200,0.9,0.9849350000000002,0.964529702970297
Player,100,1000,2,200,0.9,0.9857250000000001,0.9568564356435645
Player,100,1000,2,200,0.9,0.9848900000000002,0.9785445544554455
Player,100,1000,2,200,0.9,0.9855700000000002,0.9623465346534652
Player,100,1000,2,200,0.9,0.9861850000000001,0.9786089108910889
Player,100,1000,2,200,0.9,0.9846900000000001,0.9826336633663366
Player,100,1000,2,200,0.9,0.9857800000000002,0.9668217821782178
Player,100,1000,2,200,0.9,0.9857150000000001,0.9717277227722771
Player,100,1000,2,200,0.9,0.985635,0.98830198019802
Player,100,1000,2,200,0.9,0.98528,0.9732772277227725
Player,100,1000,2,200,0.9,0.9857500000000001,0.9808118811881188
Player,100,1000,2,200,0.9,0.9854100000000001,0.9845247524752475
Player,100,1000,2,200,0.9,0.9855799999999999,0.9757623762376237
Player,100,1000,2,200,0.9,0.986265,0.9835297029702968
Player,100,1000,2,200,0.9,0.98583,0.9824158415841584
Player,100,1000,2,200,0.9,0.9856400000000001,0.9817920792079208
Player,100,1000,2,200,0.9,0.98626,0.974841584158416
Player,100,1000,2,200,0.9,0.9849550000000002,0.9741039603960397
Player,100,1000,2,200,0.9,0.98491,0.9727821782178219
Player,100,1000,2,200,0.9,0.9860949999999999,0.987450495049505
Player,100,1000,2,200,0.9,0.9849000000000001,0.9837623762376241
Player,100,1000,2,200,0.9,0.9852900000000001,0.9836435643564355
Player,100,1000,2,200,0.9,0.9854900000000001,0.9842178217821781
Player,100,1000,2,200,0.9,0.9850500000000001,0.9644158415841584
Player,100,1000,2,200,0.9,0.9848950000000001,0.9820742574257426
Player,100,1000,2,200,0.9,0.9858100000000001,0.9879999999999999
Player,100,1000,2,200,0.9,0.98568,0.9654257425742575
Player,100,1000,2,200,0.9,0.98686,0.9898217821782179
Player,100,1000,2,200,0.9,0.985935,0.9728267326732674
Player,100,1000,2,200,0.9,0.985305,0.9781930693069307
Player,100,1000,2,200,0.9,0.986345,0.9724306930693072
Player,100,1000,2,200,0.9,0.9858100000000002,0.9634356435643566
Player,100,1000,2,200,0.9,0.9864200000000001,0.9859900990099011
Player,100,1000,2,200,0.9,0.985095,0.9498663366336635
Player,100,1000,2,200,0.9,0.9853200000000001,0.9852079207920795
Player,100,1000,2,200,0.9,0.9862100000000001,0.964960396039604
Player,100,1000,2,200,0.9,0.9843999999999999,0.9390396039603961
Player,100,1000,2,200,0.9,0.98598,0.9575742574257428
Player,100,1000,2,200,0.9,0.9848249999999998,0.9778564356435643
Player,100,1000,2,200,0.9,0.9849800000000002,0.9846039603960397
Player,100,1000,2,200,0.9,0.9858500000000001,0.9296237623762376
Player,100,1000,2,200,0.9,0.9845900000000001,0.9781782178217823
Player,100,1000,2,200,0.9,0.9852049999999999,0.9825792079207919
Player,100,1000,2,200,0.9,0.984665,0.9828267326732676
Player,100,1000,2,200,0.9,0.9851550000000002,0.983539603960396
Player,100,1000,2,200,0.9,0.9856349999999999,0.9862623762376237
Player,100,1000,2,200,0.9,0.9861399999999999,0.9426831683168319
Player,100,1000,2,200,0.9,0.98568,0.9814950495049506
Player,100,1000,2,200,0.9,0.9851599999999999,0.9760990099009901
Player,100,1000,2,200,0.9,0.9850899999999999,0.9716930693069304
Player,100,1000,2,200,0.9,0.986145,0.9850445544554455
Player,100,1000,2,200,0.9,0.9856,0.9768514851485149
Player,100,1000,2,200,0.9,0.9857500000000001,0.9759603960396042
Player,100,1000,2,200,0.9,0.9848250000000001,0.9771633663366337
Player,100,1000,2,200,0.9,0.9849349999999998,0.9744108910891088
Player,100,1000,2,200,0.9,0.9863100000000002,0.9878316831683168
Player,100,1000,2,200,0.9,0.9857200000000002,0.9777425742574257
Player,100,1000,2,200,0.9,0.9869750000000002,0.9722821782178216
Player,100,1000,2,200,0.9,0.9853350000000001,0.9766683168316833
Player,100,1000,2,200,0.9,0.98512,0.9804752475247527
Player,100,1000,2,200,0.9,0.9853750000000001,0.9856980198019805
Player,100,1000,2,200,0.9,0.9857200000000002,0.9895544554455444
Player,100,1000,2,200,0.9,0.9854950000000001,0.9900742574257427
Player,100,1000,2,200,0.9,0.985705,0.9802425742574257
Player,100,1000,2,200,0.9,0.9861200000000001,0.946168316831683
Player,100,1000,2,200,0.9,0.9852600000000001,0.9751485148514851
Player,100,1000,2,200,0.9,0.9861900000000001,0.9733168316831685
Player,100,1000,2,200,0.9,0.9853750000000001,0.9610445544554457
LinearFunctionPlayer,100,1000,2,200,0.9,0.9814249999999999,0.9829257425742577
LinearFunctionPlayer,100,1000,2,200,0.9,0.9798250000000001,0.9807475247524753
LinearFunctionPlayer,100,1000,2,200,0.9,0.9832350000000001,0.9597772277227723
LinearFunctionPlayer,100,1000,2,200,0.9,0.9808049999999998,0.9681336633663365
LinearFunctionPlayer,100,1000,2,200,0.9,0.9812549999999999,0.9733019801980198
LinearFunctionPlayer,100,1000,2,200,0.9,0.981495,0.9746287128712872
LinearFunctionPlayer,100,1000,2,200,0.9,0.98397,0.9751386138613862
LinearFunctionPlayer,100,1000,2,200,0.9,0.9825050000000001,0.9844504950495049
LinearFunctionPlayer,100,1000,2,200,0.9,0.979615,0.982351485148515
LinearFunctionPlayer,100,1000,2,200,0.9,0.9802649999999999,0.9799356435643566
LinearFunctionPlayer,100,1000,2,200,0.9,0.9789150000000001,0.9821039603960394
LinearFunctionPlayer,100,1000,2,200,0.9,0.982635,0.982381188118812
LinearFunctionPlayer,100,1000,2,200,0.9,0.9803650000000002,0.98340099009901
LinearFunctionPlayer,100,1000,2,200,0.9,0.9804849999999997,0.9817475247524752
LinearFunctionPlayer,100,1000,2,200,0.9,0.9810499999999999,0.9782871287128713
LinearFunctionPlayer,100,1000,2,200,0.9,0.98166,0.9717227722772276
LinearFunctionPlayer,100,1000,2,200,0.9,0.9794250000000001,0.9800346534653468
LinearFunctionPlayer,100,1000,2,200,0.9,0.9813000000000003,0.9835247524752476
LinearFunctionPlayer,100,1000,2,200,0.9,0.9790749999999998,0.9470742574257427
LinearFunctionPlayer,100,1000,2,200,0.9,0.98002,0.9735544554455446
LinearFunctionPlayer,100,1000,2,200,0.9,0.97813,0.9807920792079207
LinearFunctionPlayer,100,1000,2,200,0.9,0.9799899999999999,0.9785544554455444
LinearFunctionPlayer,100,1000,2,200,0.9,0.9814350000000002,0.9841237623762377
LinearFunctionPlayer,100,1000,2,200,0.9,0.97953,0.9553960396039605
LinearFunctionPlayer,100,1000,2,200,0.9,0.978735,0.9817871287128711
LinearFunctionPlayer,100,1000,2,200,0.9,0.979205,0.9669455445544554
LinearFunctionPlayer,100,1000,2,200,0.9,0.9810500000000001,0.9840495049504951
LinearFunctionPlayer,100,1000,2,200,0.9,0.9804149999999998,0.9818564356435645
LinearFunctionPlayer,100,1000,2,200,0.9,0.98037,0.9800198019801979
LinearFunctionPlayer,100,1000,2,200,0.9,0.9796950000000002,0.9787376237623763
LinearFunctionPlayer,100,1000,2,200,0.9,0.9813500000000001,0.9679702970297028
LinearFunctionPlayer,100,1000,2,200,0.9,0.9803349999999998,0.9768564356435643
LinearFunctionPlayer,100,1000,2,200,0.9,0.979975,0.9829554455445545
LinearFunctionPlayer,100,1000,2,200,0.9,0.980075,0.9822128712871286
LinearFunctionPlayer,100,1000,2,200,0.9,0.98106,0.9833960396039605
LinearFunctionPlayer,100,1000,2,200,0.9,0.982225,0.9823415841584158
LinearFunctionPlayer,100,1000,2,200,0.9,0.97744,0.9590792079207922
LinearFunctionPlayer,100,1000,2,200,0.9,0.9808950000000002,0.9655495049504951
LinearFunctionPlayer,100,1000,2,200,0.9,0.9813550000000001,0.9836287128712871
LinearFunctionPlayer,100,1000,2,200,0.9,0.9797299999999999,0.9754554455445543
LinearFunctionPlayer,100,1000,2,200,0.9,0.9802350000000001,0.9573316831683171
LinearFunctionPlayer,100,1000,2,200,0.9,0.9817500000000001,0.9805841584158418
LinearFunctionPlayer,100,1000,2,200,0.9,0.9779650000000001,0.9791237623762375
LinearFunctionPlayer,100,1000,2,200,0.9,0.9806149999999999,0.9822623762376238
LinearFunctionPlayer,100,1000,2,200,0.9,0.9808100000000001,0.9714059405940594
LinearFunctionPlayer,100,1000,2,200,0.9,0.9808850000000001,0.9775099009900988
LinearFunctionPlayer,100,1000,2,200,0.9,0.9799800000000001,0.9782772277227721
LinearFunctionPlayer,100,1000,2,200,0.9,0.98405,0.9857326732673266
LinearFunctionPlayer,100,1000,2,200,0.9,0.9792599999999999,0.9740594059405941
LinearFunctionPlayer,100,1000,2,200,0.9,0.982745,0.9701930693069307
LinearFunctionPlayer,100,1000,2,200,0.9,0.9796049999999998,0.982410891089109
LinearFunctionPlayer,100,1000,2,200,0.9,0.9819100000000001,0.9836138613861386
LinearFunctionPlayer,100,1000,2,200,0.9,0.9814549999999999,0.9822425742574259
LinearFunctionPlayer,100,1000,2,200,0.9,0.9805999999999999,0.9686435643564355
LinearFunctionPlayer,100,1000,2,200,0.9,0.9802299999999999,0.9805346534653469
LinearFunctionPlayer,100,1000,2,200,0.9,0.9833799999999998,0.9844851485148516
LinearFunctionPlayer,100,1000,2,200,0.9,0.9803199999999999,0.9823366336633663
LinearFunctionPlayer,100,1000,2,200,0.9,0.979325,0.9802227722772276
LinearFunctionPlayer,100,1000,2,200,0.9,0.9777450000000002,0.9657079207920791
LinearFunctionPlayer,100,1000,2,200,0.9,0.9809650000000001,0.9828960396039604
LinearFunctionPlayer,100,1000,2,200,0.9,0.98217,0.9666930693069307
LinearFunctionPlayer,100,1000,2,200,0.9,0.9802900000000001,0.9831386138613862
LinearFunctionPlayer,100,1000,2,200,0.9,0.9799249999999999,0.9827178217821785
LinearFunctionPlayer,100,1000,2,200,0.9,0.9795950000000001,0.945539603960396
LinearFunctionPlayer,100,1000,2,200,0.9,0.9818699999999998,0.9811386138613861
LinearFunctionPlayer,100,1000,2,200,0.9,0.979195,0.9784603960396038
LinearFunctionPlayer,100,1000,2,200,0.9,0.982435,0.9757673267326734
LinearFunctionPlayer,100,1000,2,200,0.9,0.9819800000000001,0.9829603960396042
LinearFunctionPlayer,100,1000,2,200,0.9,0.9814999999999999,0.9836534653465346
LinearFunctionPlayer,100,1000,2,200,0.9,0.9804749999999999,0.9815990099009901
LinearFunctionPlayer,100,1000,2,200,0.9,0.9803000000000001,0.9807029702970299
LinearFunctionPlayer,100,1000,2,200,0.9,0.9811699999999999,0.983752475247525
LinearFunctionPlayer,100,1000,2,200,0.9,0.981965,0.9608366336633664
LinearFunctionPlayer,100,1000,2,200,0.9,0.9820250000000001,0.9768465346534655
LinearFunctionPlayer,100,1000,2,200,0.9,0.9801200000000001,0.982960396039604
LinearFunctionPlayer,100,1000,2,200,0.9,0.9809499999999999,0.9817029702970297
LinearFunctionPlayer,100,1000,2,200,0.9,0.9791850000000001,0.9708564356435642
LinearFunctionPlayer,100,1000,2,200,0.9,0.9814099999999999,0.9842178217821783
LinearFunctionPlayer,100,1000,2,200,0.9,0.97851,0.9806237623762377
LinearFunctionPlayer,100,1000,2,200,0.9,0.9784400000000001,0.9669405940594057
LinearFunctionPlayer,100,1000,2,200,0.9,0.9825700000000002,0.9840198019801981
LinearFunctionPlayer,100,1000,2,200,0.9,0.97997,0.9809108910891089
LinearFunctionPlayer,100,1000,2,200,0.9,0.982735,0.9759455445544556
LinearFunctionPlayer,100,1000,2,200,0.9,0.9816999999999999,0.9678514851485147
LinearFunctionPlayer,100,1000,2,200,0.9,0.9792649999999999,0.9821633663366335
LinearFunctionPlayer,100,1000,2,200,0.9,0.9803949999999999,0.9834009900990098
LinearFunctionPlayer,100,1000,2,200,0.9,0.97921,0.9780693069306929
LinearFunctionPlayer,100,1000,2,200,0.9,0.9788100000000002,0.9797821782178218
LinearFunctionPlayer,100,1000,2,200,0.9,0.9823149999999999,0.9846782178217819
LinearFunctionPlayer,100,1000,2,200,0.9,0.9812000000000001,0.9807920792079208
LinearFunctionPlayer,100,1000,2,200,0.9,0.9804300000000002,0.9784356435643564
LinearFunctionPlayer,100,1000,2,200,0.9,0.98141,0.9830495049504951
LinearFunctionPlayer,100,1000,2,200,0.9,0.977375,0.9808168316831681
LinearFunctionPlayer,100,1000,2,200,0.9,0.9797549999999999,0.982440594059406
LinearFunctionPlayer,100,1000,2,200,0.9,0.9795149999999999,0.9803217821782179
LinearFunctionPlayer,100,1000,2,200,0.9,0.9789850000000001,0.9808762376237624
LinearFunctionPlayer,100,1000,2,200,0.9,0.9787249999999998,0.9739752475247526
LinearFunctionPlayer,100,1000,2,200,0.9,0.9791500000000001,0.9816633663366336
LinearFunctionPlayer,100,1000,2,200,0.9,0.9794399999999999,0.9816435643564356
LinearFunctionPlayer,100,1000,2,200,0.9,0.9793100000000001,0.9742178217821781
SigmoidPlayer,100,1000,2,200,0.9,0.9923400000000002,0.992049504950495
SigmoidPlayer,100,1000,2,200,0.9,0.9920900000000001,0.9822376237623762
SigmoidPlayer,100,1000,2,200,0.9,0.9917100000000001,0.9861683168316834
SigmoidPlayer,100,1000,2,200,0.9,0.9912400000000001,0.9793663366336635
SigmoidPlayer,100,1000,2,200,0.9,0.9922600000000001,0.993891089108911
SigmoidPlayer,100,1000,2,200,0.9,0.9913800000000001,0.9538613861386136
SigmoidPlayer,100,1000,2,200,0.9,0.9913600000000002,0.9880594059405943
SigmoidPlayer,100,1000,2,200,0.9,0.9920000000000002,0.9832970297029703
SigmoidPlayer,100,1000,2,200,0.9,0.9922700000000003,0.9850495049504951
SigmoidPlayer,100,1000,2,200,0.9,0.9927100000000002,0.962851485148515
SigmoidPlayer,100,1000,2,200,0.9,0.9916800000000001,0.9842178217821783
SigmoidPlayer,100,1000,2,200,0.9,0.9912400000000002,0.9634257425742575
SigmoidPlayer,100,1000,2,200,0.9,0.9928200000000001,0.9836732673267327
SigmoidPlayer,100,1000,2,200,0.9,0.9920000000000002,0.989742574257426
SigmoidPlayer,100,1000,2,200,0.9,0.9922300000000003,0.9815346534653466
SigmoidPlayer,100,1000,2,200,0.9,0.9923800000000002,0.9786039603960395
SigmoidPlayer,100,1000,2,200,0.9,0.9917200000000003,0.9533663366336633
SigmoidPlayer,100,1000,2,200,0.9,0.9911500000000001,0.9695346534653464
SigmoidPlayer,100,1000,2,200,0.9,0.9928900000000002,0.9634356435643566
SigmoidPlayer,100,1000,2,200,0.9,0.9924400000000001,0.9664158415841585
SigmoidPlayer,100,1000,2,200,0.9,0.9918200000000001,0.9884752475247525
SigmoidPlayer,100,1000,2,200,0.9,0.9921000000000001,0.9852673267326733
SigmoidPlayer,100,1000,2,200,0.9,0.99166,0.9902277227722774
SigmoidPlayer,100,1000,2,200,0.9,0.9922600000000001,0.9809504950495052
SigmoidPlayer,100,1000,2,200,0.9,0.9925300000000001,0.988148514851485
SigmoidPlayer,100,1000,2,200,0.9,0.9919700000000001,0.991019801980198
SigmoidPlayer,100,1000,2,200,0.9,0.9928500000000002,0.9838514851485148
SigmoidPlayer,100,1000,2,200,0.9,0.9924900000000001,0.9887920792079209
SigmoidPlayer,100,1000,2,200,0.9,0.9930300000000003,0.9785049504950496
SigmoidPlayer,100,1000,2,200,0.9,0.9923100000000004,0.9626039603960396
SigmoidPlayer,100,1000,2,200,0.9,0.9922000000000001,0.9894158415841585
SigmoidPlayer,100,1000,2,200,0.9,0.9916000000000001,0.9845544554455447
SigmoidPlayer,100,1000,2,200,0.9,0.9915900000000001,0.9834356435643568
SigmoidPlayer,100,1000,2,200,0.9,0.99189,0.9879603960396043
SigmoidPlayer,100,1000,2,200,0.9,0.9923100000000001,0.9866138613861387
SigmoidPlayer,100,1000,2,200,0.9,0.9916100000000001,0.9488217821782179
SigmoidPlayer,100,1000,2,200,0.9,0.99166,0.9815148514851486
SigmoidPlayer,100,1000,2,200,0.9,0.9913400000000001,0.988039603960396
SigmoidPlayer,100,1000,2,200,0.9,0.9929650000000001,0.9542524752475249
SigmoidPlayer,100,1000,2,200,0.9,0.9914700000000003,0.9874851485148515
SigmoidPlayer,100,1000,2,200,0.9,0.99245,0.9827425742574258
SigmoidPlayer,100,1000,2,200,0.9,0.9923000000000003,0.9865643564356437
SigmoidPlayer,100,1000,2,200,0.9,0.9922700000000002,0.9794257425742576
SigmoidPlayer,100,1000,2,200,0.9,0.9914400000000001,0.9909801980198021
SigmoidPlayer,100,1000,2,200,0.9,0.99133,0.9731188118811881
SigmoidPlayer,100,1000,2,200,0.9,0.9918500000000001,0.9862871287128714
SigmoidPlayer,100,1000,2,200,0.9,0.9914600000000001,0.9722079207920793
SigmoidPlayer,100,1000,2,200,0.9,0.9928300000000001,0.9540297029702972
SigmoidPlayer,100,1000,2,200,0.9,0.9927300000000002,0.9872772277227726
SigmoidPlayer,100,1000,2,200,0.9,0.9917200000000002,0.9890693069306934
SigmoidPlayer,100,1000,2,200,0.9,0.9916900000000001,0.9640594059405941
SigmoidPlayer,100,1000,2,200,0.9,0.9922600000000003,0.9444356435643564
SigmoidPlayer,100,1000,2,200,0.9,0.9925399999999999,0.9677524752475247
SigmoidPlayer,100,1000,2,200,0.9,0.9912500000000002,0.9699108910891092
SigmoidPlayer,100,1000,2,200,0.9,0.9920800000000001,0.984811881188119
SigmoidPlayer,100,1000,2,200,0.9,0.99217,0.9841089108910891
SigmoidPlayer,100,1000,2,200,0.9,0.99221,0.9863168316831684
SigmoidPlayer,100,1000,2,200,0.9,0.99188,0.9844059405940594
SigmoidPlayer,100,1000,2,200,0.9,0.9905900000000001,0.9867326732673269
SigmoidPlayer,100,1000,2,200,0.9,0.99233,0.9665049504950496
SigmoidPlayer,100,1000,2,200,0.9,0.9915700000000003,0.9817227722772278
SigmoidPlayer,100,1000,2,200,0.9,0.9918100000000001,0.9892871287128714
SigmoidPlayer,100,1000,2,200,0.9,0.9927300000000002,0.9869504950495049
SigmoidPlayer,100,1000,2,200,0.9,0.99224,0.9575841584158417
SigmoidPlayer,100,1000,2,200,0.9,0.9924000000000001,0.9730792079207923
SigmoidPlayer,100,1000,2,200,0.9,0.9913100000000002,0.9804059405940594
SigmoidPlayer,100,1000,2,200,0.9,0.9914200000000001,0.9774356435643565
SigmoidPlayer,100,1000,2,200,0.9,0.9921300000000001,0.9922277227722772
SigmoidPlayer,100,1000,2,200,0.9,0.9915900000000002,0.9893861386138615
SigmoidPlayer,100,1000,2,200,0.9,0.9916100000000001,0.9725445544554459
SigmoidPlayer,100,1000,2,200,0.9,0.9908600000000001,0.9543663366336634
SigmoidPlayer,100,1000,2,200,0.9,0.9912800000000002,0.9827029702970298
SigmoidPlayer,100,1000,2,200,0.9,0.9923400000000002,0.9902673267326734
SigmoidPlayer,100,1000,2,200,0.9,0.9918200000000001,0.9332574257425741
SigmoidPlayer,100,1000,2,200,0.9,0.99129,0.9562673267326733
SigmoidPlayer,100,1000,2,200,0.9,0.9915400000000002,0.977108910891089
SigmoidPlayer,100,1000,2,200,0.9,0.99147,0.9890792079207922
SigmoidPlayer,100,1000,2,200,0.9,0.9918000000000002,0.978910891089109
SigmoidPlayer,100,1000,2,200,0.9,0.9918700000000004,0.9890000000000001
SigmoidPlayer,100,1000,2,200,0.9,0.9917400000000002,0.9760297029702971
SigmoidPlayer,100,1000,2,200,0.9,0.99217,0.9815841584158419
SigmoidPlayer,100,1000,2,200,0.9,0.9919200000000002,0.9434554455445545
SigmoidPlayer,100,1000,2,200,0.9,0.9921200000000002,0.9923465346534656
SigmoidPlayer,100,1000,2,200,0.9,0.99105,0.9812079207920792
SigmoidPlayer,100,1000,2,200,0.9,0.9911050000000001,0.9840445544554455
SigmoidPlayer,100,1000,2,200,0.9,0.9907600000000001,0.9638019801980198
SigmoidPlayer,100,1000,2,200,0.9,0.9921200000000002,0.9856831683168317
SigmoidPlayer,100,1000,2,200,0.9,0.9913600000000001,0.9922079207920792
SigmoidPlayer,100,1000,2,200,0.9,0.9921000000000002,0.9895940594059407
SigmoidPlayer,100,1000,2,200,0.9,0.9906000000000001,0.9778217821782179
SigmoidPlayer,100,1000,2,200,0.9,0.9918400000000002,0.9864257425742575
SigmoidPlayer,100,1000,2,200,0.9,0.9916100000000001,0.9853069306930694
SigmoidPlayer,100,1000,2,200,0.9,0.9924700000000002,0.9776039603960397
SigmoidPlayer,100,1000,2,200,0.9,0.9908100000000002,0.9778811881188121
SigmoidPlayer,100,1000,2,200,0.9,0.9919300000000001,0.9740495049504951
SigmoidPlayer,100,1000,2,200,0.9,0.9912800000000003,0.979138613861386
SigmoidPlayer,100,1000,2,200,0.9,0.9916799999999999,0.9858514851485151
SigmoidPlayer,100,1000,2,200,0.9,0.9924000000000003,0.9852475247524753
SigmoidPlayer,100,1000,2,200,0.9,0.9923500000000002,0.9884752475247526
SigmoidPlayer,100,1000,2,200,0.9,0.9921200000000002,0.9577128712871286
LRPlayer,100,1000,2,200,0.9,0.9923750000000001,0.9909752475247527
LRPlayer,100,1000,2,200,0.9,0.9925300000000001,0.978148514851485
LRPlayer,100,1000,2,200,0.9,0.992495,0.9930940594059406
LRPlayer,100,1000,2,200,0.9,0.99244,0.9928514851485147
LRPlayer,100,1000,2,200,0.9,0.9920550000000001,0.984519801980198
LRPlayer,100,1000,2,200,0.9,0.992625,0.9804009900990097
LRPlayer,100,1000,2,200,0.9,0.99245,0.9722970297029703
LRPlayer,100,1000,2,200,0.9,0.9925600000000001,0.9786138613861385
LRPlayer,100,1000,2,200,0.9,0.9929250000000002,0.986321782178218
LRPlayer,100,1000,2,200,0.9,0.9928050000000002,0.9904801980198019
LRPlayer,100,1000,2,200,0.9,0.9924599999999999,0.9866534653465346
LRPlayer,100,1000,2,200,0.9,0.9928750000000001,0.9792227722772278
LRPlayer,100,1000,2,200,0.9,0.99284,0.9595742574257424
LRPlayer,100,1000,2,200,0.9,0.9926849999999999,0.9736683168316831
LRPlayer,100,1000,2,200,0.9,0.9928999999999999,0.9812178217821783
LRPlayer,100,1000,2,200,0.9,0.9931200000000001,0.9837524752475247
LRPlayer,100,1000,2,200,0.9,0.992555,0.9867277227722773
LRPlayer,100,1000,2,200,0.9,0.9924100000000001,0.9914851485148515
LRPlayer,100,1000,2,200,0.9,0.9924249999999998,0.9796683168316832
LRPlayer,100,1000,2,200,0.9,0.9922600000000001,0.985029702970297
LRPlayer,100,1000,2,200,0.9,0.99227,0.979168316831683
LRPlayer,100,1000,2,200,0.9,0.9923550000000002,0.9919059405940595
LRPlayer,100,1000,2,200,0.9,0.9926900000000001,0.9814653465346534
LRPlayer,100,1000,2,200,0.9,0.99173,0.9922475247524754
LRPlayer,100,1000,2,200,0.9,0.992255,0.9893118811881189
LRPlayer,100,1000,2,200,0.9,0.992125,0.9827574257425744
LRPlayer,100,1000,2,200,0.9,0.99253,0.9931683168316834
LRPlayer,100,1000,2,200,0.9,0.9926450000000001,0.9864108910891092
LRPlayer,100,1000,2,200,0.9,0.9923649999999999,0.9772920792079208
LRPlayer,100,1000,2,200,0.9,0.99267,0.981029702970297
LRPlayer,100,1000,2,200,0.9,0.993025,0.9810445544554455
LRPlayer,100,1000,2,200,0.9,0.99261,0.9896930693069307
LRPlayer,100,1000,2,200,0.9,0.99274,0.9803366336633663
LRPlayer,100,1000,2,200,0.9,0.991965,0.9879653465346535
LRPlayer,100,1000,2,200,0.9,0.9927400000000002,0.9712772277227721
LRPlayer,100,1000,2,200,0.9,0.9924600000000002,0.9903366336633664
LRPlayer,100,1000,2,200,0.9,0.9924750000000002,0.9879158415841586
LRPlayer,100,1000,2,200,0.9,0.9926599999999999,0.9629306930693071
LRPlayer,100,1000,2,200,0.9,0.9928500000000001,0.9811782178217819
LRPlayer,100,1000,2,200,0.9,0.992155,0.9749653465346537
LRPlayer,100,1000,2,200,0.9,0.9928600000000002,0.9874158415841584
LRPlayer,100,1000,2,200,0.9,0.9927700000000002,0.9880792079207922
LRPlayer,100,1000,2,200,0.9,0.9925300000000001,0.9862178217821782
LRPlayer,100,1000,2,200,0.9,0.9933000000000001,0.9749702970297032
LRPlayer,100,1000,2,200,0.9,0.9920049999999999,0.9863910891089109
LRPlayer,100,1000,2,200,0.9,0.9925550000000001,0.9904207920792082
LRPlayer,100,1000,2,200,0.9,0.992405,0.9849851485148515
LRPlayer,100,1000,2,200,0.9,0.992595,0.9846089108910892
LRPlayer,100,1000,2,200,0.9,0.9925650000000001,0.9868663366336633
LRPlayer,100,1000,2,200,0.9,0.9926500000000003,0.9863762376237625
LRPlayer,100,1000,2,200,0.9,0.9929650000000002,0.9808960396039605
LRPlayer,100,1000,2,200,0.9,0.9925250000000001,0.9802029702970297
LRPlayer,100,1000,2,200,0.9,0.9929250000000001,0.9906485148514851
LRPlayer,100,1000,2,200,0.9,0.9920749999999999,0.9663118811881186
LRPlayer,100,1000,2,200,0.9,0.992085,0.9820148514851484
LRPlayer,100,1000,2,200,0.9,0.9922,0.974168316831683
LRPlayer,100,1000,2,200,0.9,0.99193,0.9725049504950494
LRPlayer,100,1000,2,200,0.9,0.9925449999999999,0.9861930693069307
LRPlayer,100,1000,2,200,0.9,0.9920299999999999,0.9824752475247528
LRPlayer,100,1000,2,200,0.9,0.99251,0.9904653465346533
LRPlayer,100,1000,2,200,0.9,0.9923850000000002,0.9389950495049506
LRPlayer,100,1000,2,200,0.9,0.9929650000000001,0.9832326732673268
LRPlayer,100,1000,2,200,0.9,0.9932950000000002,0.9734405940594059
LRPlayer,100,1000,2,200,0.9,0.99302,0.9931386138613864
LRPlayer,100,1000,2,200,0.9,0.9928100000000002,0.9778415841584158
LRPlayer,100,1000,2,200,0.9,0.99224,0.9625940594059407
LRPlayer,100,1000,2,200,0.9,0.9925499999999999,0.9907326732673266
LRPlayer,100,1000,2,200,0.9,0.992855,0.9861039603960395
LRPlayer,100,1000,2,200,0.9,0.9928250000000002,0.9867772277227723
LRPlayer,100,1000,2,200,0.9,0.9931650000000001,0.9893514851485147
LRPlayer,100,1000,2,200,0.9,0.99277,0.9683960396039604
LRPlayer,100,1000,2,200,0.9,0.992715,0.992569306930693
LRPlayer,100,1000,2,200,0.9,0.9926700000000003,0.9927920792079209
LRPlayer,100,1000,2,200,0.9,0.9926800000000003,0.9909603960396042
LRPlayer,100,1000,2,200,0.9,0.9919999999999999,0.9817524752475247
LRPlayer,100,1000,2,200,0.9,0.9930300000000001,0.987940594059406
LRPlayer,100,1000,2,200,0.9,0.9924800000000001,0.9908019801980199
LRPlayer,100,1000,2,200,0.9,0.9930300000000001,0.991851485148515
LRPlayer,100,1000,2,200,0.9,0.9929849999999999,0.9924801980198023
LRPlayer,100,1000,2,200,0.9,0.9926500000000001,0.9735643564356437
LRPlayer,100,1000,2,200,0.9,0.992835,0.9846287128712871
LRPlayer,100,1000,2,200,0.9,0.9926950000000002,0.9914801980198019
LRPlayer,100,1000,2,200,0.9,0.99239,0.9921584158415842
LRPlayer,100,1000,2,200,0.9,0.9919450000000002,0.9902425742574259
LRPlayer,100,1000,2,200,0.9,0.9926850000000002,0.9873910891089109
LRPlayer,100,1000,2,200,0.9,0.9928250000000002,0.9900445544554455
LRPlayer,100,1000,2,200,0.9,0.9923450000000001,0.9522128712871286
LRPlayer,100,1000,2,200,0.9,0.9926349999999999,0.9751930693069307
LRPlayer,100,1000,2,200,0.9,0.9921900000000001,0.9765841584158413
LRPlayer,100,1000,2,200,0.9,0.9927250000000001,0.9927079207920793
LRPlayer,100,1000,2,200,0.9,0.99232,0.9939504950495047
LRPlayer,100,1000,2,200,0.9,0.9931000000000002,0.9885247524752475
LRPlayer,100,1000,2,200,0.9,0.9924649999999999,0.9886188118811883
LRPlayer,100,1000,2,200,0.9,0.9927199999999999,0.9887821782178218
LRPlayer,100,1000,2,200,0.9,0.9918200000000001,0.9839405940594059
LRPlayer,100,1000,2,200,0.9,0.9923100000000002,0.973960396039604
LRPlayer,100,1000,2,200,0.9,0.9927149999999998,0.9780940594059406
LRPlayer,100,1000,2,200,0.9,0.9922250000000002,0.9704009900990099
LRPlayer,100,1000,2,200,0.9,0.9930399999999999,0.9920099009900991
LRPlayer,100,1000,2,200,0.9,0.9925350000000001,0.9734108910891088
MLPPlayer,100,1000,2,200,0.9,0.9592,0.8611881188118812
MLPPlayer,100,1000,2,200,0.9,0.9578800000000001,0.8777227722772276
MLPPlayer,100,1000,2,200,0.9,0.95676,0.9059108910891089
MLPPlayer,100,1000,2,200,0.9,0.9572349999999998,0.8918366336633665
MLPPlayer,100,1000,2,200,0.9,0.9564549999999998,0.915410891089109
MLPPlayer,100,1000,2,200,0.9,0.9551549999999999,0.8864603960396039
MLPPlayer,100,1000,2,200,0.9,0.956205,0.9128168316831682
MLPPlayer,100,1000,2,200,0.9,0.9555400000000001,0.909821782178218
MLPPlayer,100,1000,2,200,0.9,0.956375,0.9025495049504949
MLPPlayer,100,1000,2,200,0.9,0.9569799999999999,0.8837326732673265
MLPPlayer,100,1000,2,200,0.9,0.9558499999999998,0.9005049504950495
MLPPlayer,100,1000,2,200,0.9,0.9598099999999999,0.8554950495049505
MLPPlayer,100,1000,2,200,0.9,0.956075,0.9068564356435642
MLPPlayer,100,1000,2,200,0.9,0.956605,0.9011237623762377
MLPPlayer,100,1000,2,200,0.9,0.9562149999999998,0.9080346534653465
MLPPlayer,100,1000,2,200,0.9,0.956905,0.8906287128712871
MLPPlayer,100,1000,2,200,0.9,0.9568549999999998,0.8875000000000001
MLPPlayer,100,1000,2,200,0.9,0.9585899999999998,0.8688415841584158
MLPPlayer,100,1000,2,200,0.9,0.954775,0.9055693069306932
MLPPlayer,100,1000,2,200,0.9,0.9614000000000001,0.8546534653465346
MLPPlayer,100,1000,2,200,0.9,0.9586450000000002,0.8813514851485149
MLPPlayer,100,1000,2,200,0.9,0.955285,0.8969752475247523
MLPPlayer,100,1000,2,200,0.9,0.9572399999999999,0.8798217821782177
MLPPlayer,100,1000,2,200,0.9,0.95943,0.875881188118812
MLPPlayer,100,1000,2,200,0.9,0.9592149999999999,0.8626386138613861
MLPPlayer,100,1000,2,200,0.9,0.957615,0.8850841584158416
MLPPlayer,100,1000,2,200,0.9,0.9568549999999999,0.8771237623762377
MLPPlayer,100,1000,2,200,0.9,0.9594799999999999,0.8798019801980198
MLPPlayer,100,1000,2,200,0.9,0.95829,0.8757227722772276
MLPPlayer,100,1000,2,200,0.9,0.9570649999999999,0.8749059405940592
MLPPlayer,100,1000,2,200,0.9,0.9588949999999999,0.8523118811881188
MLPPlayer,100,1000,2,200,0.9,0.9610550000000001,0.8421237623762377
MLPPlayer,100,1000,2,200,0.9,0.9605250000000001,0.8600544554455445
MLPPlayer,100,1000,2,200,0.9,0.9568899999999999,0.8910099009900988
MLPPlayer,100,1000,2,200,0.9,0.957975,0.876331683168317
MLPPlayer,100,1000,2,200,0.9,0.95528,0.9084158415841584
MLPPlayer,100,1000,2,200,0.9,0.9550150000000001,0.9276485148514851
MLPPlayer,100,1000,2,200,0.9,0.957025,0.8858168316831685
MLPPlayer,100,1000,2,200,0.9,0.9574550000000001,0.892559405940594
MLPPlayer,100,1000,2,200,0.9,0.9571549999999999,0.9013712871287128
MLPPlayer,100,1000,2,200,0.9,0.95954,0.8690693069306931
MLPPlayer,100,1000,2,200,0.9,0.9552450000000001,0.9021930693069306
MLPPlayer,100,1000,2,200,0.9,0.962025,0.8395693069306929
MLPPlayer,100,1000,2,200,0.9,0.9537399999999999,0.9218118811881187
MLPPlayer,100,1000,2,200,0.9,0.95735,0.8907128712871287
MLPPlayer,100,1000,2,200,0.9,0.958435,0.8827673267326732
MLPPlayer,100,1000,2,200,0.9,0.95612,0.9051386138613863
MLPPlayer,100,1000,2,200,0.9,0.9551200000000003,0.9173465346534655
MLPPlayer,100,1000,2,200,0.9,0.95796,0.8627029702970297
MLPPlayer,100,1000,2,200,0.9,0.9591899999999999,0.860049504950495
MLPPlayer,100,1000,2,200,0.9,0.9593999999999997,0.8511881188118813
MLPPlayer,100,1000,2,200,0.9,0.95918,0.8691386138613862
MLPPlayer,100,1000,2,200,0.9,0.9571799999999999,0.8933663366336634
MLPPlayer,100,1000,2,200,0.9,0.9552799999999999,0.9067623762376238
MLPPlayer,100,1000,2,200,0.9,0.954905,0.9062029702970297
MLPPlayer,100,1000,2,200,0.9,0.9570299999999999,0.892257425742574
MLPPlayer,100,1000,2,200,0.9,0.95945,0.8685940594059407
MLPPlayer,100,1000,2,200,0.9,0.955575,0.902569306930693
MLPPlayer,100,1000,2,200,0.9,0.960835,0.8468663366336633
MLPPlayer,100,1000,2,200,0.9,0.955835,0.899381188118812
MLPPlayer,100,1000,2,200,0.9,0.957215,0.875608910891089
MLPPlayer,100,1000,2,200,0.9,0.9550250000000001,0.919559405940594
MLPPlayer,100,1000,2,200,0.9,0.95774,0.9095346534653466
MLPPlayer,100,1000,2,200,0.9,0.958345,0.8827772277227721
MLPPlayer,100,1000,2,200,0.9,0.961325,0.8466881188118812
MLPPlayer,100,1000,2,200,0.9,0.9579050000000002,0.8735891089108907
MLPPlayer,100,1000,2,200,0.9,0.9580150000000001,0.8966980198019803
MLPPlayer,100,1000,2,200,0.9,0.9590599999999999,0.8643663366336634
MLPPlayer,100,1000,2,200,0.9,0.955095,0.9226782178217822
MLPPlayer,100,1000,2,200,0.9,0.96199,0.8541881188118812
MLPPlayer,100,1000,2,200,0.9,0.9573550000000002,0.8999158415841584
MLPPlayer,100,1000,2,200,0.9,0.9566099999999998,0.8917029702970297
MLPPlayer,100,1000,2,200,0.9,0.9570099999999999,0.8924455445544555
MLPPlayer,100,1000,2,200,0.9,0.955505,0.8952227722772278
MLPPlayer,100,1000,2,200,0.9,0.9590149999999998,0.8741336633663367
MLPPlayer,100,1000,2,200,0.9,0.957185,0.9129554455445543
MLPPlayer,100,1000,2,200,0.9,0.956935,0.8779059405940595
MLPPlayer,100,1000,2,200,0.9,0.9557949999999998,0.9100346534653465
MLPPlayer,100,1000,2,200,0.9,0.9519799999999999,0.9542079207920792
MLPPlayer,100,1000,2,200,0.9,0.9588899999999999,0.8789702970297028
MLPPlayer,100,1000,2,200,0.9,0.955505,0.9120841584158417
MLPPlayer,100,1000,2,200,0.9,0.95282,0.9368514851485148
MLPPlayer,100,1000,2,200,0.9,0.9571900000000001,0.8684653465346535
MLPPlayer,100,1000,2,200,0.9,0.96024,0.8735940594059406
MLPPlayer,100,1000,2,200,0.9,0.9579449999999998,0.8760940594059408
MLPPlayer,100,1000,2,200,0.9,0.9573200000000002,0.8830396039603958
MLPPlayer,100,1000,2,200,0.9,0.956715,0.9005990099009901
MLPPlayer,100,1000,2,200,0.9,0.955965,0.8928861386138613
MLPPlayer,100,1000,2,200,0.9,0.9551999999999999,0.9155445544554458
MLPPlayer,100,1000,2,200,0.9,0.9551149999999999,0.9200544554455445
MLPPlayer,100,1000,2,200,0.9,0.9561700000000001,0.9019009900990101
MLPPlayer,100,1000,2,200,0.9,0.95581,0.9089801980198021
MLPPlayer,100,1000,2,200,0.9,0.9577500000000001,0.8668118811881191
MLPPlayer,100,1000,2,200,0.9,0.9584950000000001,0.8557178217821785
MLPPlayer,100,1000,2,200,0.9,0.9561449999999999,0.8898069306930694
MLPPlayer,100,1000,2,200,0.9,0.9591800000000003,0.8666237623762376
MLPPlayer,100,1000,2,200,0.9,0.9581299999999999,0.8674554455445544
MLPPlayer,100,1000,2,200,0.9,0.960485,0.8334207920792079
MLPPlayer,100,1000,2,200,0.9,0.95434,0.9327920792079207
MLPPlayer,100,1000,2,200,0.9,0.9571200000000001,0.8804752475247525
Player,100,1000,2,200,0.95,0.9856300000000001,0.9865940594059406
Player,100,1000,2,200,0.95,0.98488,0.9493168316831683
Player,100,1000,2,200,0.95,0.9863650000000002,0.9812128712871286
Player,100,1000,2,200,0.95,0.9850500000000001,0.9594752475247524
Player,100,1000,2,200,0.95,0.985935,0.986391089108911
Player,100,1000,2,200,0.95,0.9847350000000001,0.9792821782178219
Player,100,1000,2,200,0.95,0.9854500000000002,0.9734554455445543
Player,100,1000,2,200,0.95,0.98542,0.9892376237623762
Player,100,1000,2,200,0.95,0.98537,0.9686138613861385
Player,100,1000,2,200,0.95,0.9851000000000001,0.9843267326732673
Player,100,1000,2,200,0.95,0.9864400000000001,0.9873366336633663
Player,100,1000,2,200,0.95,0.985605,0.9662128712871286
Player,100,1000,2,200,0.95,0.9852199999999999,0.9664158415841585
Player,100,1000,2,200,0.95,0.9851200000000001,0.9767722772277228
Player,100,1000,2,200,0.95,0.9858000000000001,0.9859207920792079
Player,100,1000,2,200,0.95,0.9852900000000002,0.9864059405940594
Player,100,1000,2,200,0.95,0.984725,0.9891138613861387
Player,100,1000,2,200,0.95,0.9851300000000001,0.9843168316831684
Player,100,1000,2,200,0.95,0.985445,0.9419158415841584
Player,100,1000,2,200,0.95,0.9854600000000002,0.9820396039603961
Player,100,1000,2,200,0.95,0.9853500000000003,0.985782178217822
Player,100,1000,2,200,0.95,0.9846900000000001,0.9556732673267327
Player,100,1000,2,200,0.95,0.9857699999999998,0.9767623762376235
Player,100,1000,2,200,0.95,0.98586,0.9757425742574257
Player,100,1000,2,200,0.95,0.98472,0.9882970297029704
Player,100,1000,2,200,0.95,0.9850400000000004,0.9795940594059408
Player,100,1000,2,200,0.95,0.9854900000000001,0.9846831683168316
Player,100,1000,2,200,0.95,0.9858250000000001,0.9873514851485148
Player,100,1000,2,200,0.95,0.9856699999999998,0.9883465346534652
Player,100,1000,2,200,0.95,0.985715,0.9849356435643564
Player,100,1000,2,200,0.95,0.9842950000000004,0.9850742574257427
Player,100,1000,2,200,0.95,0.986295,0.9854207920792081
Player,100,1000,2,200,0.95,0.9858700000000001,0.9750099009900989
Player,100,1000,2,200,0.95,0.9860100000000002,0.987871287128713
Player,100,1000,2,200,0.95,0.985365,0.9846782178217823
Player,100,1000,2,200,0.95,0.9856850000000001,0.9843712871287128
Player,100,1000,2,200,0.95,0.9853749999999999,0.9507178217821785
Player,100,1000,2,200,0.95,0.9855849999999999,0.9879950495049508
Player,100,1000,2,200,0.95,0.985275,0.9771435643564358
Player,100,1000,2,200,0.95,0.984255,0.9718366336633667
Player,100,1000,2,200,0.95,0.9860150000000002,0.9861435643564356
Player,100,1000,2,200,0.95,0.9846849999999999,0.9857574257425743
Player,100,1000,2,200,0.95,0.9855200000000001,0.9804653465346537
Player,100,1000,2,200,0.95,0.9858750000000001,0.9832821782178217
Player,100,1000,2,200,0.95,0.9852150000000001,0.9630742574257424
Player,100,1000,2,200,0.95,0.9850200000000001,0.9778811881188118
Player,100,1000,2,200,0.95,0.9852900000000001,0.9443366336633663
Player,100,1000,2,200,0.95,0.9858850000000001,0.9750841584158415
Player,100,1000,2,200,0.95,0.984675,0.9832623762376238
Player,100,1000,2,200,0.95,0.9857,0.9781881188118811
Player,100,1000,2,200,0.95,0.9855699999999998,0.9816336633663366
Player,100,1000,2,200,0.95,0.9863250000000001,0.9897376237623762
Player,100,1000,2,200,0.95,0.9854,0.9834158415841584
Player,100,1000,2,200,0.95,0.9861600000000001,0.9715742574257427
Player,100,1000,2,200,0.95,0.98481,0.9847920792079208
Player,100,1000,2,200,0.95,0.98542,0.9448415841584159
Player,100,1000,2,200,0.95,0.98564,0.9801782178217823
Player,100,1000,2,200,0.95,0.9853300000000002,0.9383069306930694
Player,100,1000,2,200,0.95,0.9859900000000001,0.929851485148515
Player,100,1000,2,200,0.95,0.9856750000000001,0.9558663366336634
Player,100,1000,2,200,0.95,0.9853949999999999,0.9623118811881187
Player,100,1000,2,200,0.95,0.9862250000000001,0.972450495049505
Player,100,1000,2,200,0.95,0.9861150000000002,0.9781336633663364
Player,100,1000,2,200,0.95,0.9859049999999999,0.986262376237624
Player,100,1000,2,200,0.95,0.985905,0.9677970297029703
Player,100,1000,2,200,0.95,0.98548,0.9853663366336635
Player,100,1000,2,200,0.95,0.9856050000000002,0.9745693069306931
Player,100,1000,2,200,0.95,0.98523,0.9833366336633664
Player,100,1000,2,200,0.95,0.984675,0.9657574257425745
Player,100,1000,2,200,0.95,0.9844900000000001,0.9854851485148516
Player,100,1000,2,200,0.95,0.98594,0.960059405940594
Player,100,1000,2,200,0.95,0.9862450000000001,0.9826782178217821
Player,100,1000,2,200,0.95,0.9849150000000002,0.9607079207920791
Player,100,1000,2,200,0.95,0.9857049999999999,0.9653514851485152
Player,100,1000,2,200,0.95,0.9857049999999999,0.9891039603960396
Player,100,1000,2,200,0.95,0.9850499999999998,0.9386138613861388
Player,100,1000,2,200,0.95,0.9857600000000001,0.9488514851485147
Player,100,1000,2,200,0.95,0.9862949999999999,0.9690544554455444
Player,100,1000,2,200,0.95,0.9854299999999999,0.9775940594059407
Player,100,1000,2,200,0.95,0.9853800000000003,0.9859801980198019
Player,100,1000,2,200,0.95,0.9857799999999999,0.9855148514851484
Player,100,1000,2,200,0.95,0.9849850000000001,0.981549504950495
Player,100,1000,2,200,0.95,0.9851450000000002,0.9678168316831685
Player,100,1000,2,200,0.95,0.985405,0.9460148514851485
Player,100,1000,2,200,0.95,0.9860899999999999,0.9875049504950495
Player,100,1000,2,200,0.95,0.985835,0.9877871287128716
Player,100,1000,2,200,0.95,0.98575,0.9799702970297032
Player,100,1000,2,200,0.95,0.9854800000000001,0.9832871287128713
Player,100,1000,2,200,0.95,0.9859100000000002,0.9857128712871286
Player,100,1000,2,200,0.95,0.98588,0.9837722772277229
Player,100,1000,2,200,0.95,0.985235,0.974549504950495
Player,100,1000,2,200,0.95,0.9858600000000002,0.9774059405940593
Player,100,1000,2,200,0.95,0.9849550000000002,0.983440594059406
Player,100,1000,2,200,0.95,0.9851650000000001,0.9761633663366337
Player,100,1000,2,200,0.95,0.98516,0.9883663366336634
Player,100,1000,2,200,0.95,0.9861050000000001,0.9740148514851482
Player,100,1000,2,200,0.95,0.985945,0.9783514851485149
Player,100,1000,2,200,0.95,0.984835,0.9866584158415842
Player,100,1000,2,200,0.95,0.9863799999999999,0.955990099009901
Player,100,1000,2,200,0.95,0.9848,0.9877227722772278
LinearFunctionPlayer,100,1000,2,200,0.95,0.96478,0.9603564356435643
LinearFunctionPlayer,100,1000,2,200,0.95,0.9611149999999998,0.9638861386138613
LinearFunctionPlayer,100,1000,2,200,0.95,0.9655899999999998,0.9685346534653464
LinearFunctionPlayer,100,1000,2,200,0.95,0.9643999999999998,0.9670495049504949
LinearFunctionPlayer,100,1000,2,200,0.95,0.965845,0.968608910891089
LinearFunctionPlayer,100,1000,2,200,0.95,0.962845,0.9652326732673266
LinearFunctionPlayer,100,1000,2,200,0.95,0.96707,0.9569207920792079
LinearFunctionPlayer,100,1000,2,200,0.95,0.962955,0.9656980198019802
LinearFunctionPlayer,100,1000,2,200,0.95,0.9592400000000001,0.9622475247524752
LinearFunctionPlayer,100,1000,2,200,0.95,0.9615500000000001,0.964762376237624
LinearFunctionPlayer,100,1000,2,200,0.95,0.9666750000000002,0.9690346534653467
LinearFunctionPlayer,100,1000,2,200,0.95,0.95963,0.9628811881188117
LinearFunctionPlayer,100,1000,2,200,0.95,0.962705,0.965450495049505
LinearFunctionPlayer,100,1000,2,200,0.95,0.959315,0.9624207920792078
LinearFunctionPlayer,100,1000,2,200,0.95,0.9665950000000001,0.9682524752475246
LinearFunctionPlayer,100,1000,2,200,0.95,0.9638699999999999,0.9666732673267326
LinearFunctionPlayer,100,1000,2,200,0.95,0.9651000000000002,0.9632673267326732
LinearFunctionPlayer,100,1000,2,200,0.95,0.9648650000000001,0.9672920792079208
LinearFunctionPlayer,100,1000,2,200,0.95,0.9619149999999999,0.9647376237623764
LinearFunctionPlayer,100,1000,2,200,0.95,0.9633449999999998,0.9658861386138613
LinearFunctionPlayer,100,1000,2,200,0.95,0.9617549999999997,0.9646485148514851
LinearFunctionPlayer,100,1000,2,200,0.95,0.96783,0.9669702970297028
LinearFunctionPlayer,100,1000,2,200,0.95,0.964225,0.9667574257425743
LinearFunctionPlayer,100,1000,2,200,0.95,0.9633799999999999,0.9662772277227722
LinearFunctionPlayer,100,1000,2,200,0.95,0.9659499999999999,0.9682772277227724
LinearFunctionPlayer,100,1000,2,200,0.95,0.9633200000000001,0.9663861386138612
LinearFunctionPlayer,100,1000,2,200,0.95,0.964935,0.9677871287128713
LinearFunctionPlayer,100,1000,2,200,0.95,0.9575850000000001,0.9600346534653467
LinearFunctionPlayer,100,1000,2,200,0.95,0.962825,0.9657772277227722
LinearFunctionPlayer,100,1000,2,200,0.95,0.9631450000000001,0.9659950495049504
LinearFunctionPlayer,100,1000,2,200,0.95,0.9669249999999999,0.9694603960396039
LinearFunctionPlayer,100,1000,2,200,0.95,0.9683799999999999,0.970871287128713
LinearFunctionPlayer,100,1000,2,200,0.95,0.961115,0.9642524752475249
LinearFunctionPlayer,100,1000,2,200,0.95,0.9644699999999999,0.9672772277227722
LinearFunctionPlayer,100,1000,2,200,0.95,0.9607899999999999,0.9639405940594058
LinearFunctionPlayer,100,1000,2,200,0.95,0.96748,0.9698910891089108
LinearFunctionPlayer,100,1000,2,200,0.95,0.9608500000000001,0.9632673267326733
LinearFunctionPlayer,100,1000,2,200,0.95,0.9626249999999998,0.9655594059405941
LinearFunctionPlayer,100,1000,2,200,0.95,0.9621949999999999,0.9644801980198019
LinearFunctionPlayer,100,1000,2,200,0.95,0.9629399999999998,0.965990099009901
LinearFunctionPlayer,100,1000,2,200,0.95,0.9638649999999999,0.9664999999999999
LinearFunctionPlayer,100,1000,2,200,0.95,0.9645900000000001,0.9672079207920794
LinearFunctionPlayer,100,1000,2,200,0.95,0.96077,0.9638613861386139
LinearFunctionPlayer,100,1000,2,200,0.95,0.9614999999999999,0.9543168316831683
LinearFunctionPlayer,100,1000,2,200,0.95,0.9582699999999998,0.9615940594059404
LinearFunctionPlayer,100,1000,2,200,0.95,0.96107,0.9635841584158414
LinearFunctionPlayer,100,1000,2,200,0.95,0.9607350000000001,0.9532227722772276
LinearFunctionPlayer,100,1000,2,200,0.95,0.9624799999999998,0.965049504950495
LinearFunctionPlayer,100,1000,2,200,0.95,0.96939,0.9716633663366337
LinearFunctionPlayer,100,1000,2,200,0.95,0.96191,0.964950495049505
LinearFunctionPlayer,100,1000,2,200,0.95,0.9613849999999998,0.9644801980198019
LinearFunctionPlayer,100,1000,2,200,0.95,0.9650600000000001,0.9672574257425743
LinearFunctionPlayer,100,1000,2,200,0.95,0.9627999999999999,0.9657524752475246
LinearFunctionPlayer,100,1000,2,200,0.95,0.9631950000000002,0.965529702970297
LinearFunctionPlayer,100,1000,2,200,0.95,0.958675,0.9618762376237625
LinearFunctionPlayer,100,1000,2,200,0.95,0.9616500000000001,0.9506138613861385
LinearFunctionPlayer,100,1000,2,200,0.95,0.964195,0.9670148514851487
LinearFunctionPlayer,100,1000,2,200,0.95,0.964265,0.9632128712871285
LinearFunctionPlayer,100,1000,2,200,0.95,0.96475,0.9675742574257425
LinearFunctionPlayer,100,1000,2,200,0.95,0.9652449999999999,0.9677772277227722
LinearFunctionPlayer,100,1000,2,200,0.95,0.9616150000000002,0.9645594059405941
LinearFunctionPlayer,100,1000,2,200,0.95,0.96571,0.9685346534653465
LinearFunctionPlayer,100,1000,2,200,0.95,0.9656100000000002,0.9682277227722773
LinearFunctionPlayer,100,1000,2,200,0.95,0.9661149999999998,0.968688118811881
LinearFunctionPlayer,100,1000,2,200,0.95,0.9594299999999998,0.961168316831683
LinearFunctionPlayer,100,1000,2,200,0.95,0.96144,0.9643663366336633
LinearFunctionPlayer,100,1000,2,200,0.95,0.9671549999999999,0.969420792079208
LinearFunctionPlayer,100,1000,2,200,0.95,0.96488,0.9670594059405943
LinearFunctionPlayer,100,1000,2,200,0.95,0.96416,0.9639801980198021
LinearFunctionPlayer,100,1000,2,200,0.95,0.9698049999999999,0.9654108910891086
LinearFunctionPlayer,100,1000,2,200,0.95,0.9647149999999999,0.9672326732673266
LinearFunctionPlayer,100,1000,2,200,0.95,0.9613600000000004,0.9641881188118812
LinearFunctionPlayer,100,1000,2,200,0.95,0.9639499999999999,0.9603465346534652
LinearFunctionPlayer,100,1000,2,200,0.95,0.96431,0.9671386138613861
LinearFunctionPlayer,100,1000,2,200,0.95,0.9614299999999999,0.9633960396039605
LinearFunctionPlayer,100,1000,2,200,0.95,0.9642000000000001,0.9669801980198017
LinearFunctionPlayer,100,1000,2,200,0.95,0.9644449999999999,0.967321782178218
LinearFunctionPlayer,100,1000,2,200,0.95,0.9639700000000001,0.9664356435643564
LinearFunctionPlayer,100,1000,2,200,0.95,0.96295,0.9660594059405939
LinearFunctionPlayer,100,1000,2,200,0.95,0.9613849999999999,0.9643118811881186
LinearFunctionPlayer,100,1000,2,200,0.95,0.96622,0.9672871287128713
LinearFunctionPlayer,100,1000,2,200,0.95,0.96382,0.9655049504950494
LinearFunctionPlayer,100,1000,2,200,0.95,0.9614450000000001,0.9642623762376238
LinearFunctionPlayer,100,1000,2,200,0.95,0.9601,0.9632871287128715
LinearFunctionPlayer,100,1000,2,200,0.95,0.9629199999999999,0.9657029702970297
LinearFunctionPlayer,100,1000,2,200,0.95,0.9650349999999999,0.9671138613861384
LinearFunctionPlayer,100,1000,2,200,0.95,0.9643149999999998,0.9671237623762377
LinearFunctionPlayer,100,1000,2,200,0.95,0.96258,0.9655841584158414
LinearFunctionPlayer,100,1000,2,200,0.95,0.963295,0.9661930693069308
LinearFunctionPlayer,100,1000,2,200,0.95,0.96544,0.9682475247524752
LinearFunctionPlayer,100,1000,2,200,0.95,0.9605849999999999,0.963618811881188
LinearFunctionPlayer,100,1000,2,200,0.95,0.963935,0.9612029702970297
LinearFunctionPlayer,100,1000,2,200,0.95,0.9624849999999998,0.9655495049504949
LinearFunctionPlayer,100,1000,2,200,0.95,0.9630999999999998,0.9657425742574257
LinearFunctionPlayer,100,1000,2,200,0.95,0.9627149999999999,0.9603811881188117
LinearFunctionPlayer,100,1000,2,200,0.95,0.9646399999999999,0.9666237623762375
LinearFunctionPlayer,100,1000,2,200,0.95,0.9631700000000001,0.966019801980198
LinearFunctionPlayer,100,1000,2,200,0.95,0.9633700000000001,0.9663366336633665
LinearFunctionPlayer,100,1000,2,200,0.95,0.9650250000000001,0.9680346534653466
LinearFunctionPlayer,100,1000,2,200,0.95,0.9635799999999998,0.9662970297029704
SigmoidPlayer,100,1000,2,200,0.95,0.9869050000000003,0.988420792079208
SigmoidPlayer,100,1000,2,200,0.95,0.9849999999999999,0.9665643564356436
SigmoidPlayer,100,1000,2,200,0.95,0.9839800000000001,0.9788613861386141
SigmoidPlayer,100,1000,2,200,0.95,0.9829450000000002,0.9809851485148517
SigmoidPlayer,100,1000,2,200,0.95,0.9852100000000001,0.9851287128712873
SigmoidPlayer,100,1000,2,200,0.95,0.9849500000000002,0.9701980198019802
SigmoidPlayer,100,1000,2,200,0.95,0.9845099999999999,0.9836831683168319
SigmoidPlayer,100,1000,2,200,0.95,0.9849750000000002,0.9833118811881191
SigmoidPlayer,100,1000,2,200,0.95,0.9851800000000001,0.9861980198019804
SigmoidPlayer,100,1000,2,200,0.95,0.9853900000000002,0.9866138613861387
SigmoidPlayer,100,1000,2,200,0.95,0.9857,0.9827623762376237
SigmoidPlayer,100,1000,2,200,0.95,0.98574,0.9846039603960398
SigmoidPlayer,100,1000,2,200,0.95,0.9861200000000001,0.9811188118811881
SigmoidPlayer,100,1000,2,200,0.95,0.9863150000000002,0.9645198019801982
SigmoidPlayer,100,1000,2,200,0.95,0.9859600000000002,0.9823069306930695
SigmoidPlayer,100,1000,2,200,0.95,0.9841000000000001,0.9861683168316834
SigmoidPlayer,100,1000,2,200,0.95,0.9845500000000001,0.9868019801980201
SigmoidPlayer,100,1000,2,200,0.95,0.9879100000000001,0.9739801980198021
SigmoidPlayer,100,1000,2,200,0.95,0.985885,0.9738069306930693
SigmoidPlayer,100,1000,2,200,0.95,0.9847800000000001,0.9676930693069307
SigmoidPlayer,100,1000,2,200,0.95,0.9850800000000001,0.9878415841584159
SigmoidPlayer,100,1000,2,200,0.95,0.98677,0.9868514851485153
SigmoidPlayer,100,1000,2,200,0.95,0.986705,0.988212871287129
SigmoidPlayer,100,1000,2,200,0.95,0.98572,0.9818217821782178
SigmoidPlayer,100,1000,2,200,0.95,0.9866800000000001,0.9707623762376236
SigmoidPlayer,100,1000,2,200,0.95,0.9868200000000003,0.9714158415841585
SigmoidPlayer,100,1000,2,200,0.95,0.9848100000000001,0.9864257425742576
SigmoidPlayer,100,1000,2,200,0.95,0.9876600000000001,0.9899108910891091
SigmoidPlayer,100,1000,2,200,0.95,0.9853750000000002,0.9850643564356438
SigmoidPlayer,100,1000,2,200,0.95,0.9839900000000003,0.9812574257425744
SigmoidPlayer,100,1000,2,200,0.95,0.9849100000000002,0.9869306930693073
SigmoidPlayer,100,1000,2,200,0.95,0.9846650000000001,0.9874801980198022
SigmoidPlayer,100,1000,2,200,0.95,0.9849100000000002,0.9670891089108913
SigmoidPlayer,100,1000,2,200,0.95,0.9854700000000001,0.9407524752475248
SigmoidPlayer,100,1000,2,200,0.95,0.9828650000000002,0.9848366336633665
SigmoidPlayer,100,1000,2,200,0.95,0.9854999999999999,0.979693069306931
SigmoidPlayer,100,1000,2,200,0.95,0.9855350000000003,0.9616683168316833
SigmoidPlayer,100,1000,2,200,0.95,0.9855400000000002,0.970980198019802
SigmoidPlayer,100,1000,2,200,0.95,0.9863500000000001,0.983940594059406
SigmoidPlayer,100,1000,2,200,0.95,0.9851800000000001,0.9869504950495049
SigmoidPlayer,100,1000,2,200,0.95,0.9859500000000001,0.9885643564356437
SigmoidPlayer,100,1000,2,200,0.95,0.9856000000000001,0.9790396039603961
SigmoidPlayer,100,1000,2,200,0.95,0.9861900000000002,0.9659702970297029
SigmoidPlayer,100,1000,2,200,0.95,0.984495,0.9761435643564357
SigmoidPlayer,100,1000,2,200,0.95,0.9852000000000001,0.9871485148514852
SigmoidPlayer,100,1000,2,200,0.95,0.9869400000000002,0.971059405940594
SigmoidPlayer,100,1000,2,200,0.95,0.9869800000000001,0.9866732673267331
SigmoidPlayer,100,1000,2,200,0.95,0.9853100000000002,0.9829603960396041
SigmoidPlayer,100,1000,2,200,0.95,0.9851600000000001,0.9618316831683168
SigmoidPlayer,100,1000,2,200,0.95,0.9846650000000001,0.9767079207920795
SigmoidPlayer,100,1000,2,200,0.95,0.984955,0.9868762376237624
SigmoidPlayer,100,1000,2,200,0.95,0.9869250000000003,0.9847574257425742
SigmoidPlayer,100,1000,2,200,0.95,0.98637,0.989039603960396
SigmoidPlayer,100,1000,2,200,0.95,0.9848700000000002,0.9863465346534654
SigmoidPlayer,100,1000,2,200,0.95,0.9846150000000001,0.9596584158415843
SigmoidPlayer,100,1000,2,200,0.95,0.9876200000000003,0.9710792079207922
SigmoidPlayer,100,1000,2,200,0.95,0.9853400000000001,0.9715247524752477
SigmoidPlayer,100,1000,2,200,0.95,0.98666,0.9721782178217823
SigmoidPlayer,100,1000,2,200,0.95,0.9864200000000001,0.9875148514851487
SigmoidPlayer,100,1000,2,200,0.95,0.9850500000000002,0.979990099009901
SigmoidPlayer,100,1000,2,200,0.95,0.9863400000000003,0.9802475247524755
SigmoidPlayer,100,1000,2,200,0.95,0.9852000000000001,0.9829306930693071
SigmoidPlayer,100,1000,2,200,0.95,0.9862900000000002,0.9762178217821781
SigmoidPlayer,100,1000,2,200,0.95,0.98425,0.9871188118811883
SigmoidPlayer,100,1000,2,200,0.95,0.9845800000000001,0.9864356435643565
SigmoidPlayer,100,1000,2,200,0.95,0.9866900000000003,0.9689504950495048
SigmoidPlayer,100,1000,2,200,0.95,0.9860700000000001,0.9885148514851485
SigmoidPlayer,100,1000,2,200,0.95,0.9863500000000001,0.9712376237623762
SigmoidPlayer,100,1000,2,200,0.95,0.9847000000000001,0.9865445544554456
SigmoidPlayer,100,1000,2,200,0.95,0.98584,0.9788415841584159
SigmoidPlayer,100,1000,2,200,0.95,0.98512,0.9768613861386138
SigmoidPlayer,100,1000,2,200,0.95,0.9851400000000001,0.9707920792079209
SigmoidPlayer,100,1000,2,200,0.95,0.98756,0.9853267326732674
SigmoidPlayer,100,1000,2,200,0.95,0.9850850000000001,0.9467079207920793
SigmoidPlayer,100,1000,2,200,0.95,0.9859600000000001,0.9861287128712873
SigmoidPlayer,100,1000,2,200,0.95,0.9867550000000002,0.982549504950495
SigmoidPlayer,100,1000,2,200,0.95,0.9854700000000001,0.9873960396039604
SigmoidPlayer,100,1000,2,200,0.95,0.9846299999999999,0.9831782178217822
SigmoidPlayer,100,1000,2,200,0.95,0.9846450000000001,0.9502722772277227
SigmoidPlayer,100,1000,2,200,0.95,0.9861400000000002,0.9868217821782179
SigmoidPlayer,100,1000,2,200,0.95,0.9871000000000002,0.9583465346534655
SigmoidPlayer,100,1000,2,200,0.95,0.9856200000000003,0.9748811881188121
SigmoidPlayer,100,1000,2,200,0.95,0.9853500000000003,0.9756039603960398
SigmoidPlayer,100,1000,2,200,0.95,0.98537,0.9664356435643565
SigmoidPlayer,100,1000,2,200,0.95,0.9845550000000002,0.9854702970297032
SigmoidPlayer,100,1000,2,200,0.95,0.9827700000000001,0.9748613861386138
SigmoidPlayer,100,1000,2,200,0.95,0.9868200000000001,0.9885148514851487
SigmoidPlayer,100,1000,2,200,0.95,0.98634,0.9801386138613861
SigmoidPlayer,100,1000,2,200,0.95,0.9865300000000002,0.9602376237623762
SigmoidPlayer,100,1000,2,200,0.95,0.9861500000000001,0.9818019801980197
SigmoidPlayer,100,1000,2,200,0.95,0.9827000000000001,0.9704653465346534
SigmoidPlayer,100,1000,2,200,0.95,0.9875700000000002,0.9892079207920793
SigmoidPlayer,100,1000,2,200,0.95,0.9862500000000002,0.977693069306931
SigmoidPlayer,100,1000,2,200,0.95,0.9857600000000001,0.9869900990099009
SigmoidPlayer,100,1000,2,200,0.95,0.98616,0.9631782178217821
SigmoidPlayer,100,1000,2,200,0.95,0.9839300000000002,0.9850297029702971
SigmoidPlayer,100,1000,2,200,0.95,0.98606,0.986178217821782
SigmoidPlayer,100,1000,2,200,0.95,0.98494,0.981861386138614
SigmoidPlayer,100,1000,2,200,0.95,0.9853700000000002,0.9753762376237625
SigmoidPlayer,100,1000,2,200,0.95,0.9856700000000003,0.966831683168317
LRPlayer,100,1000,2,200,0.95,0.9896,0.988891089108911
LRPlayer,100,1000,2,200,0.95,0.98994,0.958792079207921
LRPlayer,100,1000,2,200,0.95,0.988695,0.9757079207920792
LRPlayer,100,1000,2,200,0.95,0.9890950000000001,0.9729950495049503
LRPlayer,100,1000,2,200,0.95,0.9892900000000001,0.9775148514851485
LRPlayer,100,1000,2,200,0.95,0.9898650000000001,0.9894702970297029
LRPlayer,100,1000,2,200,0.95,0.98984,0.9884059405940595
LRPlayer,100,1000,2,200,0.95,0.9889850000000001,0.9600841584158416
LRPlayer,100,1000,2,200,0.95,0.9889850000000001,0.9888663366336635
LRPlayer,100,1000,2,200,0.95,0.98956,0.9883069306930692
LRPlayer,100,1000,2,200,0.95,0.9902600000000001,0.9912871287128716
LRPlayer,100,1000,2,200,0.95,0.9894700000000002,0.9902277227722773
LRPlayer,100,1000,2,200,0.95,0.98956,0.9864752475247524
LRPlayer,100,1000,2,200,0.95,0.9900150000000001,0.9893613861386137
LRPlayer,100,1000,2,200,0.95,0.989445,0.9780544554455445
LRPlayer,100,1000,2,200,0.95,0.9897900000000002,0.9581089108910887
LRPlayer,100,1000,2,200,0.95,0.98984,0.9771980198019801
LRPlayer,100,1000,2,200,0.95,0.989445,0.983440594059406
LRPlayer,100,1000,2,200,0.95,0.9897450000000001,0.9877772277227724
LRPlayer,100,1000,2,200,0.95,0.989975,0.9601831683168317
LRPlayer,100,1000,2,200,0.95,0.9904450000000001,0.9869554455445544
LRPlayer,100,1000,2,200,0.95,0.9894149999999999,0.9836881188118812
LRPlayer,100,1000,2,200,0.95,0.9897500000000001,0.9578910891089109
LRPlayer,100,1000,2,200,0.95,0.9900749999999999,0.9837178217821783
LRPlayer,100,1000,2,200,0.95,0.989565,0.9701435643564358
LRPlayer,100,1000,2,200,0.95,0.9895750000000002,0.9673613861386138
LRPlayer,100,1000,2,200,0.95,0.990135,0.9878168316831683
LRPlayer,100,1000,2,200,0.95,0.9892749999999999,0.9623415841584159
LRPlayer,100,1000,2,200,0.95,0.990345,0.9662623762376237
LRPlayer,100,1000,2,200,0.95,0.9896750000000002,0.9895
LRPlayer,100,1000,2,200,0.95,0.9898150000000001,0.9705099009900989
LRPlayer,100,1000,2,200,0.95,0.988975,0.9890148514851487
LRPlayer,100,1000,2,200,0.95,0.989485,0.981519801980198
LRPlayer,100,1000,2,200,0.95,0.9901800000000001,0.9911089108910891
LRPlayer,100,1000,2,200,0.95,0.9900550000000002,0.9922128712871288
LRPlayer,100,1000,2,200,0.95,0.98995,0.9778514851485147
LRPlayer,100,1000,2,200,0.95,0.9897599999999999,0.991940594059406
LRPlayer,100,1000,2,200,0.95,0.9895750000000001,0.9799950495049505
LRPlayer,100,1000,2,200,0.95,0.9907349999999999,0.9658366336633663
LRPlayer,100,1000,2,200,0.95,0.9902,0.9906336633663366
LRPlayer,100,1000,2,200,0.95,0.9899350000000001,0.9840148514851484
LRPlayer,100,1000,2,200,0.95,0.989565,0.9811732673267328
LRPlayer,100,1000,2,200,0.95,0.9896350000000002,0.9842425742574258
LRPlayer,100,1000,2,200,0.95,0.9892400000000001,0.9853465346534653
LRPlayer,100,1000,2,200,0.95,0.9890800000000002,0.9871287128712873
LRPlayer,100,1000,2,200,0.95,0.989815,0.9904801980198019
LRPlayer,100,1000,2,200,0.95,0.9895150000000001,0.9900841584158415
LRPlayer,100,1000,2,200,0.95,0.9894400000000003,0.9771980198019801
LRPlayer,100,1000,2,200,0.95,0.9892299999999998,0.9814752475247526
LRPlayer,100,1000,2,200,0.95,0.9897550000000003,0.9806287128712871
LRPlayer,100,1000,2,200,0.95,0.9897,0.9843960396039605
LRPlayer,100,1000,2,200,0.95,0.989715,0.9432722772277228
LRPlayer,100,1000,2,200,0.95,0.98985,0.9850198019801982
LRPlayer,100,1000,2,200,0.95,0.9890550000000001,0.9723316831683169
LRPlayer,100,1000,2,200,0.95,0.9905200000000001,0.9822475247524753
LRPlayer,100,1000,2,200,0.95,0.9899000000000002,0.991009900990099
LRPlayer,100,1000,2,200,0.95,0.9898950000000001,0.9792920792079208
LRPlayer,100,1000,2,200,0.95,0.989835,0.979529702970297
LRPlayer,100,1000,2,200,0.95,0.989885,0.9899851485148518
LRPlayer,100,1000,2,200,0.95,0.9895500000000002,0.9616831683168316
LRPlayer,100,1000,2,200,0.95,0.9898950000000001,0.9682623762376239
LRPlayer,100,1000,2,200,0.95,0.9901750000000002,0.9711336633663367
LRPlayer,100,1000,2,200,0.95,0.988735,0.988460396039604
LRPlayer,100,1000,2,200,0.95,0.9886400000000001,0.9844752475247525
LRPlayer,100,1000,2,200,0.95,0.9897499999999999,0.9822277227722773
LRPlayer,100,1000,2,200,0.95,0.9895450000000002,0.9887673267326734
LRPlayer,100,1000,2,200,0.95,0.988905,0.9906782178217821
LRPlayer,100,1000,2,200,0.95,0.989325,0.9881237623762374
LRPlayer,100,1000,2,200,0.95,0.9897150000000002,0.9815
LRPlayer,100,1000,2,200,0.95,0.989955,0.9869059405940594
LRPlayer,100,1000,2,200,0.95,0.98906,0.9808316831683168
LRPlayer,100,1000,2,200,0.95,0.9895450000000001,0.984460396039604
LRPlayer,100,1000,2,200,0.95,0.98945,0.9912970297029705
LRPlayer,100,1000,2,200,0.95,0.9892949999999999,0.9796881188118811
LRPlayer,100,1000,2,200,0.95,0.9904800000000001,0.9926534653465348
LRPlayer,100,1000,2,200,0.95,0.9897549999999999,0.9896386138613862
LRPlayer,100,1000,2,200,0.95,0.9895949999999999,0.9860544554455445
LRPlayer,100,1000,2,200,0.95,0.9895200000000002,0.9793564356435644
LRPlayer,100,1000,2,200,0.95,0.9893850000000001,0.9890148514851486
LRPlayer,100,1000,2,200,0.95,0.98962,0.9897029702970297
LRPlayer,100,1000,2,200,0.95,0.9894650000000003,0.9712524752475247
LRPlayer,100,1000,2,200,0.95,0.989925,0.9777772277227724
LRPlayer,100,1000,2,200,0.95,0.9897350000000001,0.9660742574257429
LRPlayer,100,1000,2,200,0.95,0.9895400000000001,0.9662772277227724
LRPlayer,100,1000,2,200,0.95,0.9898450000000001,0.9896089108910893
LRPlayer,100,1000,2,200,0.95,0.988745,0.9841336633663367
LRPlayer,100,1000,2,200,0.95,0.9896550000000001,0.9751831683168316
LRPlayer,100,1000,2,200,0.95,0.9900300000000002,0.988871287128713
LRPlayer,100,1000,2,200,0.95,0.9898700000000002,0.9908514851485151
LRPlayer,100,1000,2,200,0.95,0.9901250000000001,0.9820148514851486
LRPlayer,100,1000,2,200,0.95,0.9904700000000001,0.9881485148514851
LRPlayer,100,1000,2,200,0.95,0.9895900000000001,0.9802475247524752
LRPlayer,100,1000,2,200,0.95,0.9889749999999999,0.9763514851485151
LRPlayer,100,1000,2,200,0.95,0.9892400000000001,0.9659108910891088
LRPlayer,100,1000,2,200,0.95,0.98957,0.9858910891089108
LRPlayer,100,1000,2,200,0.95,0.9897600000000001,0.9881683168316833
LRPlayer,100,1000,2,200,0.95,0.9889399999999999,0.9853069306930694
LRPlayer,100,1000,2,200,0.95,0.98863,0.9611287128712872
LRPlayer,100,1000,2,200,0.95,0.9897650000000001,0.9911039603960398
LRPlayer,100,1000,2,200,0.95,0.9899900000000001,0.9799504950495049
MLPPlayer,100,1000,2,200,0.95,0.9425949999999997,0.8490247524752473
MLPPlayer,100,1000,2,200,0.95,0.94553,0.8213861386138614
MLPPlayer,100,1000,2,200,0.95,0.940215,0.8661930693069309
MLPPlayer,100,1000,2,200,0.95,0.9442699999999999,0.8185148514851486
MLPPlayer,100,1000,2,200,0.95,0.9441699999999998,0.8437425742574258
MLPPlayer,100,1000,2,200,0.95,0.945605,0.8279752475247525
MLPPlayer,100,1000,2,200,0.95,0.9450599999999999,0.8212772277227725
MLPPlayer,100,1000,2,200,0.95,0.9366999999999999,0.872891089108911
MLPPlayer,100,1000,2,200,0.95,0.94209,0.8354653465346533
MLPPlayer,100,1000,2,200,0.95,0.9347150000000002,0.9010049504950495
MLPPlayer,100,1000,2,200,0.95,0.9405800000000001,0.843079207920792
MLPPlayer,100,1000,2,200,0.95,0.9419000000000001,0.8509207920792078
MLPPlayer,100,1000,2,200,0.95,0.9409299999999999,0.8426633663366335
MLPPlayer,100,1000,2,200,0.95,0.94259,0.8365445544554455
MLPPlayer,100,1000,2,200,0.95,0.9432400000000001,0.8594653465346536
MLPPlayer,100,1000,2,200,0.95,0.9497950000000001,0.7874405940594059
MLPPlayer,100,1000,2,200,0.95,0.9459100000000003,0.8317425742574256
MLPPlayer,100,1000,2,200,0.95,0.94627,0.8281683168316832
MLPPlayer,100,1000,2,200,0.95,0.9429849999999999,0.832410891089109
MLPPlayer,100,1000,2,200,0.95,0.944255,0.8390346534653464
MLPPlayer,100,1000,2,200,0.95,0.94378,0.822851485148515
MLPPlayer,100,1000,2,200,0.95,0.943905,0.8217475247524754
MLPPlayer,100,1000,2,200,0.95,0.9413750000000001,0.8593811881188119
MLPPlayer,100,1000,2,200,0.95,0.9468800000000002,0.8071188118811881
MLPPlayer,100,1000,2,200,0.95,0.9453299999999999,0.80819801980198
MLPPlayer,100,1000,2,200,0.95,0.9458449999999999,0.8300247524752475
MLPPlayer,100,1000,2,200,0.95,0.938405,0.8597970297029701
MLPPlayer,100,1000,2,200,0.95,0.938535,0.8518069306930695
MLPPlayer,100,1000,2,200,0.95,0.9420000000000002,0.8533267326732671
MLPPlayer,100,1000,2,200,0.95,0.94184,0.8284554455445544
MLPPlayer,100,1000,2,200,0.95,0.9434100000000001,0.8293663366336633
MLPPlayer,100,1000,2,200,0.95,0.9425549999999998,0.8562920792079208
MLPPlayer,100,1000,2,200,0.95,0.9411449999999999,0.8527970297029702
MLPPlayer,100,1000,2,200,0.95,0.94329,0.8423366336633664
MLPPlayer,100,1000,2,200,0.95,0.9407699999999999,0.87809900990099
MLPPlayer,100,1000,2,200,0.95,0.9424699999999997,0.8585445544554458
MLPPlayer,100,1000,2,200,0.95,0.9380999999999999,0.8577425742574258
MLPPlayer,100,1000,2,200,0.95,0.9446150000000002,0.8312623762376239
MLPPlayer,100,1000,2,200,0.95,0.9452299999999998,0.827950495049505
MLPPlayer,100,1000,2,200,0.95,0.940895,0.8483712871287129
MLPPlayer,100,1000,2,200,0.95,0.9448249999999999,0.8248564356435641
MLPPlayer,100,1000,2,200,0.95,0.9395,0.8556039603960396
MLPPlayer,100,1000,2,200,0.95,0.944185,0.8167475247524751
MLPPlayer,100,1000,2,200,0.95,0.942455,0.8290247524752473
MLPPlayer,100,1000,2,200,0.95,0.942195,0.8260940594059405
MLPPlayer,100,1000,2,200,0.95,0.9364500000000001,0.8694554455445545
MLPPlayer,100,1000,2,200,0.95,0.9383650000000001,0.8483811881188118
MLPPlayer,100,1000,2,200,0.95,0.9407799999999998,0.8434752475247524
MLPPlayer,100,1000,2,200,0.95,0.946855,0.8123118811881189
MLPPlayer,100,1000,2,200,0.95,0.9356700000000001,0.9046039603960395
MLPPlayer,100,1000,2,200,0.95,0.9371300000000001,0.8629306930693068
MLPPlayer,100,1000,2,200,0.95,0.9427399999999999,0.8465643564356435
MLPPlayer,100,1000,2,200,0.95,0.9377050000000001,0.8754702970297029
MLPPlayer,100,1000,2,200,0.95,0.9399600000000001,0.8450396039603963
MLPPlayer,100,1000,2,200,0.95,0.949265,0.81540099009901
MLPPlayer,100,1000,2,200,0.95,0.9393750000000002,0.8589158415841583
MLPPlayer,100,1000,2,200,0.95,0.9371200000000001,0.8942178217821782
MLPPlayer,100,1000,2,200,0.95,0.943005,0.8517376237623762
MLPPlayer,100,1000,2,200,0.95,0.942975,0.833410891089109
MLPPlayer,100,1000,2,200,0.95,0.9393499999999999,0.8748415841584156
MLPPlayer,100,1000,2,200,0.95,0.9403200000000003,0.8515445544554454
MLPPlayer,100,1000,2,200,0.95,0.936425,0.8707970297029703
MLPPlayer,100,1000,2,200,0.95,0.939475,0.8607475247524754
MLPPlayer,100,1000,2,200,0.95,0.9451799999999997,0.8074059405940592
MLPPlayer,100,1000,2,200,0.95,0.9452200000000001,0.8326930693069309
MLPPlayer,100,1000,2,200,0.95,0.945025,0.8315297029702972
MLPPlayer,100,1000,2,200,0.95,0.9409799999999997,0.8506732673267328
MLPPlayer,100,1000,2,200,0.95,0.9418300000000001,0.836267326732673
MLPPlayer,100,1000,2,200,0.95,0.9419700000000002,0.8422772277227722
MLPPlayer,100,1000,2,200,0.95,0.9499949999999999,0.7998366336633665
MLPPlayer,100,1000,2,200,0.95,0.9425349999999999,0.8365693069306931
MLPPlayer,100,1000,2,200,0.95,0.9394750000000001,0.8400841584158416
MLPPlayer,100,1000,2,200,0.95,0.941525,0.8549653465346535
MLPPlayer,100,1000,2,200,0.95,0.9538150000000001,0.7975495049504953
MLPPlayer,100,1000,2,200,0.95,0.9383049999999998,0.8497772277227724
MLPPlayer,100,1000,2,200,0.95,0.9426950000000001,0.8343910891089107
MLPPlayer,100,1000,2,200,0.95,0.9398600000000001,0.8536039603960394
MLPPlayer,100,1000,2,200,0.95,0.94056,0.8591980198019803
MLPPlayer,100,1000,2,200,0.95,0.9376099999999999,0.873049504950495
MLPPlayer,100,1000,2,200,0.95,0.9391700000000001,0.8472871287128713
MLPPlayer,100,1000,2,200,0.95,0.94596,0.8292574257425743
MLPPlayer,100,1000,2,200,0.95,0.9450799999999999,0.827148514851485
MLPPlayer,100,1000,2,200,0.95,0.943965,0.8315594059405942
MLPPlayer,100,1000,2,200,0.95,0.9442050000000001,0.8400148514851484
MLPPlayer,100,1000,2,200,0.95,0.94292,0.8354059405940595
MLPPlayer,100,1000,2,200,0.95,0.9397399999999999,0.8704752475247526
MLPPlayer,100,1000,2,200,0.95,0.9377150000000002,0.8848168316831684
MLPPlayer,100,1000,2,200,0.95,0.9424849999999998,0.8317673267326731
MLPPlayer,100,1000,2,200,0.95,0.939785,0.8537475247524752
MLPPlayer,100,1000,2,200,0.95,0.9377099999999998,0.8708118811881189
MLPPlayer,100,1000,2,200,0.95,0.9388299999999999,0.8545445544554454
MLPPlayer,100,1000,2,200,0.95,0.939435,0.8525891089108911
MLPPlayer,100,1000,2,200,0.95,0.9452349999999999,0.8355000000000002
MLPPlayer,100,1000,2,200,0.95,0.9427900000000002,0.8395940594059403
MLPPlayer,100,1000,2,200,0.95,0.945675,0.8152524752475248
MLPPlayer,100,1000,2,200,0.95,0.94485,0.8278217821782178
MLPPlayer,100,1000,2,200,0.95,0.9435399999999998,0.8307227722772279
MLPPlayer,100,1000,2,200,0.95,0.941315,0.8547376237623762
MLPPlayer,100,1000,2,200,0.95,0.941135,0.8719356435643565
MLPPlayer,100,1000,2,200,0.95,0.9388550000000001,0.8614306930693069
