algorithm,n_generations,n_states,n_signals,n_samples,threshold,1(g)max,2(g)min,V(g)min,V(g)max,dist
SigmoidPlayer,100,1000,2,200,0.5,529,538,534,535,1
SigmoidPlayer,100,1000,2,200,0.5,568,581,575,576,1
SigmoidPlayer,100,1000,2,200,0.5,523,532,528,529,1
SigmoidPlayer,100,1000,2,200,0.5,527,534,531,532,1
SigmoidPlayer,100,1000,2,200,0.5,572,582,577,578,1
SigmoidPlayer,100,1000,2,200,0.5,547,566,557,558,1
SigmoidPlayer,100,1000,2,200,0.5,596,603,600,601,1
SigmoidPlayer,100,1000,2,200,0.5,571,588,580,581,1
SigmoidPlayer,100,1000,2,200,0.5,568,574,571,572,1
SigmoidPlayer,100,1000,2,200,0.5,565,571,568,569,1
SigmoidPlayer,100,1000,2,200,0.5,509,526,518,519,1
SigmoidPlayer,100,1000,2,200,0.5,550,555,553,554,1
SigmoidPlayer,100,1000,2,200,0.5,534,540,537,538,1
SigmoidPlayer,100,1000,2,200,0.5,603,612,608,609,1
SigmoidPlayer,100,1000,2,200,0.5,563,585,574,575,1
SigmoidPlayer,100,1000,2,200,0.5,524,541,533,534,1
SigmoidPlayer,100,1000,2,200,0.5,530,554,542,543,1
SigmoidPlayer,100,1000,2,200,0.5,540,542,541,542,1
SigmoidPlayer,100,1000,2,200,0.5,577,584,581,582,1
SigmoidPlayer,100,1000,2,200,0.5,544,550,547,548,1
SigmoidPlayer,100,1000,2,200,0.5,604,607,606,607,1
SigmoidPlayer,100,1000,2,200,0.5,565,580,573,574,1
SigmoidPlayer,100,1000,2,200,0.5,618,623,621,622,1
SigmoidPlayer,100,1000,2,200,0.5,559,583,571,572,1
SigmoidPlayer,100,1000,2,200,0.5,513,514,513,514,1
SigmoidPlayer,100,1000,2,200,0.5,609,615,612,613,1
SigmoidPlayer,100,1000,2,200,0.5,603,614,609,610,1
SigmoidPlayer,100,1000,2,200,0.5,561,578,570,571,1
SigmoidPlayer,100,1000,2,200,0.5,596,614,605,606,1
SigmoidPlayer,100,1000,2,200,0.5,583,593,588,589,1
SigmoidPlayer,100,1000,2,200,0.5,553,568,561,562,1
SigmoidPlayer,100,1000,2,200,0.5,569,571,570,571,1
SigmoidPlayer,100,1000,2,200,0.5,578,591,585,586,1
SigmoidPlayer,100,1000,2,200,0.5,531,544,538,539,1
SigmoidPlayer,100,1000,2,200,0.5,618,623,621,622,1
SigmoidPlayer,100,1000,2,200,0.5,549,560,555,556,1
SigmoidPlayer,100,1000,2,200,0.5,587,594,591,592,1
SigmoidPlayer,100,1000,2,200,0.5,545,558,552,553,1
SigmoidPlayer,100,1000,2,200,0.5,541,548,545,546,1
SigmoidPlayer,100,1000,2,200,0.5,612,614,613,614,1
SigmoidPlayer,100,1000,2,200,0.5,556,566,561,562,1
SigmoidPlayer,100,1000,2,200,0.5,559,567,563,564,1
SigmoidPlayer,100,1000,2,200,0.5,622,623,622,623,1
SigmoidPlayer,100,1000,2,200,0.5,592,596,594,595,1
SigmoidPlayer,100,1000,2,200,0.5,598,609,604,605,1
SigmoidPlayer,100,1000,2,200,0.5,545,553,549,550,1
SigmoidPlayer,100,1000,2,200,0.5,586,590,588,589,1
SigmoidPlayer,100,1000,2,200,0.5,653,661,657,658,1
SigmoidPlayer,100,1000,2,200,0.5,523,530,527,528,1
SigmoidPlayer,100,1000,2,200,0.5,560,563,562,563,1
SigmoidPlayer,100,1000,2,200,0.5,575,580,578,579,1
SigmoidPlayer,100,1000,2,200,0.5,631,634,633,634,1
SigmoidPlayer,100,1000,2,200,0.5,588,602,595,596,1
SigmoidPlayer,100,1000,2,200,0.5,628,638,633,634,1
SigmoidPlayer,100,1000,2,200,0.5,601,605,603,604,1
SigmoidPlayer,100,1000,2,200,0.5,568,570,569,570,1
SigmoidPlayer,100,1000,2,200,0.5,519,523,521,522,1
SigmoidPlayer,100,1000,2,200,0.5,561,571,566,567,1
SigmoidPlayer,100,1000,2,200,0.5,604,610,607,608,1
SigmoidPlayer,100,1000,2,200,0.5,544,550,547,548,1
SigmoidPlayer,100,1000,2,200,0.5,565,569,567,568,1
SigmoidPlayer,100,1000,2,200,0.5,561,571,566,567,1
SigmoidPlayer,100,1000,2,200,0.5,575,584,580,581,1
SigmoidPlayer,100,1000,2,200,0.5,591,596,594,595,1
SigmoidPlayer,100,1000,2,200,0.5,607,612,610,611,1
SigmoidPlayer,100,1000,2,200,0.5,543,585,564,565,1
SigmoidPlayer,100,1000,2,200,0.5,587,589,588,589,1
SigmoidPlayer,100,1000,2,200,0.5,535,552,544,545,1
SigmoidPlayer,100,1000,2,200,0.5,549,554,552,553,1
SigmoidPlayer,100,1000,2,200,0.5,620,629,625,626,1
SigmoidPlayer,100,1000,2,200,0.5,563,574,569,570,1
SigmoidPlayer,100,1000,2,200,0.5,617,623,620,621,1
SigmoidPlayer,100,1000,2,200,0.5,593,598,596,597,1
SigmoidPlayer,100,1000,2,200,0.5,577,601,589,590,1
SigmoidPlayer,100,1000,2,200,0.5,597,600,599,600,1
SigmoidPlayer,100,1000,2,200,0.5,548,559,554,555,1
SigmoidPlayer,100,1000,2,200,0.5,569,577,573,574,1
SigmoidPlayer,100,1000,2,200,0.5,551,553,552,553,1
SigmoidPlayer,100,1000,2,200,0.5,532,557,545,546,1
SigmoidPlayer,100,1000,2,200,0.5,568,576,572,573,1
SigmoidPlayer,100,1000,2,200,0.5,581,589,585,586,1
SigmoidPlayer,100,1000,2,200,0.5,574,579,577,578,1
SigmoidPlayer,100,1000,2,200,0.5,524,532,528,529,1
SigmoidPlayer,100,1000,2,200,0.5,574,577,576,577,1
SigmoidPlayer,100,1000,2,200,0.5,582,588,585,586,1
SigmoidPlayer,100,1000,2,200,0.5,529,532,531,532,1
SigmoidPlayer,100,1000,2,200,0.5,592,607,600,601,1
SigmoidPlayer,100,1000,2,200,0.5,601,613,607,608,1
SigmoidPlayer,100,1000,2,200,0.5,533,537,535,536,1
SigmoidPlayer,100,1000,2,200,0.5,518,538,528,529,1
SigmoidPlayer,100,1000,2,200,0.5,533,539,536,537,1
SigmoidPlayer,100,1000,2,200,0.5,497,512,505,506,1
SigmoidPlayer,100,1000,2,200,0.5,510,534,522,523,1
SigmoidPlayer,100,1000,2,200,0.5,553,557,555,556,1
SigmoidPlayer,100,1000,2,200,0.5,627,642,635,636,1
SigmoidPlayer,100,1000,2,200,0.5,550,551,550,551,1
SigmoidPlayer,100,1000,2,200,0.5,557,570,564,565,1
SigmoidPlayer,100,1000,2,200,0.5,575,585,580,581,1
SigmoidPlayer,100,1000,2,200,0.5,588,592,590,591,1
SigmoidPlayer,100,1000,2,200,0.5,517,521,519,520,1
LRPlayer,100,1000,2,200,0.5,518,522,520,521,1
LRPlayer,100,1000,2,200,0.5,524,529,526,527,1
LRPlayer,100,1000,2,200,0.5,481,498,489,490,1
LRPlayer,100,1000,2,200,0.5,516,524,519,520,1
LRPlayer,100,1000,2,200,0.5,483,487,485,486,1
LRPlayer,100,1000,2,200,0.5,495,510,502,503,1
LRPlayer,100,1000,2,200,0.5,575,588,581,582,1
LRPlayer,100,1000,2,200,0.5,501,514,507,508,1
LRPlayer,100,1000,2,200,0.5,409,414,411,412,1
LRPlayer,100,1000,2,200,0.5,516,526,520,521,1
LRPlayer,100,1000,2,200,0.5,549,551,549,550,1
LRPlayer,100,1000,2,200,0.5,452,455,453,454,1
LRPlayer,100,1000,2,200,0.5,491,513,501,502,1
LRPlayer,100,1000,2,200,0.5,478,481,479,480,1
LRPlayer,100,1000,2,200,0.5,556,564,559,560,1
LRPlayer,100,1000,2,200,0.5,507,511,509,510,1
LRPlayer,100,1000,2,200,0.5,459,462,460,461,1
LRPlayer,100,1000,2,200,0.5,513,529,521,522,1
LRPlayer,100,1000,2,200,0.5,559,566,562,563,1
LRPlayer,100,1000,2,200,0.5,514,534,523,524,1
LRPlayer,100,1000,2,200,0.5,445,456,450,451,1
LRPlayer,100,1000,2,200,0.5,523,525,524,525,1
LRPlayer,100,1000,2,200,0.5,537,543,539,540,1
LRPlayer,100,1000,2,200,0.5,486,493,489,490,1
LRPlayer,100,1000,2,200,0.5,518,523,520,521,1
LRPlayer,100,1000,2,200,0.5,450,468,459,460,1
LRPlayer,100,1000,2,200,0.5,390,399,394,395,1
LRPlayer,100,1000,2,200,0.5,449,455,451,452,1
LRPlayer,100,1000,2,200,0.5,487,490,488,489,1
LRPlayer,100,1000,2,200,0.5,506,512,508,509,1
LRPlayer,100,1000,2,200,0.5,459,473,465,466,1
LRPlayer,100,1000,2,200,0.5,490,502,496,497,1
LRPlayer,100,1000,2,200,0.5,495,506,500,501,1
LRPlayer,100,1000,2,200,0.5,500,505,502,503,1
LRPlayer,100,1000,2,200,0.5,499,503,500,501,1
LRPlayer,100,1000,2,200,0.5,484,497,490,491,1
LRPlayer,100,1000,2,200,0.5,460,463,461,462,1
LRPlayer,100,1000,2,200,0.5,540,552,545,546,1
LRPlayer,100,1000,2,200,0.5,518,522,520,521,1
LRPlayer,100,1000,2,200,0.5,464,469,466,467,1
LRPlayer,100,1000,2,200,0.5,504,511,507,508,1
LRPlayer,100,1000,2,200,0.5,492,503,497,498,1
LRPlayer,100,1000,2,200,0.5,480,488,483,484,1
LRPlayer,100,1000,2,200,0.5,526,528,526,527,1
LRPlayer,100,1000,2,200,0.5,520,522,520,521,1
LRPlayer,100,1000,2,200,0.5,476,484,479,480,1
LRPlayer,100,1000,2,200,0.5,536,538,536,537,1
LRPlayer,100,1000,2,200,0.5,541,548,544,545,1
LRPlayer,100,1000,2,200,0.5,435,444,439,440,1
LRPlayer,100,1000,2,200,0.5,450,460,455,456,1
LRPlayer,100,1000,2,200,0.5,495,508,501,502,1
LRPlayer,100,1000,2,200,0.5,487,500,494,495,1
LRPlayer,100,1000,2,200,0.5,488,490,489,490,1
LRPlayer,100,1000,2,200,0.5,504,515,509,510,1
LRPlayer,100,1000,2,200,0.5,413,423,418,419,1
LRPlayer,100,1000,2,200,0.5,461,480,470,471,1
LRPlayer,100,1000,2,200,0.5,479,490,484,485,1
LRPlayer,100,1000,2,200,0.5,483,495,489,490,1
LRPlayer,100,1000,2,200,0.5,537,541,538,539,1
LRPlayer,100,1000,2,200,0.5,507,515,511,512,1
LRPlayer,100,1000,2,200,0.5,483,509,496,497,1
LRPlayer,100,1000,2,200,0.5,502,512,507,508,1
LRPlayer,100,1000,2,200,0.5,501,514,507,508,1
LRPlayer,100,1000,2,200,0.5,565,573,569,570,1
LRPlayer,100,1000,2,200,0.5,516,535,525,526,1
LRPlayer,100,1000,2,200,0.5,431,446,438,439,1
LRPlayer,100,1000,2,200,0.5,533,539,535,536,1
LRPlayer,100,1000,2,200,0.5,425,433,429,430,1
LRPlayer,100,1000,2,200,0.5,478,483,480,481,1
LRPlayer,100,1000,2,200,0.5,470,476,473,474,1
LRPlayer,100,1000,2,200,0.5,506,518,512,513,1
LRPlayer,100,1000,2,200,0.5,466,483,474,475,1
LRPlayer,100,1000,2,200,0.5,474,488,480,481,1
LRPlayer,100,1000,2,200,0.5,482,486,484,485,1
LRPlayer,100,1000,2,200,0.5,486,492,489,490,1
LRPlayer,100,1000,2,200,0.5,498,503,500,501,1
LRPlayer,100,1000,2,200,0.5,503,506,504,505,1
LRPlayer,100,1000,2,200,0.5,508,520,513,514,1
LRPlayer,100,1000,2,200,0.5,478,488,483,484,1
LRPlayer,100,1000,2,200,0.5,455,457,456,457,1
LRPlayer,100,1000,2,200,0.5,504,522,513,514,1
LRPlayer,100,1000,2,200,0.5,501,503,501,502,1
LRPlayer,100,1000,2,200,0.5,499,508,503,504,1
LRPlayer,100,1000,2,200,0.5,533,554,543,544,1
LRPlayer,100,1000,2,200,0.5,567,570,568,569,1
LRPlayer,100,1000,2,200,0.5,515,521,518,519,1
LRPlayer,100,1000,2,200,0.5,481,496,488,489,1
LRPlayer,100,1000,2,200,0.5,504,516,509,510,1
LRPlayer,100,1000,2,200,0.5,477,483,480,481,1
LRPlayer,100,1000,2,200,0.5,497,506,501,502,1
LRPlayer,100,1000,2,200,0.5,503,510,506,507,1
LRPlayer,100,1000,2,200,0.5,471,477,474,475,1
LRPlayer,100,1000,2,200,0.5,484,500,492,493,1
LRPlayer,100,1000,2,200,0.5,482,495,488,489,1
LRPlayer,100,1000,2,200,0.5,433,447,439,440,1
LRPlayer,100,1000,2,200,0.5,481,504,492,493,1
LRPlayer,100,1000,2,200,0.5,513,519,515,516,1
LRPlayer,100,1000,2,200,0.5,492,494,492,493,1
LRPlayer,100,1000,2,200,0.5,462,472,466,467,1
LRPlayer,100,1000,2,200,0.5,509,514,511,512,1
MLPPlayer,100,1000,2,200,0.5,489,498,494,495,1
MLPPlayer,100,1000,2,200,0.5,470,474,469,470,1
MLPPlayer,100,1000,2,200,0.5,445,450,444,445,1
MLPPlayer,100,1000,2,200,0.5,450,461,456,457,1
MLPPlayer,100,1000,2,200,0.5,405,408,408,409,1
MLPPlayer,100,1000,2,200,0.5,451,456,454,455,1
MLPPlayer,100,1000,2,200,0.5,422,436,425,426,1
MLPPlayer,100,1000,2,200,0.5,432,442,436,437,1
MLPPlayer,100,1000,2,200,0.5,466,470,467,468,1
MLPPlayer,100,1000,2,200,0.5,496,497,500,501,1
MLPPlayer,100,1000,2,200,0.5,456,462,450,451,1
MLPPlayer,100,1000,2,200,0.5,373,403,385,386,1
MLPPlayer,100,1000,2,200,0.5,365,378,369,370,1
MLPPlayer,100,1000,2,200,0.5,444,447,448,449,1
MLPPlayer,100,1000,2,200,0.5,400,410,405,406,1
MLPPlayer,100,1000,2,200,0.5,437,448,443,444,1
MLPPlayer,100,1000,2,200,0.5,405,413,408,409,1
MLPPlayer,100,1000,2,200,0.5,385,390,386,387,1
MLPPlayer,100,1000,2,200,0.5,413,418,411,412,1
MLPPlayer,100,1000,2,200,0.5,317,321,323,324,1
MLPPlayer,100,1000,2,200,0.5,462,469,462,463,1
MLPPlayer,100,1000,2,200,0.5,460,478,465,466,1
MLPPlayer,100,1000,2,200,0.5,390,393,387,388,1
MLPPlayer,100,1000,2,200,0.5,446,451,450,451,1
MLPPlayer,100,1000,2,200,0.5,429,435,431,432,1
MLPPlayer,100,1000,2,200,0.5,461,465,463,464,1
MLPPlayer,100,1000,2,200,0.5,455,477,466,467,1
MLPPlayer,100,1000,2,200,0.5,433,438,435,436,1
MLPPlayer,100,1000,2,200,0.5,379,398,386,387,1
MLPPlayer,100,1000,2,200,0.5,392,402,388,389,1
MLPPlayer,100,1000,2,200,0.5,400,413,402,403,1
MLPPlayer,100,1000,2,200,0.5,373,378,377,378,1
MLPPlayer,100,1000,2,200,0.5,422,430,432,433,1
MLPPlayer,100,1000,2,200,0.5,436,452,440,441,1
MLPPlayer,100,1000,2,200,0.5,444,454,450,451,1
MLPPlayer,100,1000,2,200,0.5,410,418,416,417,1
MLPPlayer,100,1000,2,200,0.5,459,478,461,462,1
MLPPlayer,100,1000,2,200,0.5,434,436,430,431,1
MLPPlayer,100,1000,2,200,0.5,363,373,363,364,1
MLPPlayer,100,1000,2,200,0.5,428,429,431,432,1
MLPPlayer,100,1000,2,200,0.5,445,466,445,446,1
MLPPlayer,100,1000,2,200,0.5,361,364,363,364,1
MLPPlayer,100,1000,2,200,0.5,365,368,370,371,1
MLPPlayer,100,1000,2,200,0.5,397,401,400,401,1
MLPPlayer,100,1000,2,200,0.5,439,445,441,442,1
MLPPlayer,100,1000,2,200,0.5,496,498,495,496,1
MLPPlayer,100,1000,2,200,0.5,291,298,296,297,1
MLPPlayer,100,1000,2,200,0.5,381,388,381,382,1
MLPPlayer,100,1000,2,200,0.5,402,416,408,409,1
MLPPlayer,100,1000,2,200,0.5,491,497,506,507,1
MLPPlayer,100,1000,2,200,0.5,424,430,427,428,1
MLPPlayer,100,1000,2,200,0.5,376,392,382,383,1
MLPPlayer,100,1000,2,200,0.5,497,514,505,506,1
MLPPlayer,100,1000,2,200,0.5,404,417,407,408,1
MLPPlayer,100,1000,2,200,0.5,427,443,432,433,1
MLPPlayer,100,1000,2,200,0.5,461,464,462,463,1
MLPPlayer,100,1000,2,200,0.5,441,465,454,455,1
MLPPlayer,100,1000,2,200,0.5,467,472,473,474,1
MLPPlayer,100,1000,2,200,0.5,438,443,441,442,1
MLPPlayer,100,1000,2,200,0.5,342,355,345,346,1
MLPPlayer,100,1000,2,200,0.5,476,486,481,482,1
MLPPlayer,100,1000,2,200,0.5,419,421,418,419,1
MLPPlayer,100,1000,2,200,0.5,427,431,430,431,1
MLPPlayer,100,1000,2,200,0.5,332,337,335,336,1
MLPPlayer,100,1000,2,200,0.5,444,458,448,449,1
MLPPlayer,100,1000,2,200,0.5,391,393,391,392,1
MLPPlayer,100,1000,2,200,0.5,438,453,442,443,1
MLPPlayer,100,1000,2,200,0.5,446,470,456,457,1
MLPPlayer,100,1000,2,200,0.5,450,454,453,454,1
MLPPlayer,100,1000,2,200,0.5,404,411,411,412,1
MLPPlayer,100,1000,2,200,0.5,489,490,489,490,1
MLPPlayer,100,1000,2,200,0.5,488,496,489,490,1
MLPPlayer,100,1000,2,200,0.5,474,479,476,477,1
MLPPlayer,100,1000,2,200,0.5,442,445,434,435,1
MLPPlayer,100,1000,2,200,0.5,472,485,476,477,1
MLPPlayer,100,1000,2,200,0.5,493,504,501,502,1
MLPPlayer,100,1000,2,200,0.5,446,451,447,448,1
MLPPlayer,100,1000,2,200,0.5,317,337,328,329,1
MLPPlayer,100,1000,2,200,0.5,315,318,319,320,1
MLPPlayer,100,1000,2,200,0.5,352,363,356,357,1
MLPPlayer,100,1000,2,200,0.5,393,396,392,393,1
MLPPlayer,100,1000,2,200,0.5,410,420,412,413,1
MLPPlayer,100,1000,2,200,0.5,452,466,454,455,1
MLPPlayer,100,1000,2,200,0.5,479,487,478,479,1
MLPPlayer,100,1000,2,200,0.5,422,426,422,423,1
MLPPlayer,100,1000,2,200,0.5,419,423,420,421,1
MLPPlayer,100,1000,2,200,0.5,435,446,444,445,1
MLPPlayer,100,1000,2,200,0.5,384,407,390,391,1
MLPPlayer,100,1000,2,200,0.5,481,491,486,487,1
MLPPlayer,100,1000,2,200,0.5,450,457,457,458,1
MLPPlayer,100,1000,2,200,0.5,379,388,383,384,1
MLPPlayer,100,1000,2,200,0.5,416,420,414,415,1
MLPPlayer,100,1000,2,200,0.5,432,436,434,435,1
MLPPlayer,100,1000,2,200,0.5,468,474,471,472,1
MLPPlayer,100,1000,2,200,0.5,459,467,462,463,1
MLPPlayer,100,1000,2,200,0.5,441,448,442,443,1
MLPPlayer,100,1000,2,200,0.5,407,412,419,420,1
LinearFunctionPlayer,100,1000,2,200,0.5,475,484,479,480,1
LinearFunctionPlayer,100,1000,2,200,0.5,451,457,454,455,1
LinearFunctionPlayer,100,1000,2,200,0.5,533,539,536,537,1
LinearFunctionPlayer,100,1000,2,200,0.5,497,501,499,500,1
LinearFunctionPlayer,100,1000,2,200,0.5,498,520,509,510,1
LinearFunctionPlayer,100,1000,2,200,0.5,495,500,497,498,1
LinearFunctionPlayer,100,1000,2,200,0.5,488,491,489,490,1
LinearFunctionPlayer,100,1000,2,200,0.5,501,514,507,508,1
LinearFunctionPlayer,100,1000,2,200,0.5,499,500,499,500,1
LinearFunctionPlayer,100,1000,2,200,0.5,551,556,553,554,1
LinearFunctionPlayer,100,1000,2,200,0.5,498,513,505,506,1
LinearFunctionPlayer,100,1000,2,200,0.5,594,603,598,599,1
LinearFunctionPlayer,100,1000,2,200,0.5,538,545,541,542,1
LinearFunctionPlayer,100,1000,2,200,0.5,515,525,520,521,1
LinearFunctionPlayer,100,1000,2,200,0.5,533,542,537,538,1
LinearFunctionPlayer,100,1000,2,200,0.5,433,442,437,438,1
LinearFunctionPlayer,100,1000,2,200,0.5,498,506,502,503,1
LinearFunctionPlayer,100,1000,2,200,0.5,551,558,554,555,1
LinearFunctionPlayer,100,1000,2,200,0.5,516,518,517,518,1
LinearFunctionPlayer,100,1000,2,200,0.5,498,502,500,501,1
LinearFunctionPlayer,100,1000,2,200,0.5,528,536,532,533,1
LinearFunctionPlayer,100,1000,2,200,0.5,526,528,527,528,1
LinearFunctionPlayer,100,1000,2,200,0.5,531,549,540,541,1
LinearFunctionPlayer,100,1000,2,200,0.5,506,512,509,510,1
LinearFunctionPlayer,100,1000,2,200,0.5,519,520,519,520,1
LinearFunctionPlayer,100,1000,2,200,0.5,555,558,556,557,1
LinearFunctionPlayer,100,1000,2,200,0.5,528,536,532,533,1
LinearFunctionPlayer,100,1000,2,200,0.5,531,538,534,535,1
LinearFunctionPlayer,100,1000,2,200,0.5,516,538,527,528,1
LinearFunctionPlayer,100,1000,2,200,0.5,527,534,530,531,1
LinearFunctionPlayer,100,1000,2,200,0.5,568,579,573,574,1
LinearFunctionPlayer,100,1000,2,200,0.5,542,546,544,545,1
LinearFunctionPlayer,100,1000,2,200,0.5,481,486,483,484,1
LinearFunctionPlayer,100,1000,2,200,0.5,576,587,581,582,1
LinearFunctionPlayer,100,1000,2,200,0.5,509,511,510,511,1
LinearFunctionPlayer,100,1000,2,200,0.5,563,568,565,566,1
LinearFunctionPlayer,100,1000,2,200,0.5,549,553,551,552,1
LinearFunctionPlayer,100,1000,2,200,0.5,570,572,571,572,1
LinearFunctionPlayer,100,1000,2,200,0.5,525,526,525,526,1
LinearFunctionPlayer,100,1000,2,200,0.5,559,561,560,561,1
LinearFunctionPlayer,100,1000,2,200,0.5,538,541,539,540,1
LinearFunctionPlayer,100,1000,2,200,0.5,555,564,559,560,1
LinearFunctionPlayer,100,1000,2,200,0.5,499,507,503,504,1
LinearFunctionPlayer,100,1000,2,200,0.5,491,515,503,504,1
LinearFunctionPlayer,100,1000,2,200,0.5,609,613,611,612,1
LinearFunctionPlayer,100,1000,2,200,0.5,583,599,591,592,1
LinearFunctionPlayer,100,1000,2,200,0.5,463,470,466,467,1
LinearFunctionPlayer,100,1000,2,200,0.5,506,510,508,509,1
LinearFunctionPlayer,100,1000,2,200,0.5,489,504,496,497,1
LinearFunctionPlayer,100,1000,2,200,0.5,524,526,525,526,1
LinearFunctionPlayer,100,1000,2,200,0.5,503,506,504,505,1
LinearFunctionPlayer,100,1000,2,200,0.5,468,490,479,480,1
LinearFunctionPlayer,100,1000,2,200,0.5,538,549,543,544,1
LinearFunctionPlayer,100,1000,2,200,0.5,497,506,501,502,1
LinearFunctionPlayer,100,1000,2,200,0.5,508,516,512,513,1
LinearFunctionPlayer,100,1000,2,200,0.5,546,557,551,552,1
LinearFunctionPlayer,100,1000,2,200,0.5,522,530,526,527,1
LinearFunctionPlayer,100,1000,2,200,0.5,577,582,579,580,1
LinearFunctionPlayer,100,1000,2,200,0.5,518,529,523,524,1
LinearFunctionPlayer,100,1000,2,200,0.5,480,481,480,481,1
LinearFunctionPlayer,100,1000,2,200,0.5,577,580,578,579,1
LinearFunctionPlayer,100,1000,2,200,0.5,455,458,456,457,1
LinearFunctionPlayer,100,1000,2,200,0.5,537,545,541,542,1
LinearFunctionPlayer,100,1000,2,200,0.5,556,563,559,560,1
LinearFunctionPlayer,100,1000,2,200,0.5,546,561,553,554,1
LinearFunctionPlayer,100,1000,2,200,0.5,519,533,526,527,1
LinearFunctionPlayer,100,1000,2,200,0.5,492,494,493,494,1
LinearFunctionPlayer,100,1000,2,200,0.5,484,489,486,487,1
LinearFunctionPlayer,100,1000,2,200,0.5,584,588,586,587,1
LinearFunctionPlayer,100,1000,2,200,0.5,531,537,534,535,1
LinearFunctionPlayer,100,1000,2,200,0.5,520,523,521,522,1
LinearFunctionPlayer,100,1000,2,200,0.5,461,486,473,474,1
LinearFunctionPlayer,100,1000,2,200,0.5,534,535,534,535,1
LinearFunctionPlayer,100,1000,2,200,0.5,496,500,498,499,1
LinearFunctionPlayer,100,1000,2,200,0.5,521,530,525,526,1
LinearFunctionPlayer,100,1000,2,200,0.5,521,539,530,531,1
LinearFunctionPlayer,100,1000,2,200,0.5,475,484,479,480,1
LinearFunctionPlayer,100,1000,2,200,0.5,557,561,559,560,1
LinearFunctionPlayer,100,1000,2,200,0.5,471,481,476,477,1
LinearFunctionPlayer,100,1000,2,200,0.5,551,556,553,554,1
LinearFunctionPlayer,100,1000,2,200,0.5,492,495,493,494,1
LinearFunctionPlayer,100,1000,2,200,0.5,518,542,530,531,1
LinearFunctionPlayer,100,1000,2,200,0.5,495,497,496,497,1
LinearFunctionPlayer,100,1000,2,200,0.5,536,540,538,539,1
LinearFunctionPlayer,100,1000,2,200,0.5,512,521,516,517,1
LinearFunctionPlayer,100,1000,2,200,0.5,527,534,530,531,1
LinearFunctionPlayer,100,1000,2,200,0.5,525,528,526,527,1
LinearFunctionPlayer,100,1000,2,200,0.5,551,571,561,562,1
LinearFunctionPlayer,100,1000,2,200,0.5,498,512,505,506,1
LinearFunctionPlayer,100,1000,2,200,0.5,550,552,551,552,1
LinearFunctionPlayer,100,1000,2,200,0.5,503,512,507,508,1
LinearFunctionPlayer,100,1000,2,200,0.5,514,519,516,517,1
LinearFunctionPlayer,100,1000,2,200,0.5,506,514,510,511,1
LinearFunctionPlayer,100,1000,2,200,0.5,474,480,477,478,1
LinearFunctionPlayer,100,1000,2,200,0.5,504,510,507,508,1
LinearFunctionPlayer,100,1000,2,200,0.5,470,479,474,475,1
LinearFunctionPlayer,100,1000,2,200,0.5,550,552,551,552,1
LinearFunctionPlayer,100,1000,2,200,0.5,489,493,491,492,1
LinearFunctionPlayer,100,1000,2,200,0.5,521,527,524,525,1
LinearFunctionPlayer,100,1000,2,200,0.5,444,446,445,446,1
SigmoidPlayer,100,1000,2,200,0.55,470,503,486,488,2
SigmoidPlayer,100,1000,2,200,0.55,498,502,499,501,2
SigmoidPlayer,100,1000,2,200,0.55,500,523,511,513,2
SigmoidPlayer,100,1000,2,200,0.55,529,535,531,533,2
SigmoidPlayer,100,1000,2,200,0.55,523,540,531,533,2
SigmoidPlayer,100,1000,2,200,0.55,555,565,559,561,2
SigmoidPlayer,100,1000,2,200,0.55,525,535,529,531,2
SigmoidPlayer,100,1000,2,200,0.55,513,520,516,518,2
SigmoidPlayer,100,1000,2,200,0.55,509,513,510,512,2
SigmoidPlayer,100,1000,2,200,0.55,552,563,557,559,2
SigmoidPlayer,100,1000,2,200,0.55,460,482,470,472,2
SigmoidPlayer,100,1000,2,200,0.55,485,491,487,489,2
SigmoidPlayer,100,1000,2,200,0.55,503,528,515,517,2
SigmoidPlayer,100,1000,2,200,0.55,526,531,528,530,2
SigmoidPlayer,100,1000,2,200,0.55,540,543,541,543,2
SigmoidPlayer,100,1000,2,200,0.55,506,515,510,512,2
SigmoidPlayer,100,1000,2,200,0.55,535,540,537,539,2
SigmoidPlayer,100,1000,2,200,0.55,513,528,520,522,2
SigmoidPlayer,100,1000,2,200,0.55,534,539,536,538,2
SigmoidPlayer,100,1000,2,200,0.55,561,575,567,569,2
SigmoidPlayer,100,1000,2,200,0.55,525,531,527,529,2
SigmoidPlayer,100,1000,2,200,0.55,556,558,556,558,2
SigmoidPlayer,100,1000,2,200,0.55,515,522,518,520,2
SigmoidPlayer,100,1000,2,200,0.55,526,532,528,530,2
SigmoidPlayer,100,1000,2,200,0.55,477,483,479,481,2
SigmoidPlayer,100,1000,2,200,0.55,490,498,493,495,2
SigmoidPlayer,100,1000,2,200,0.55,497,504,500,502,2
SigmoidPlayer,100,1000,2,200,0.55,523,529,525,527,2
SigmoidPlayer,100,1000,2,200,0.55,487,498,492,494,2
SigmoidPlayer,100,1000,2,200,0.55,548,555,551,553,2
SigmoidPlayer,100,1000,2,200,0.55,492,496,493,495,2
SigmoidPlayer,100,1000,2,200,0.55,523,534,528,530,2
SigmoidPlayer,100,1000,2,200,0.55,536,541,538,540,2
SigmoidPlayer,100,1000,2,200,0.55,553,558,555,557,2
SigmoidPlayer,100,1000,2,200,0.55,566,579,572,574,2
SigmoidPlayer,100,1000,2,200,0.55,549,557,552,554,2
SigmoidPlayer,100,1000,2,200,0.55,528,540,533,535,2
SigmoidPlayer,100,1000,2,200,0.55,500,521,510,512,2
SigmoidPlayer,100,1000,2,200,0.55,541,545,542,544,2
SigmoidPlayer,100,1000,2,200,0.55,507,509,507,509,2
SigmoidPlayer,100,1000,2,200,0.55,557,566,561,563,2
SigmoidPlayer,100,1000,2,200,0.55,507,514,510,512,2
SigmoidPlayer,100,1000,2,200,0.55,491,507,498,500,2
SigmoidPlayer,100,1000,2,200,0.55,536,549,542,544,2
SigmoidPlayer,100,1000,2,200,0.55,563,578,570,572,2
SigmoidPlayer,100,1000,2,200,0.55,515,521,517,519,2
SigmoidPlayer,100,1000,2,200,0.55,581,585,582,584,2
SigmoidPlayer,100,1000,2,200,0.55,404,421,412,414,2
SigmoidPlayer,100,1000,2,200,0.55,492,498,494,496,2
SigmoidPlayer,100,1000,2,200,0.55,576,583,579,581,2
SigmoidPlayer,100,1000,2,200,0.55,476,483,479,481,2
SigmoidPlayer,100,1000,2,200,0.55,485,494,489,491,2
SigmoidPlayer,100,1000,2,200,0.55,534,539,536,538,2
SigmoidPlayer,100,1000,2,200,0.55,524,534,528,530,2
SigmoidPlayer,100,1000,2,200,0.55,532,535,533,535,2
SigmoidPlayer,100,1000,2,200,0.55,522,529,525,527,2
SigmoidPlayer,100,1000,2,200,0.55,553,559,555,557,2
SigmoidPlayer,100,1000,2,200,0.55,476,481,478,480,2
SigmoidPlayer,100,1000,2,200,0.55,558,569,563,565,2
SigmoidPlayer,100,1000,2,200,0.55,466,484,474,476,2
SigmoidPlayer,100,1000,2,200,0.55,532,556,543,545,2
SigmoidPlayer,100,1000,2,200,0.55,578,582,579,581,2
SigmoidPlayer,100,1000,2,200,0.55,526,532,528,530,2
SigmoidPlayer,100,1000,2,200,0.55,591,597,593,595,2
SigmoidPlayer,100,1000,2,200,0.55,505,523,513,515,2
SigmoidPlayer,100,1000,2,200,0.55,447,450,448,450,2
SigmoidPlayer,100,1000,2,200,0.55,509,514,511,513,2
SigmoidPlayer,100,1000,2,200,0.55,579,585,581,583,2
SigmoidPlayer,100,1000,2,200,0.55,518,532,524,526,2
SigmoidPlayer,100,1000,2,200,0.55,508,521,514,516,2
SigmoidPlayer,100,1000,2,200,0.55,528,536,531,533,2
SigmoidPlayer,100,1000,2,200,0.55,521,529,524,526,2
SigmoidPlayer,100,1000,2,200,0.55,501,519,509,511,2
SigmoidPlayer,100,1000,2,200,0.55,454,461,457,459,2
SigmoidPlayer,100,1000,2,200,0.55,571,575,572,574,2
SigmoidPlayer,100,1000,2,200,0.55,525,544,534,536,2
SigmoidPlayer,100,1000,2,200,0.55,503,511,506,508,2
SigmoidPlayer,100,1000,2,200,0.55,538,541,539,541,2
SigmoidPlayer,100,1000,2,200,0.55,519,524,521,523,2
SigmoidPlayer,100,1000,2,200,0.55,503,513,507,509,2
SigmoidPlayer,100,1000,2,200,0.55,459,462,460,462,2
SigmoidPlayer,100,1000,2,200,0.55,489,496,492,494,2
SigmoidPlayer,100,1000,2,200,0.55,584,590,586,588,2
SigmoidPlayer,100,1000,2,200,0.55,520,526,522,524,2
SigmoidPlayer,100,1000,2,200,0.55,498,502,499,501,2
SigmoidPlayer,100,1000,2,200,0.55,496,507,501,503,2
SigmoidPlayer,100,1000,2,200,0.55,526,535,530,532,2
SigmoidPlayer,100,1000,2,200,0.55,527,532,529,531,2
SigmoidPlayer,100,1000,2,200,0.55,512,516,513,515,2
SigmoidPlayer,100,1000,2,200,0.55,530,535,532,534,2
SigmoidPlayer,100,1000,2,200,0.55,520,527,523,525,2
SigmoidPlayer,100,1000,2,200,0.55,523,527,524,526,2
SigmoidPlayer,100,1000,2,200,0.55,490,501,495,497,2
SigmoidPlayer,100,1000,2,200,0.55,549,551,549,551,2
SigmoidPlayer,100,1000,2,200,0.55,477,496,486,488,2
SigmoidPlayer,100,1000,2,200,0.55,506,535,520,522,2
SigmoidPlayer,100,1000,2,200,0.55,512,521,516,518,2
SigmoidPlayer,100,1000,2,200,0.55,524,529,526,528,2
SigmoidPlayer,100,1000,2,200,0.55,530,536,532,534,2
SigmoidPlayer,100,1000,2,200,0.55,485,494,489,491,2
LRPlayer,100,1000,2,200,0.55,500,503,501,502,1
LRPlayer,100,1000,2,200,0.55,495,500,497,498,1
LRPlayer,100,1000,2,200,0.55,494,501,497,498,1
LRPlayer,100,1000,2,200,0.55,537,549,542,544,2
LRPlayer,100,1000,2,200,0.55,459,469,463,464,1
LRPlayer,100,1000,2,200,0.55,466,476,470,471,1
LRPlayer,100,1000,2,200,0.55,523,530,526,527,1
LRPlayer,100,1000,2,200,0.55,463,476,469,470,1
LRPlayer,100,1000,2,200,0.55,575,580,577,578,1
LRPlayer,100,1000,2,200,0.55,518,524,520,522,2
LRPlayer,100,1000,2,200,0.55,499,501,499,501,2
LRPlayer,100,1000,2,200,0.55,526,532,528,530,2
LRPlayer,100,1000,2,200,0.55,520,527,523,524,1
LRPlayer,100,1000,2,200,0.55,435,448,441,443,2
LRPlayer,100,1000,2,200,0.55,453,465,458,460,2
LRPlayer,100,1000,2,200,0.55,518,526,522,523,1
LRPlayer,100,1000,2,200,0.55,495,509,501,503,2
LRPlayer,100,1000,2,200,0.55,526,546,534,536,2
LRPlayer,100,1000,2,200,0.55,561,571,566,567,1
LRPlayer,100,1000,2,200,0.55,576,581,578,579,1
LRPlayer,100,1000,2,200,0.55,471,494,482,484,2
LRPlayer,100,1000,2,200,0.55,503,507,504,506,2
LRPlayer,100,1000,2,200,0.55,494,508,500,502,2
LRPlayer,100,1000,2,200,0.55,528,532,529,531,2
LRPlayer,100,1000,2,200,0.55,463,471,466,468,2
LRPlayer,100,1000,2,200,0.55,551,554,552,553,1
LRPlayer,100,1000,2,200,0.55,402,411,405,407,2
LRPlayer,100,1000,2,200,0.55,513,517,514,516,2
LRPlayer,100,1000,2,200,0.55,490,493,491,492,1
LRPlayer,100,1000,2,200,0.55,500,502,500,502,2
LRPlayer,100,1000,2,200,0.55,471,490,479,481,2
LRPlayer,100,1000,2,200,0.55,410,419,414,415,1
LRPlayer,100,1000,2,200,0.55,511,521,515,517,2
LRPlayer,100,1000,2,200,0.55,487,490,488,489,1
LRPlayer,100,1000,2,200,0.55,514,516,515,516,1
LRPlayer,100,1000,2,200,0.55,496,504,500,501,1
LRPlayer,100,1000,2,200,0.55,503,504,503,504,1
LRPlayer,100,1000,2,200,0.55,439,443,440,442,2
LRPlayer,100,1000,2,200,0.55,462,477,468,470,2
LRPlayer,100,1000,2,200,0.55,484,490,486,488,2
LRPlayer,100,1000,2,200,0.55,460,474,466,467,1
LRPlayer,100,1000,2,200,0.55,441,444,442,443,1
LRPlayer,100,1000,2,200,0.55,438,444,440,442,2
LRPlayer,100,1000,2,200,0.55,515,527,520,522,2
LRPlayer,100,1000,2,200,0.55,504,511,507,508,1
LRPlayer,100,1000,2,200,0.55,559,576,567,569,2
LRPlayer,100,1000,2,200,0.55,528,550,538,540,2
LRPlayer,100,1000,2,200,0.55,539,541,539,541,2
LRPlayer,100,1000,2,200,0.55,435,443,438,440,2
LRPlayer,100,1000,2,200,0.55,497,518,506,508,2
LRPlayer,100,1000,2,200,0.55,535,541,537,539,2
LRPlayer,100,1000,2,200,0.55,538,548,542,544,2
LRPlayer,100,1000,2,200,0.55,431,436,433,434,1
LRPlayer,100,1000,2,200,0.55,540,546,542,544,2
LRPlayer,100,1000,2,200,0.55,497,505,500,502,2
LRPlayer,100,1000,2,200,0.55,427,434,430,431,1
LRPlayer,100,1000,2,200,0.55,444,462,452,454,2
LRPlayer,100,1000,2,200,0.55,481,486,483,484,1
LRPlayer,100,1000,2,200,0.55,436,449,441,443,2
LRPlayer,100,1000,2,200,0.55,429,439,433,435,2
LRPlayer,100,1000,2,200,0.55,415,423,419,420,1
LRPlayer,100,1000,2,200,0.55,522,537,529,530,1
LRPlayer,100,1000,2,200,0.55,482,494,487,489,2
LRPlayer,100,1000,2,200,0.55,459,473,465,467,2
LRPlayer,100,1000,2,200,0.55,484,487,485,486,1
LRPlayer,100,1000,2,200,0.55,535,541,537,539,2
LRPlayer,100,1000,2,200,0.55,559,567,562,564,2
LRPlayer,100,1000,2,200,0.55,462,465,463,464,1
LRPlayer,100,1000,2,200,0.55,531,538,534,535,1
LRPlayer,100,1000,2,200,0.55,500,502,500,502,2
LRPlayer,100,1000,2,200,0.55,474,498,485,487,2
LRPlayer,100,1000,2,200,0.55,464,487,474,476,2
LRPlayer,100,1000,2,200,0.55,478,484,480,482,2
LRPlayer,100,1000,2,200,0.55,481,484,482,483,1
LRPlayer,100,1000,2,200,0.55,427,441,433,435,2
LRPlayer,100,1000,2,200,0.55,565,570,567,568,1
LRPlayer,100,1000,2,200,0.55,496,507,501,502,1
LRPlayer,100,1000,2,200,0.55,501,518,509,511,2
LRPlayer,100,1000,2,200,0.55,470,486,478,480,2
LRPlayer,100,1000,2,200,0.55,481,490,485,487,2
LRPlayer,100,1000,2,200,0.55,524,530,526,528,2
LRPlayer,100,1000,2,200,0.55,489,494,491,493,2
LRPlayer,100,1000,2,200,0.55,562,568,564,566,2
LRPlayer,100,1000,2,200,0.55,457,467,461,463,2
LRPlayer,100,1000,2,200,0.55,520,523,521,522,1
LRPlayer,100,1000,2,200,0.55,459,468,462,464,2
LRPlayer,100,1000,2,200,0.55,560,563,561,562,1
LRPlayer,100,1000,2,200,0.55,516,520,517,519,2
LRPlayer,100,1000,2,200,0.55,485,493,488,490,2
LRPlayer,100,1000,2,200,0.55,479,490,483,485,2
LRPlayer,100,1000,2,200,0.55,460,477,467,469,2
LRPlayer,100,1000,2,200,0.55,510,516,513,514,1
LRPlayer,100,1000,2,200,0.55,464,479,471,473,2
LRPlayer,100,1000,2,200,0.55,512,517,514,516,2
LRPlayer,100,1000,2,200,0.55,569,584,576,578,2
LRPlayer,100,1000,2,200,0.55,494,512,502,504,2
LRPlayer,100,1000,2,200,0.55,459,492,475,478,3
LRPlayer,100,1000,2,200,0.55,481,483,481,483,2
LRPlayer,100,1000,2,200,0.55,508,517,512,513,1
LRPlayer,100,1000,2,200,0.55,527,535,530,532,2
MLPPlayer,100,1000,2,200,0.55,400,417,399,405,6
MLPPlayer,100,1000,2,200,0.55,432,443,424,431,7
MLPPlayer,100,1000,2,200,0.55,458,468,464,470,6
MLPPlayer,100,1000,2,200,0.55,463,485,471,478,7
MLPPlayer,100,1000,2,200,0.55,533,541,538,545,7
MLPPlayer,100,1000,2,200,0.55,445,461,447,454,7
MLPPlayer,100,1000,2,200,0.55,412,423,418,424,6
MLPPlayer,100,1000,2,200,0.55,440,447,440,447,7
MLPPlayer,100,1000,2,200,0.55,422,435,425,431,6
MLPPlayer,100,1000,2,200,0.55,395,404,393,399,6
MLPPlayer,100,1000,2,200,0.55,477,489,484,488,4
MLPPlayer,100,1000,2,200,0.55,446,464,450,457,7
MLPPlayer,100,1000,2,200,0.55,436,455,446,449,3
MLPPlayer,100,1000,2,200,0.55,397,403,389,395,6
MLPPlayer,100,1000,2,200,0.55,456,467,453,459,6
MLPPlayer,100,1000,2,200,0.55,418,436,420,426,6
MLPPlayer,100,1000,2,200,0.55,345,367,354,357,3
MLPPlayer,100,1000,2,200,0.55,366,380,370,377,7
MLPPlayer,100,1000,2,200,0.55,486,493,488,495,7
MLPPlayer,100,1000,2,200,0.55,424,445,435,442,7
MLPPlayer,100,1000,2,200,0.55,416,423,412,419,7
MLPPlayer,100,1000,2,200,0.55,503,514,499,506,7
MLPPlayer,100,1000,2,200,0.55,339,365,350,354,4
MLPPlayer,100,1000,2,200,0.55,457,477,457,464,7
MLPPlayer,100,1000,2,200,0.55,389,401,393,399,6
MLPPlayer,100,1000,2,200,0.55,412,425,416,422,6
MLPPlayer,100,1000,2,200,0.55,447,464,451,459,8
MLPPlayer,100,1000,2,200,0.55,376,392,382,385,3
MLPPlayer,100,1000,2,200,0.55,323,329,324,328,4
MLPPlayer,100,1000,2,200,0.55,415,431,417,423,6
MLPPlayer,100,1000,2,200,0.55,525,543,530,537,7
MLPPlayer,100,1000,2,200,0.55,274,284,277,279,2
MLPPlayer,100,1000,2,200,0.55,423,432,425,428,3
MLPPlayer,100,1000,2,200,0.55,372,380,375,378,3
MLPPlayer,100,1000,2,200,0.55,402,422,414,418,4
MLPPlayer,100,1000,2,200,0.55,416,424,421,427,6
MLPPlayer,100,1000,2,200,0.55,511,520,510,517,7
MLPPlayer,100,1000,2,200,0.55,371,387,376,379,3
MLPPlayer,100,1000,2,200,0.55,449,468,454,460,6
MLPPlayer,100,1000,2,200,0.55,418,431,417,423,6
MLPPlayer,100,1000,2,200,0.55,457,467,457,464,7
MLPPlayer,100,1000,2,200,0.55,436,453,440,446,6
MLPPlayer,100,1000,2,200,0.55,501,511,500,507,7
MLPPlayer,100,1000,2,200,0.55,441,450,440,447,7
MLPPlayer,100,1000,2,200,0.55,389,399,385,392,7
MLPPlayer,100,1000,2,200,0.55,376,391,384,391,7
MLPPlayer,100,1000,2,200,0.55,456,461,452,459,7
MLPPlayer,100,1000,2,200,0.55,470,485,473,479,6
MLPPlayer,100,1000,2,200,0.55,468,490,476,484,8
MLPPlayer,100,1000,2,200,0.55,401,413,402,408,6
MLPPlayer,100,1000,2,200,0.55,398,423,397,403,6
MLPPlayer,100,1000,2,200,0.55,386,393,388,390,2
MLPPlayer,100,1000,2,200,0.55,473,485,479,486,7
MLPPlayer,100,1000,2,200,0.55,458,466,457,463,6
MLPPlayer,100,1000,2,200,0.55,415,434,422,426,4
MLPPlayer,100,1000,2,200,0.55,387,413,392,399,7
MLPPlayer,100,1000,2,200,0.55,389,406,396,399,3
MLPPlayer,100,1000,2,200,0.55,420,428,427,434,7
MLPPlayer,100,1000,2,200,0.55,420,431,425,427,2
MLPPlayer,100,1000,2,200,0.55,443,466,452,456,4
MLPPlayer,100,1000,2,200,0.55,437,460,440,447,7
MLPPlayer,100,1000,2,200,0.55,418,432,421,425,4
MLPPlayer,100,1000,2,200,0.55,438,441,436,440,4
MLPPlayer,100,1000,2,200,0.55,384,399,388,393,5
MLPPlayer,100,1000,2,200,0.55,385,399,389,395,6
MLPPlayer,100,1000,2,200,0.55,487,501,493,500,7
MLPPlayer,100,1000,2,200,0.55,416,425,420,427,7
MLPPlayer,100,1000,2,200,0.55,471,489,475,482,7
MLPPlayer,100,1000,2,200,0.55,440,462,448,455,7
MLPPlayer,100,1000,2,200,0.55,516,524,525,533,8
MLPPlayer,100,1000,2,200,0.55,361,379,365,372,7
MLPPlayer,100,1000,2,200,0.55,486,495,486,493,7
MLPPlayer,100,1000,2,200,0.55,424,432,421,427,6
MLPPlayer,100,1000,2,200,0.55,334,345,338,341,3
MLPPlayer,100,1000,2,200,0.55,368,375,369,373,4
MLPPlayer,100,1000,2,200,0.55,379,393,385,392,7
MLPPlayer,100,1000,2,200,0.55,428,438,431,438,7
MLPPlayer,100,1000,2,200,0.55,394,401,395,401,6
MLPPlayer,100,1000,2,200,0.55,385,404,386,393,7
MLPPlayer,100,1000,2,200,0.55,436,451,442,446,4
MLPPlayer,100,1000,2,200,0.55,391,414,394,400,6
MLPPlayer,100,1000,2,200,0.55,477,488,478,485,7
MLPPlayer,100,1000,2,200,0.55,402,429,415,418,3
MLPPlayer,100,1000,2,200,0.55,429,444,436,443,7
MLPPlayer,100,1000,2,200,0.55,456,480,466,474,8
MLPPlayer,100,1000,2,200,0.55,482,492,480,487,7
MLPPlayer,100,1000,2,200,0.55,422,459,438,445,7
MLPPlayer,100,1000,2,200,0.55,390,398,387,393,6
MLPPlayer,100,1000,2,200,0.55,385,403,393,396,3
MLPPlayer,100,1000,2,200,0.55,312,325,313,319,6
MLPPlayer,100,1000,2,200,0.55,466,474,464,471,7
MLPPlayer,100,1000,2,200,0.55,381,402,387,393,6
MLPPlayer,100,1000,2,200,0.55,445,452,451,458,7
LinearFunctionPlayer,100,1000,2,200,0.55,494,501,497,498,1
LinearFunctionPlayer,100,1000,2,200,0.55,459,469,463,465,2
LinearFunctionPlayer,100,1000,2,200,0.55,465,474,469,470,1
LinearFunctionPlayer,100,1000,2,200,0.55,466,468,466,468,2
LinearFunctionPlayer,100,1000,2,200,0.55,549,557,552,554,2
LinearFunctionPlayer,100,1000,2,200,0.55,553,556,554,555,1
LinearFunctionPlayer,100,1000,2,200,0.55,516,522,518,520,2
LinearFunctionPlayer,100,1000,2,200,0.55,521,536,527,530,3
LinearFunctionPlayer,100,1000,2,200,0.55,471,497,482,486,4
LinearFunctionPlayer,100,1000,2,200,0.55,510,519,514,515,1
LinearFunctionPlayer,100,1000,2,200,0.55,514,523,518,519,1
LinearFunctionPlayer,100,1000,2,200,0.55,459,466,462,463,1
LinearFunctionPlayer,100,1000,2,200,0.55,482,504,491,495,4
LinearFunctionPlayer,100,1000,2,200,0.55,484,488,485,487,2
LinearFunctionPlayer,100,1000,2,200,0.55,503,510,506,507,1
LinearFunctionPlayer,100,1000,2,200,0.55,443,450,446,447,1
LinearFunctionPlayer,100,1000,2,200,0.55,474,485,478,481,3
LinearFunctionPlayer,100,1000,2,200,0.55,538,548,542,544,2
LinearFunctionPlayer,100,1000,2,200,0.55,535,540,537,538,1
LinearFunctionPlayer,100,1000,2,200,0.55,503,516,508,511,3
LinearFunctionPlayer,100,1000,2,200,0.55,505,517,510,512,2
LinearFunctionPlayer,100,1000,2,200,0.55,531,545,537,539,2
LinearFunctionPlayer,100,1000,2,200,0.55,495,507,500,502,2
LinearFunctionPlayer,100,1000,2,200,0.55,471,481,475,477,2
LinearFunctionPlayer,100,1000,2,200,0.55,438,445,441,442,1
LinearFunctionPlayer,100,1000,2,200,0.55,522,528,524,526,2
LinearFunctionPlayer,100,1000,2,200,0.55,513,530,520,523,3
LinearFunctionPlayer,100,1000,2,200,0.55,516,520,517,519,2
LinearFunctionPlayer,100,1000,2,200,0.55,453,461,456,458,2
LinearFunctionPlayer,100,1000,2,200,0.55,540,547,543,544,1
LinearFunctionPlayer,100,1000,2,200,0.55,505,509,506,508,2
LinearFunctionPlayer,100,1000,2,200,0.55,558,564,560,562,2
LinearFunctionPlayer,100,1000,2,200,0.55,493,504,497,500,3
LinearFunctionPlayer,100,1000,2,200,0.55,508,523,514,517,3
LinearFunctionPlayer,100,1000,2,200,0.55,488,500,493,495,2
LinearFunctionPlayer,100,1000,2,200,0.55,505,515,509,511,2
LinearFunctionPlayer,100,1000,2,200,0.55,572,576,573,575,2
LinearFunctionPlayer,100,1000,2,200,0.55,516,525,520,521,1
LinearFunctionPlayer,100,1000,2,200,0.55,480,488,483,485,2
LinearFunctionPlayer,100,1000,2,200,0.55,521,546,532,535,3
LinearFunctionPlayer,100,1000,2,200,0.55,425,428,426,427,1
LinearFunctionPlayer,100,1000,2,200,0.55,558,563,560,561,1
LinearFunctionPlayer,100,1000,2,200,0.55,493,527,508,512,4
LinearFunctionPlayer,100,1000,2,200,0.55,477,488,481,484,3
LinearFunctionPlayer,100,1000,2,200,0.55,444,451,447,448,1
LinearFunctionPlayer,100,1000,2,200,0.55,520,530,524,526,2
LinearFunctionPlayer,100,1000,2,200,0.55,474,490,481,483,2
LinearFunctionPlayer,100,1000,2,200,0.55,493,495,493,495,2
LinearFunctionPlayer,100,1000,2,200,0.55,467,474,470,471,1
LinearFunctionPlayer,100,1000,2,200,0.55,495,497,495,497,2
LinearFunctionPlayer,100,1000,2,200,0.55,530,539,534,535,1
LinearFunctionPlayer,100,1000,2,200,0.55,489,501,494,496,2
LinearFunctionPlayer,100,1000,2,200,0.55,470,479,474,475,1
LinearFunctionPlayer,100,1000,2,200,0.55,474,475,474,475,1
LinearFunctionPlayer,100,1000,2,200,0.55,503,515,508,510,2
LinearFunctionPlayer,100,1000,2,200,0.55,519,544,530,533,3
LinearFunctionPlayer,100,1000,2,200,0.55,462,471,466,467,1
LinearFunctionPlayer,100,1000,2,200,0.55,492,502,496,498,2
LinearFunctionPlayer,100,1000,2,200,0.55,440,455,446,449,3
LinearFunctionPlayer,100,1000,2,200,0.55,527,553,538,542,4
LinearFunctionPlayer,100,1000,2,200,0.55,523,531,526,528,2
LinearFunctionPlayer,100,1000,2,200,0.55,425,456,438,443,5
LinearFunctionPlayer,100,1000,2,200,0.55,523,531,526,528,2
LinearFunctionPlayer,100,1000,2,200,0.55,453,469,460,462,2
LinearFunctionPlayer,100,1000,2,200,0.55,504,514,508,510,2
LinearFunctionPlayer,100,1000,2,200,0.55,467,479,472,474,2
LinearFunctionPlayer,100,1000,2,200,0.55,525,532,528,529,1
LinearFunctionPlayer,100,1000,2,200,0.55,515,528,520,523,3
LinearFunctionPlayer,100,1000,2,200,0.55,466,469,467,468,1
LinearFunctionPlayer,100,1000,2,200,0.55,488,519,501,506,5
LinearFunctionPlayer,100,1000,2,200,0.55,566,574,569,571,2
LinearFunctionPlayer,100,1000,2,200,0.55,466,480,472,474,2
LinearFunctionPlayer,100,1000,2,200,0.55,532,537,534,535,1
LinearFunctionPlayer,100,1000,2,200,0.55,526,536,530,532,2
LinearFunctionPlayer,100,1000,2,200,0.55,506,532,517,521,4
LinearFunctionPlayer,100,1000,2,200,0.55,484,507,494,497,3
LinearFunctionPlayer,100,1000,2,200,0.55,465,482,472,475,3
LinearFunctionPlayer,100,1000,2,200,0.55,428,435,431,432,1
LinearFunctionPlayer,100,1000,2,200,0.55,445,458,450,453,3
LinearFunctionPlayer,100,1000,2,200,0.55,491,498,494,495,1
LinearFunctionPlayer,100,1000,2,200,0.55,530,540,534,536,2
LinearFunctionPlayer,100,1000,2,200,0.55,445,469,455,459,4
LinearFunctionPlayer,100,1000,2,200,0.55,481,497,488,490,2
LinearFunctionPlayer,100,1000,2,200,0.55,515,519,516,518,2
LinearFunctionPlayer,100,1000,2,200,0.55,504,518,510,512,2
LinearFunctionPlayer,100,1000,2,200,0.55,509,521,514,516,2
LinearFunctionPlayer,100,1000,2,200,0.55,518,530,523,525,2
LinearFunctionPlayer,100,1000,2,200,0.55,480,507,492,495,3
LinearFunctionPlayer,100,1000,2,200,0.55,489,493,490,492,2
LinearFunctionPlayer,100,1000,2,200,0.55,506,520,512,514,2
LinearFunctionPlayer,100,1000,2,200,0.55,494,503,498,499,1
LinearFunctionPlayer,100,1000,2,200,0.55,432,439,435,436,1
LinearFunctionPlayer,100,1000,2,200,0.55,475,481,477,479,2
LinearFunctionPlayer,100,1000,2,200,0.55,486,493,489,490,1
LinearFunctionPlayer,100,1000,2,200,0.55,514,527,519,522,3
LinearFunctionPlayer,100,1000,2,200,0.55,491,503,496,498,2
LinearFunctionPlayer,100,1000,2,200,0.55,500,504,501,503,2
LinearFunctionPlayer,100,1000,2,200,0.55,506,515,510,511,1
LinearFunctionPlayer,100,1000,2,200,0.55,486,504,494,496,2
LinearFunctionPlayer,100,1000,2,200,0.55,522,533,526,529,3
SigmoidPlayer,100,1000,2,200,0.6,528,542,534,536,2
SigmoidPlayer,100,1000,2,200,0.6,516,525,520,522,2
SigmoidPlayer,100,1000,2,200,0.6,573,583,577,579,2
SigmoidPlayer,100,1000,2,200,0.6,448,452,449,451,2
SigmoidPlayer,100,1000,2,200,0.6,558,576,566,568,2
SigmoidPlayer,100,1000,2,200,0.6,587,598,592,594,2
SigmoidPlayer,100,1000,2,200,0.6,512,515,513,515,2
SigmoidPlayer,100,1000,2,200,0.6,478,483,480,482,2
SigmoidPlayer,100,1000,2,200,0.6,508,514,510,512,2
SigmoidPlayer,100,1000,2,200,0.6,507,512,509,511,2
SigmoidPlayer,100,1000,2,200,0.6,543,550,546,548,2
SigmoidPlayer,100,1000,2,200,0.6,490,505,497,499,2
SigmoidPlayer,100,1000,2,200,0.6,568,574,570,572,2
SigmoidPlayer,100,1000,2,200,0.6,535,538,536,538,2
SigmoidPlayer,100,1000,2,200,0.6,519,522,520,522,2
SigmoidPlayer,100,1000,2,200,0.6,518,528,522,524,2
SigmoidPlayer,100,1000,2,200,0.6,458,484,469,473,4
SigmoidPlayer,100,1000,2,200,0.6,556,569,562,564,2
SigmoidPlayer,100,1000,2,200,0.6,556,572,563,565,2
SigmoidPlayer,100,1000,2,200,0.6,475,484,479,481,2
SigmoidPlayer,100,1000,2,200,0.6,549,555,551,553,2
SigmoidPlayer,100,1000,2,200,0.6,550,558,553,555,2
SigmoidPlayer,100,1000,2,200,0.6,492,512,500,504,4
SigmoidPlayer,100,1000,2,200,0.6,506,526,514,518,4
SigmoidPlayer,100,1000,2,200,0.6,483,493,487,489,2
SigmoidPlayer,100,1000,2,200,0.6,464,498,479,483,4
SigmoidPlayer,100,1000,2,200,0.6,521,525,522,524,2
SigmoidPlayer,100,1000,2,200,0.6,540,546,542,544,2
SigmoidPlayer,100,1000,2,200,0.6,527,534,530,532,2
SigmoidPlayer,100,1000,2,200,0.6,491,507,498,500,2
SigmoidPlayer,100,1000,2,200,0.6,505,526,514,518,4
SigmoidPlayer,100,1000,2,200,0.6,540,549,544,546,2
SigmoidPlayer,100,1000,2,200,0.6,492,499,495,497,2
SigmoidPlayer,100,1000,2,200,0.6,415,440,426,430,4
SigmoidPlayer,100,1000,2,200,0.6,575,577,575,577,2
SigmoidPlayer,100,1000,2,200,0.6,526,549,536,540,4
SigmoidPlayer,100,1000,2,200,0.6,569,580,574,576,2
SigmoidPlayer,100,1000,2,200,0.6,557,561,558,560,2
SigmoidPlayer,100,1000,2,200,0.6,558,569,563,565,2
SigmoidPlayer,100,1000,2,200,0.6,522,529,525,527,2
SigmoidPlayer,100,1000,2,200,0.6,513,531,521,523,2
SigmoidPlayer,100,1000,2,200,0.6,470,477,473,475,2
SigmoidPlayer,100,1000,2,200,0.6,495,502,498,500,2
SigmoidPlayer,100,1000,2,200,0.6,540,546,542,544,2
SigmoidPlayer,100,1000,2,200,0.6,514,519,516,518,2
SigmoidPlayer,100,1000,2,200,0.6,440,449,444,446,2
SigmoidPlayer,100,1000,2,200,0.6,460,466,462,464,2
SigmoidPlayer,100,1000,2,200,0.6,545,550,547,549,2
SigmoidPlayer,100,1000,2,200,0.6,521,525,522,524,2
SigmoidPlayer,100,1000,2,200,0.6,487,497,491,493,2
SigmoidPlayer,100,1000,2,200,0.6,543,549,545,547,2
SigmoidPlayer,100,1000,2,200,0.6,505,511,507,509,2
SigmoidPlayer,100,1000,2,200,0.6,471,482,476,478,2
SigmoidPlayer,100,1000,2,200,0.6,508,525,516,518,2
SigmoidPlayer,100,1000,2,200,0.6,492,506,498,500,2
SigmoidPlayer,100,1000,2,200,0.6,518,531,524,526,2
SigmoidPlayer,100,1000,2,200,0.6,505,516,510,512,2
SigmoidPlayer,100,1000,2,200,0.6,513,518,515,517,2
SigmoidPlayer,100,1000,2,200,0.6,544,552,547,549,2
SigmoidPlayer,100,1000,2,200,0.6,485,502,493,495,2
SigmoidPlayer,100,1000,2,200,0.6,496,501,498,500,2
SigmoidPlayer,100,1000,2,200,0.6,540,551,545,547,2
SigmoidPlayer,100,1000,2,200,0.6,568,573,570,572,2
SigmoidPlayer,100,1000,2,200,0.6,513,515,513,515,2
SigmoidPlayer,100,1000,2,200,0.6,499,509,503,505,2
SigmoidPlayer,100,1000,2,200,0.6,534,546,539,541,2
SigmoidPlayer,100,1000,2,200,0.6,487,500,493,495,2
SigmoidPlayer,100,1000,2,200,0.6,502,509,505,507,2
SigmoidPlayer,100,1000,2,200,0.6,571,576,573,575,2
SigmoidPlayer,100,1000,2,200,0.6,528,553,539,543,4
SigmoidPlayer,100,1000,2,200,0.6,555,577,564,568,4
SigmoidPlayer,100,1000,2,200,0.6,532,544,537,539,2
SigmoidPlayer,100,1000,2,200,0.6,526,529,527,529,2
SigmoidPlayer,100,1000,2,200,0.6,544,553,548,550,2
SigmoidPlayer,100,1000,2,200,0.6,566,572,568,570,2
SigmoidPlayer,100,1000,2,200,0.6,500,513,506,508,2
SigmoidPlayer,100,1000,2,200,0.6,562,580,570,572,2
SigmoidPlayer,100,1000,2,200,0.6,569,574,571,573,2
SigmoidPlayer,100,1000,2,200,0.6,582,594,587,589,2
SigmoidPlayer,100,1000,2,200,0.6,519,528,523,525,2
SigmoidPlayer,100,1000,2,200,0.6,538,547,542,544,2
SigmoidPlayer,100,1000,2,200,0.6,526,537,531,533,2
SigmoidPlayer,100,1000,2,200,0.6,522,544,531,535,4
SigmoidPlayer,100,1000,2,200,0.6,509,515,511,513,2
SigmoidPlayer,100,1000,2,200,0.6,523,533,527,529,2
SigmoidPlayer,100,1000,2,200,0.6,514,524,518,520,2
SigmoidPlayer,100,1000,2,200,0.6,518,521,519,521,2
SigmoidPlayer,100,1000,2,200,0.6,509,521,514,516,2
SigmoidPlayer,100,1000,2,200,0.6,499,504,501,503,2
SigmoidPlayer,100,1000,2,200,0.6,488,506,496,498,2
SigmoidPlayer,100,1000,2,200,0.6,525,538,531,533,2
SigmoidPlayer,100,1000,2,200,0.6,505,508,506,508,2
SigmoidPlayer,100,1000,2,200,0.6,524,526,524,526,2
SigmoidPlayer,100,1000,2,200,0.6,539,544,541,543,2
SigmoidPlayer,100,1000,2,200,0.6,475,480,477,479,2
SigmoidPlayer,100,1000,2,200,0.6,483,488,485,487,2
SigmoidPlayer,100,1000,2,200,0.6,535,546,540,542,2
SigmoidPlayer,100,1000,2,200,0.6,524,536,529,531,2
SigmoidPlayer,100,1000,2,200,0.6,524,527,525,527,2
SigmoidPlayer,100,1000,2,200,0.6,571,585,577,579,2
LRPlayer,100,1000,2,200,0.6,480,507,492,495,3
LRPlayer,100,1000,2,200,0.6,505,518,511,513,2
LRPlayer,100,1000,2,200,0.6,467,472,468,471,3
LRPlayer,100,1000,2,200,0.6,436,443,438,440,2
LRPlayer,100,1000,2,200,0.6,453,461,456,458,2
LRPlayer,100,1000,2,200,0.6,492,495,493,495,2
LRPlayer,100,1000,2,200,0.6,538,543,539,541,2
LRPlayer,100,1000,2,200,0.6,515,520,517,519,2
LRPlayer,100,1000,2,200,0.6,475,490,481,483,2
LRPlayer,100,1000,2,200,0.6,439,460,448,451,3
LRPlayer,100,1000,2,200,0.6,514,525,519,521,2
LRPlayer,100,1000,2,200,0.6,495,503,498,500,2
LRPlayer,100,1000,2,200,0.6,465,467,465,467,2
LRPlayer,100,1000,2,200,0.6,541,554,547,549,2
LRPlayer,100,1000,2,200,0.6,526,538,531,533,2
LRPlayer,100,1000,2,200,0.6,501,512,505,508,3
LRPlayer,100,1000,2,200,0.6,476,483,478,481,3
LRPlayer,100,1000,2,200,0.6,500,504,501,503,2
LRPlayer,100,1000,2,200,0.6,482,492,486,488,2
LRPlayer,100,1000,2,200,0.6,500,510,504,506,2
LRPlayer,100,1000,2,200,0.6,580,589,583,586,3
LRPlayer,100,1000,2,200,0.6,531,551,540,543,3
LRPlayer,100,1000,2,200,0.6,493,498,495,497,2
LRPlayer,100,1000,2,200,0.6,529,542,534,537,3
LRPlayer,100,1000,2,200,0.6,495,498,495,498,3
LRPlayer,100,1000,2,200,0.6,470,473,471,473,2
LRPlayer,100,1000,2,200,0.6,491,523,505,508,3
LRPlayer,100,1000,2,200,0.6,511,524,516,518,2
LRPlayer,100,1000,2,200,0.6,528,536,531,533,2
LRPlayer,100,1000,2,200,0.6,439,445,441,443,2
LRPlayer,100,1000,2,200,0.6,481,493,486,489,3
LRPlayer,100,1000,2,200,0.6,461,473,466,468,2
LRPlayer,100,1000,2,200,0.6,539,556,546,549,3
LRPlayer,100,1000,2,200,0.6,498,507,502,504,2
LRPlayer,100,1000,2,200,0.6,465,472,467,469,2
LRPlayer,100,1000,2,200,0.6,502,508,504,506,2
LRPlayer,100,1000,2,200,0.6,411,425,417,419,2
LRPlayer,100,1000,2,200,0.6,477,493,483,486,3
LRPlayer,100,1000,2,200,0.6,511,528,518,520,2
LRPlayer,100,1000,2,200,0.6,494,497,494,497,3
LRPlayer,100,1000,2,200,0.6,510,527,517,520,3
LRPlayer,100,1000,2,200,0.6,502,516,507,510,3
LRPlayer,100,1000,2,200,0.6,533,547,539,541,2
LRPlayer,100,1000,2,200,0.6,543,548,545,547,2
LRPlayer,100,1000,2,200,0.6,507,517,511,513,2
LRPlayer,100,1000,2,200,0.6,475,490,481,484,3
LRPlayer,100,1000,2,200,0.6,457,469,462,464,2
LRPlayer,100,1000,2,200,0.6,518,538,526,529,3
LRPlayer,100,1000,2,200,0.6,474,496,483,486,3
LRPlayer,100,1000,2,200,0.6,451,460,454,457,3
LRPlayer,100,1000,2,200,0.6,509,513,510,512,2
LRPlayer,100,1000,2,200,0.6,500,506,502,504,2
LRPlayer,100,1000,2,200,0.6,517,532,523,526,3
LRPlayer,100,1000,2,200,0.6,478,488,482,484,2
LRPlayer,100,1000,2,200,0.6,510,521,515,517,2
LRPlayer,100,1000,2,200,0.6,470,474,471,473,2
LRPlayer,100,1000,2,200,0.6,512,523,516,519,3
LRPlayer,100,1000,2,200,0.6,442,460,449,452,3
LRPlayer,100,1000,2,200,0.6,498,503,499,501,2
LRPlayer,100,1000,2,200,0.6,498,507,501,504,3
LRPlayer,100,1000,2,200,0.6,480,494,485,488,3
LRPlayer,100,1000,2,200,0.6,461,468,463,465,2
LRPlayer,100,1000,2,200,0.6,493,499,495,497,2
LRPlayer,100,1000,2,200,0.6,475,483,478,480,2
LRPlayer,100,1000,2,200,0.6,483,491,486,488,2
LRPlayer,100,1000,2,200,0.6,513,531,521,524,3
LRPlayer,100,1000,2,200,0.6,546,560,551,554,3
LRPlayer,100,1000,2,200,0.6,507,517,510,513,3
LRPlayer,100,1000,2,200,0.6,499,511,504,507,3
LRPlayer,100,1000,2,200,0.6,516,531,523,525,2
LRPlayer,100,1000,2,200,0.6,501,510,504,506,2
LRPlayer,100,1000,2,200,0.6,487,493,489,491,2
LRPlayer,100,1000,2,200,0.6,557,568,561,564,3
LRPlayer,100,1000,2,200,0.6,510,527,517,520,3
LRPlayer,100,1000,2,200,0.6,462,465,463,465,2
LRPlayer,100,1000,2,200,0.6,444,462,452,454,2
LRPlayer,100,1000,2,200,0.6,499,509,503,505,2
LRPlayer,100,1000,2,200,0.6,497,517,505,508,3
LRPlayer,100,1000,2,200,0.6,489,497,492,494,2
LRPlayer,100,1000,2,200,0.6,497,508,502,504,2
LRPlayer,100,1000,2,200,0.6,447,452,448,450,2
LRPlayer,100,1000,2,200,0.6,462,485,472,475,3
LRPlayer,100,1000,2,200,0.6,506,519,512,514,2
LRPlayer,100,1000,2,200,0.6,514,519,515,517,2
LRPlayer,100,1000,2,200,0.6,458,461,458,460,2
LRPlayer,100,1000,2,200,0.6,523,529,525,527,2
LRPlayer,100,1000,2,200,0.6,439,445,441,443,2
LRPlayer,100,1000,2,200,0.6,509,521,514,517,3
LRPlayer,100,1000,2,200,0.6,499,515,506,508,2
LRPlayer,100,1000,2,200,0.6,529,540,534,536,2
LRPlayer,100,1000,2,200,0.6,459,466,462,464,2
LRPlayer,100,1000,2,200,0.6,457,462,458,460,2
LRPlayer,100,1000,2,200,0.6,474,482,477,479,2
LRPlayer,100,1000,2,200,0.6,469,477,472,474,2
LRPlayer,100,1000,2,200,0.6,477,498,486,489,3
LRPlayer,100,1000,2,200,0.6,541,545,542,544,2
LRPlayer,100,1000,2,200,0.6,485,495,489,492,3
LRPlayer,100,1000,2,200,0.6,522,527,524,526,2
LRPlayer,100,1000,2,200,0.6,456,474,464,467,3
LRPlayer,100,1000,2,200,0.6,563,569,565,567,2
MLPPlayer,100,1000,2,200,0.6,385,395,388,397,9
MLPPlayer,100,1000,2,200,0.6,436,453,438,451,13
MLPPlayer,100,1000,2,200,0.6,367,388,371,381,10
MLPPlayer,100,1000,2,200,0.6,425,436,425,431,6
MLPPlayer,100,1000,2,200,0.6,418,432,422,434,12
MLPPlayer,100,1000,2,200,0.6,445,450,440,453,13
MLPPlayer,100,1000,2,200,0.6,443,458,446,458,12
MLPPlayer,100,1000,2,200,0.6,484,518,494,506,12
MLPPlayer,100,1000,2,200,0.6,364,385,371,376,5
MLPPlayer,100,1000,2,200,0.6,381,400,378,389,11
MLPPlayer,100,1000,2,200,0.6,389,403,391,402,11
MLPPlayer,100,1000,2,200,0.6,420,454,431,443,12
MLPPlayer,100,1000,2,200,0.6,370,381,373,377,4
MLPPlayer,100,1000,2,200,0.6,392,405,388,400,12
MLPPlayer,100,1000,2,200,0.6,365,381,369,378,9
MLPPlayer,100,1000,2,200,0.6,465,499,472,486,14
MLPPlayer,100,1000,2,200,0.6,533,549,534,546,12
MLPPlayer,100,1000,2,200,0.6,372,387,376,387,11
MLPPlayer,100,1000,2,200,0.6,433,454,428,441,13
MLPPlayer,100,1000,2,200,0.6,408,425,410,424,14
MLPPlayer,100,1000,2,200,0.6,463,481,464,475,11
MLPPlayer,100,1000,2,200,0.6,491,515,492,504,12
MLPPlayer,100,1000,2,200,0.6,348,367,351,362,11
MLPPlayer,100,1000,2,200,0.6,409,429,411,422,11
MLPPlayer,100,1000,2,200,0.6,485,502,492,498,6
MLPPlayer,100,1000,2,200,0.6,501,516,498,512,14
MLPPlayer,100,1000,2,200,0.6,453,479,457,469,12
MLPPlayer,100,1000,2,200,0.6,335,352,335,345,10
MLPPlayer,100,1000,2,200,0.6,415,433,419,425,6
MLPPlayer,100,1000,2,200,0.6,406,424,412,417,5
MLPPlayer,100,1000,2,200,0.6,355,385,362,373,11
MLPPlayer,100,1000,2,200,0.6,417,447,429,438,9
MLPPlayer,100,1000,2,200,0.6,368,383,364,376,12
MLPPlayer,100,1000,2,200,0.6,441,463,444,457,13
MLPPlayer,100,1000,2,200,0.6,446,479,454,467,13
MLPPlayer,100,1000,2,200,0.6,441,458,448,462,14
MLPPlayer,100,1000,2,200,0.6,454,468,455,466,11
MLPPlayer,100,1000,2,200,0.6,412,429,413,425,12
MLPPlayer,100,1000,2,200,0.6,411,424,415,420,5
MLPPlayer,100,1000,2,200,0.6,456,473,459,466,7
MLPPlayer,100,1000,2,200,0.6,421,446,426,438,12
MLPPlayer,100,1000,2,200,0.6,379,391,384,396,12
MLPPlayer,100,1000,2,200,0.6,391,410,390,401,11
MLPPlayer,100,1000,2,200,0.6,491,506,493,504,11
MLPPlayer,100,1000,2,200,0.6,437,449,439,446,7
MLPPlayer,100,1000,2,200,0.6,376,391,375,387,12
MLPPlayer,100,1000,2,200,0.6,431,448,430,445,15
MLPPlayer,100,1000,2,200,0.6,459,483,464,477,13
MLPPlayer,100,1000,2,200,0.6,364,377,363,375,12
MLPPlayer,100,1000,2,200,0.6,462,500,472,486,14
MLPPlayer,100,1000,2,200,0.6,397,405,395,407,12
MLPPlayer,100,1000,2,200,0.6,409,424,406,419,13
MLPPlayer,100,1000,2,200,0.6,467,481,468,481,13
MLPPlayer,100,1000,2,200,0.6,369,391,366,379,13
MLPPlayer,100,1000,2,200,0.6,411,431,419,433,14
MLPPlayer,100,1000,2,200,0.6,477,489,471,484,13
MLPPlayer,100,1000,2,200,0.6,488,513,497,510,13
MLPPlayer,100,1000,2,200,0.6,407,422,407,418,11
MLPPlayer,100,1000,2,200,0.6,376,389,374,386,12
MLPPlayer,100,1000,2,200,0.6,429,450,438,450,12
MLPPlayer,100,1000,2,200,0.6,478,506,487,500,13
MLPPlayer,100,1000,2,200,0.6,377,393,381,386,5
MLPPlayer,100,1000,2,200,0.6,459,475,455,468,13
MLPPlayer,100,1000,2,200,0.6,419,442,428,439,11
MLPPlayer,100,1000,2,200,0.6,380,406,387,392,5
MLPPlayer,100,1000,2,200,0.6,421,434,421,434,13
MLPPlayer,100,1000,2,200,0.6,355,371,359,370,11
MLPPlayer,100,1000,2,200,0.6,465,482,468,480,12
MLPPlayer,100,1000,2,200,0.6,434,452,431,442,11
MLPPlayer,100,1000,2,200,0.6,348,361,348,360,12
MLPPlayer,100,1000,2,200,0.6,440,457,442,453,11
MLPPlayer,100,1000,2,200,0.6,346,363,349,359,10
MLPPlayer,100,1000,2,200,0.6,428,447,426,440,14
MLPPlayer,100,1000,2,200,0.6,380,409,391,396,5
MLPPlayer,100,1000,2,200,0.6,433,450,435,446,11
MLPPlayer,100,1000,2,200,0.6,395,407,395,406,11
MLPPlayer,100,1000,2,200,0.6,423,437,426,437,11
MLPPlayer,100,1000,2,200,0.6,334,351,333,344,11
MLPPlayer,100,1000,2,200,0.6,363,392,369,380,11
MLPPlayer,100,1000,2,200,0.6,454,470,459,470,11
MLPPlayer,100,1000,2,200,0.6,389,405,397,402,5
MLPPlayer,100,1000,2,200,0.6,310,328,314,323,9
MLPPlayer,100,1000,2,200,0.6,332,343,330,341,11
MLPPlayer,100,1000,2,200,0.6,413,423,411,421,10
MLPPlayer,100,1000,2,200,0.6,443,459,443,455,12
MLPPlayer,100,1000,2,200,0.6,400,421,407,418,11
MLPPlayer,100,1000,2,200,0.6,419,431,417,430,13
MLPPlayer,100,1000,2,200,0.6,410,432,415,429,14
MLPPlayer,100,1000,2,200,0.6,452,469,457,470,13
MLPPlayer,100,1000,2,200,0.6,465,478,461,474,13
MLPPlayer,100,1000,2,200,0.6,449,468,448,461,13
MLPPlayer,100,1000,2,200,0.6,413,425,408,421,13
MLPPlayer,100,1000,2,200,0.6,404,415,402,415,13
MLPPlayer,100,1000,2,200,0.6,402,421,411,423,12
MLPPlayer,100,1000,2,200,0.6,383,398,386,398,12
MLPPlayer,100,1000,2,200,0.6,504,516,503,515,12
LinearFunctionPlayer,100,1000,2,200,0.6,527,537,531,533,2
LinearFunctionPlayer,100,1000,2,200,0.6,511,528,517,522,5
LinearFunctionPlayer,100,1000,2,200,0.6,484,497,489,492,3
LinearFunctionPlayer,100,1000,2,200,0.6,528,531,529,530,1
LinearFunctionPlayer,100,1000,2,200,0.6,523,534,527,530,3
LinearFunctionPlayer,100,1000,2,200,0.6,459,467,462,464,2
LinearFunctionPlayer,100,1000,2,200,0.6,432,443,436,439,3
LinearFunctionPlayer,100,1000,2,200,0.6,425,431,427,429,2
LinearFunctionPlayer,100,1000,2,200,0.6,487,496,490,493,3
LinearFunctionPlayer,100,1000,2,200,0.6,470,477,472,475,3
LinearFunctionPlayer,100,1000,2,200,0.6,517,536,524,529,5
LinearFunctionPlayer,100,1000,2,200,0.6,484,501,490,495,5
LinearFunctionPlayer,100,1000,2,200,0.6,499,503,500,502,2
LinearFunctionPlayer,100,1000,2,200,0.6,477,505,488,494,6
LinearFunctionPlayer,100,1000,2,200,0.6,526,535,529,532,3
LinearFunctionPlayer,100,1000,2,200,0.6,533,545,537,541,4
LinearFunctionPlayer,100,1000,2,200,0.6,508,513,510,512,2
LinearFunctionPlayer,100,1000,2,200,0.6,502,508,504,506,2
LinearFunctionPlayer,100,1000,2,200,0.6,531,548,537,542,5
LinearFunctionPlayer,100,1000,2,200,0.6,478,487,481,484,3
LinearFunctionPlayer,100,1000,2,200,0.6,482,492,486,488,2
LinearFunctionPlayer,100,1000,2,200,0.6,494,505,498,501,3
LinearFunctionPlayer,100,1000,2,200,0.6,469,476,471,474,3
LinearFunctionPlayer,100,1000,2,200,0.6,510,522,514,518,4
LinearFunctionPlayer,100,1000,2,200,0.6,445,456,449,452,3
LinearFunctionPlayer,100,1000,2,200,0.6,513,522,516,519,3
LinearFunctionPlayer,100,1000,2,200,0.6,569,589,577,582,5
LinearFunctionPlayer,100,1000,2,200,0.6,485,495,488,491,3
LinearFunctionPlayer,100,1000,2,200,0.6,410,415,411,413,2
LinearFunctionPlayer,100,1000,2,200,0.6,495,513,502,506,4
LinearFunctionPlayer,100,1000,2,200,0.6,477,483,479,481,2
LinearFunctionPlayer,100,1000,2,200,0.6,506,510,507,509,2
LinearFunctionPlayer,100,1000,2,200,0.6,470,479,473,476,3
LinearFunctionPlayer,100,1000,2,200,0.6,515,521,517,519,2
LinearFunctionPlayer,100,1000,2,200,0.6,526,528,526,528,2
LinearFunctionPlayer,100,1000,2,200,0.6,484,502,491,495,4
LinearFunctionPlayer,100,1000,2,200,0.6,456,459,457,458,1
LinearFunctionPlayer,100,1000,2,200,0.6,514,528,519,523,4
LinearFunctionPlayer,100,1000,2,200,0.6,455,463,458,460,2
LinearFunctionPlayer,100,1000,2,200,0.6,471,476,472,474,2
LinearFunctionPlayer,100,1000,2,200,0.6,499,507,502,504,2
LinearFunctionPlayer,100,1000,2,200,0.6,467,481,472,476,4
LinearFunctionPlayer,100,1000,2,200,0.6,471,499,482,488,6
LinearFunctionPlayer,100,1000,2,200,0.6,509,517,512,514,2
LinearFunctionPlayer,100,1000,2,200,0.6,511,523,515,519,4
LinearFunctionPlayer,100,1000,2,200,0.6,548,562,553,557,4
LinearFunctionPlayer,100,1000,2,200,0.6,471,481,475,477,2
LinearFunctionPlayer,100,1000,2,200,0.6,482,489,484,487,3
LinearFunctionPlayer,100,1000,2,200,0.6,505,508,506,507,1
LinearFunctionPlayer,100,1000,2,200,0.6,516,519,517,518,1
LinearFunctionPlayer,100,1000,2,200,0.6,480,500,487,492,5
LinearFunctionPlayer,100,1000,2,200,0.6,470,474,471,473,2
LinearFunctionPlayer,100,1000,2,200,0.6,464,470,466,468,2
LinearFunctionPlayer,100,1000,2,200,0.6,506,511,507,509,2
LinearFunctionPlayer,100,1000,2,200,0.6,459,477,466,470,4
LinearFunctionPlayer,100,1000,2,200,0.6,529,539,533,536,3
LinearFunctionPlayer,100,1000,2,200,0.6,503,510,505,508,3
LinearFunctionPlayer,100,1000,2,200,0.6,517,522,518,521,3
LinearFunctionPlayer,100,1000,2,200,0.6,468,486,475,479,4
LinearFunctionPlayer,100,1000,2,200,0.6,516,535,523,528,5
LinearFunctionPlayer,100,1000,2,200,0.6,509,511,509,511,2
LinearFunctionPlayer,100,1000,2,200,0.6,520,530,523,526,3
LinearFunctionPlayer,100,1000,2,200,0.6,546,563,552,557,5
LinearFunctionPlayer,100,1000,2,200,0.6,496,503,498,501,3
LinearFunctionPlayer,100,1000,2,200,0.6,512,519,514,517,3
LinearFunctionPlayer,100,1000,2,200,0.6,473,488,478,482,4
LinearFunctionPlayer,100,1000,2,200,0.6,511,530,518,523,5
LinearFunctionPlayer,100,1000,2,200,0.6,552,563,556,559,3
LinearFunctionPlayer,100,1000,2,200,0.6,506,511,507,509,2
LinearFunctionPlayer,100,1000,2,200,0.6,547,554,549,552,3
LinearFunctionPlayer,100,1000,2,200,0.6,481,494,486,489,3
LinearFunctionPlayer,100,1000,2,200,0.6,482,489,484,487,3
LinearFunctionPlayer,100,1000,2,200,0.6,511,515,512,514,2
LinearFunctionPlayer,100,1000,2,200,0.6,523,525,523,525,2
LinearFunctionPlayer,100,1000,2,200,0.6,551,565,556,560,4
LinearFunctionPlayer,100,1000,2,200,0.6,533,538,535,537,2
LinearFunctionPlayer,100,1000,2,200,0.6,466,476,470,472,2
LinearFunctionPlayer,100,1000,2,200,0.6,485,495,488,491,3
LinearFunctionPlayer,100,1000,2,200,0.6,440,445,441,443,2
LinearFunctionPlayer,100,1000,2,200,0.6,479,482,480,481,1
LinearFunctionPlayer,100,1000,2,200,0.6,486,494,489,491,2
LinearFunctionPlayer,100,1000,2,200,0.6,527,534,529,532,3
LinearFunctionPlayer,100,1000,2,200,0.6,455,462,457,460,3
LinearFunctionPlayer,100,1000,2,200,0.6,463,468,465,467,2
LinearFunctionPlayer,100,1000,2,200,0.6,499,508,502,505,3
LinearFunctionPlayer,100,1000,2,200,0.6,516,519,517,518,1
LinearFunctionPlayer,100,1000,2,200,0.6,454,461,456,459,3
LinearFunctionPlayer,100,1000,2,200,0.6,467,478,471,474,3
LinearFunctionPlayer,100,1000,2,200,0.6,454,482,465,471,6
LinearFunctionPlayer,100,1000,2,200,0.6,487,494,489,492,3
LinearFunctionPlayer,100,1000,2,200,0.6,500,518,507,511,4
LinearFunctionPlayer,100,1000,2,200,0.6,477,488,481,484,3
LinearFunctionPlayer,100,1000,2,200,0.6,477,482,478,481,3
LinearFunctionPlayer,100,1000,2,200,0.6,431,440,434,437,3
LinearFunctionPlayer,100,1000,2,200,0.6,530,546,536,540,4
LinearFunctionPlayer,100,1000,2,200,0.6,531,537,533,535,2
LinearFunctionPlayer,100,1000,2,200,0.6,532,556,541,547,6
LinearFunctionPlayer,100,1000,2,200,0.6,466,487,474,479,5
LinearFunctionPlayer,100,1000,2,200,0.6,482,487,483,486,3
LinearFunctionPlayer,100,1000,2,200,0.6,539,548,542,545,3
SigmoidPlayer,100,1000,2,200,0.65,552,576,562,566,4
SigmoidPlayer,100,1000,2,200,0.65,541,547,543,545,2
SigmoidPlayer,100,1000,2,200,0.65,543,552,547,549,2
SigmoidPlayer,100,1000,2,200,0.65,508,510,508,510,2
SigmoidPlayer,100,1000,2,200,0.65,517,525,520,522,2
SigmoidPlayer,100,1000,2,200,0.65,502,512,506,508,2
SigmoidPlayer,100,1000,2,200,0.65,489,495,491,493,2
SigmoidPlayer,100,1000,2,200,0.65,505,513,508,510,2
SigmoidPlayer,100,1000,2,200,0.65,475,510,490,496,6
SigmoidPlayer,100,1000,2,200,0.65,479,495,485,489,4
SigmoidPlayer,100,1000,2,200,0.65,490,495,492,494,2
SigmoidPlayer,100,1000,2,200,0.65,430,437,433,435,2
SigmoidPlayer,100,1000,2,200,0.65,528,539,533,535,2
SigmoidPlayer,100,1000,2,200,0.65,554,561,557,559,2
SigmoidPlayer,100,1000,2,200,0.65,541,551,545,547,2
SigmoidPlayer,100,1000,2,200,0.65,556,562,558,560,2
SigmoidPlayer,100,1000,2,200,0.65,504,524,512,516,4
SigmoidPlayer,100,1000,2,200,0.65,505,531,515,521,6
SigmoidPlayer,100,1000,2,200,0.65,597,609,602,604,2
SigmoidPlayer,100,1000,2,200,0.65,485,490,487,489,2
SigmoidPlayer,100,1000,2,200,0.65,563,567,564,566,2
SigmoidPlayer,100,1000,2,200,0.65,518,525,521,523,2
SigmoidPlayer,100,1000,2,200,0.65,528,544,534,538,4
SigmoidPlayer,100,1000,2,200,0.65,490,507,497,501,4
SigmoidPlayer,100,1000,2,200,0.65,505,513,508,510,2
SigmoidPlayer,100,1000,2,200,0.65,512,515,513,515,2
SigmoidPlayer,100,1000,2,200,0.65,532,539,535,537,2
SigmoidPlayer,100,1000,2,200,0.65,460,468,463,465,2
SigmoidPlayer,100,1000,2,200,0.65,534,545,539,541,2
SigmoidPlayer,100,1000,2,200,0.65,544,553,548,550,2
SigmoidPlayer,100,1000,2,200,0.65,473,476,474,476,2
SigmoidPlayer,100,1000,2,200,0.65,609,613,610,612,2
SigmoidPlayer,100,1000,2,200,0.65,547,557,551,553,2
SigmoidPlayer,100,1000,2,200,0.65,518,527,522,524,2
SigmoidPlayer,100,1000,2,200,0.65,510,527,517,521,4
SigmoidPlayer,100,1000,2,200,0.65,523,528,525,527,2
SigmoidPlayer,100,1000,2,200,0.65,521,531,525,527,2
SigmoidPlayer,100,1000,2,200,0.65,527,533,529,531,2
SigmoidPlayer,100,1000,2,200,0.65,538,545,541,543,2
SigmoidPlayer,100,1000,2,200,0.65,482,495,487,491,4
SigmoidPlayer,100,1000,2,200,0.65,526,532,528,530,2
SigmoidPlayer,100,1000,2,200,0.65,522,539,529,533,4
SigmoidPlayer,100,1000,2,200,0.65,532,549,539,543,4
SigmoidPlayer,100,1000,2,200,0.65,531,540,535,537,2
SigmoidPlayer,100,1000,2,200,0.65,500,512,505,507,2
SigmoidPlayer,100,1000,2,200,0.65,446,452,448,450,2
SigmoidPlayer,100,1000,2,200,0.65,492,499,495,497,2
SigmoidPlayer,100,1000,2,200,0.65,493,506,498,502,4
SigmoidPlayer,100,1000,2,200,0.65,550,555,552,554,2
SigmoidPlayer,100,1000,2,200,0.65,497,505,500,502,2
SigmoidPlayer,100,1000,2,200,0.65,526,534,529,531,2
SigmoidPlayer,100,1000,2,200,0.65,564,569,566,568,2
SigmoidPlayer,100,1000,2,200,0.65,494,516,503,507,4
SigmoidPlayer,100,1000,2,200,0.65,479,485,481,483,2
SigmoidPlayer,100,1000,2,200,0.65,507,516,511,513,2
SigmoidPlayer,100,1000,2,200,0.65,527,529,527,529,2
SigmoidPlayer,100,1000,2,200,0.65,493,515,502,506,4
SigmoidPlayer,100,1000,2,200,0.65,522,527,524,526,2
SigmoidPlayer,100,1000,2,200,0.65,537,548,542,544,2
SigmoidPlayer,100,1000,2,200,0.65,495,500,497,499,2
SigmoidPlayer,100,1000,2,200,0.65,470,485,476,480,4
SigmoidPlayer,100,1000,2,200,0.65,522,531,526,528,2
SigmoidPlayer,100,1000,2,200,0.65,505,512,508,510,2
SigmoidPlayer,100,1000,2,200,0.65,489,496,492,494,2
SigmoidPlayer,100,1000,2,200,0.65,528,538,532,534,2
SigmoidPlayer,100,1000,2,200,0.65,498,501,499,501,2
SigmoidPlayer,100,1000,2,200,0.65,527,531,528,530,2
SigmoidPlayer,100,1000,2,200,0.65,499,508,503,505,2
SigmoidPlayer,100,1000,2,200,0.65,504,517,509,513,4
SigmoidPlayer,100,1000,2,200,0.65,502,518,508,512,4
SigmoidPlayer,100,1000,2,200,0.65,542,550,545,547,2
SigmoidPlayer,100,1000,2,200,0.65,542,556,547,551,4
SigmoidPlayer,100,1000,2,200,0.65,554,567,559,563,4
SigmoidPlayer,100,1000,2,200,0.65,548,552,549,551,2
SigmoidPlayer,100,1000,2,200,0.65,521,531,525,527,2
SigmoidPlayer,100,1000,2,200,0.65,544,572,555,561,6
SigmoidPlayer,100,1000,2,200,0.65,496,509,501,505,4
SigmoidPlayer,100,1000,2,200,0.65,504,518,509,513,4
SigmoidPlayer,100,1000,2,200,0.65,548,559,553,555,2
SigmoidPlayer,100,1000,2,200,0.65,521,529,524,526,2
SigmoidPlayer,100,1000,2,200,0.65,463,473,467,469,2
SigmoidPlayer,100,1000,2,200,0.65,534,539,536,538,2
SigmoidPlayer,100,1000,2,200,0.65,526,530,527,529,2
SigmoidPlayer,100,1000,2,200,0.65,539,546,542,544,2
SigmoidPlayer,100,1000,2,200,0.65,468,477,472,474,2
SigmoidPlayer,100,1000,2,200,0.65,487,496,491,493,2
SigmoidPlayer,100,1000,2,200,0.65,464,473,468,470,2
SigmoidPlayer,100,1000,2,200,0.65,426,436,430,432,2
SigmoidPlayer,100,1000,2,200,0.65,521,527,523,525,2
SigmoidPlayer,100,1000,2,200,0.65,536,548,541,543,2
SigmoidPlayer,100,1000,2,200,0.65,508,516,511,513,2
SigmoidPlayer,100,1000,2,200,0.65,488,501,493,497,4
SigmoidPlayer,100,1000,2,200,0.65,526,542,532,536,4
SigmoidPlayer,100,1000,2,200,0.65,470,485,476,480,4
SigmoidPlayer,100,1000,2,200,0.65,489,497,492,494,2
SigmoidPlayer,100,1000,2,200,0.65,482,501,490,494,4
SigmoidPlayer,100,1000,2,200,0.65,605,614,609,611,2
SigmoidPlayer,100,1000,2,200,0.65,534,536,534,536,2
SigmoidPlayer,100,1000,2,200,0.65,497,508,502,504,2
SigmoidPlayer,100,1000,2,200,0.65,499,504,501,503,2
LRPlayer,100,1000,2,200,0.65,506,511,507,510,3
LRPlayer,100,1000,2,200,0.65,511,534,520,524,4
LRPlayer,100,1000,2,200,0.65,552,557,553,556,3
LRPlayer,100,1000,2,200,0.65,457,470,462,465,3
LRPlayer,100,1000,2,200,0.65,539,549,542,546,4
LRPlayer,100,1000,2,200,0.65,519,523,520,523,3
LRPlayer,100,1000,2,200,0.65,526,541,531,535,4
LRPlayer,100,1000,2,200,0.65,463,475,468,471,3
LRPlayer,100,1000,2,200,0.65,506,514,508,511,3
LRPlayer,100,1000,2,200,0.65,479,503,489,493,4
LRPlayer,100,1000,2,200,0.65,557,569,562,565,3
LRPlayer,100,1000,2,200,0.65,487,501,492,496,4
LRPlayer,100,1000,2,200,0.65,472,478,474,476,2
LRPlayer,100,1000,2,200,0.65,478,486,480,483,3
LRPlayer,100,1000,2,200,0.65,465,475,469,472,3
LRPlayer,100,1000,2,200,0.65,510,516,512,514,2
LRPlayer,100,1000,2,200,0.65,545,553,547,550,3
LRPlayer,100,1000,2,200,0.65,463,486,473,477,4
LRPlayer,100,1000,2,200,0.65,552,556,553,555,2
LRPlayer,100,1000,2,200,0.65,444,453,447,450,3
LRPlayer,100,1000,2,200,0.65,456,463,458,461,3
LRPlayer,100,1000,2,200,0.65,479,508,490,495,5
LRPlayer,100,1000,2,200,0.65,510,526,517,520,3
LRPlayer,100,1000,2,200,0.65,523,529,525,527,2
LRPlayer,100,1000,2,200,0.65,470,485,476,479,3
LRPlayer,100,1000,2,200,0.65,467,477,470,474,4
LRPlayer,100,1000,2,200,0.65,484,496,488,492,4
LRPlayer,100,1000,2,200,0.65,466,485,474,478,4
LRPlayer,100,1000,2,200,0.65,522,532,526,529,3
LRPlayer,100,1000,2,200,0.65,510,513,510,512,2
LRPlayer,100,1000,2,200,0.65,524,533,527,530,3
LRPlayer,100,1000,2,200,0.65,439,447,442,444,2
LRPlayer,100,1000,2,200,0.65,557,571,562,565,3
LRPlayer,100,1000,2,200,0.65,458,469,461,465,4
LRPlayer,100,1000,2,200,0.65,516,532,522,526,4
LRPlayer,100,1000,2,200,0.65,494,504,497,500,3
LRPlayer,100,1000,2,200,0.65,495,505,499,502,3
LRPlayer,100,1000,2,200,0.65,531,539,533,536,3
LRPlayer,100,1000,2,200,0.65,562,568,564,566,2
LRPlayer,100,1000,2,200,0.65,531,538,533,536,3
LRPlayer,100,1000,2,200,0.65,506,513,508,511,3
LRPlayer,100,1000,2,200,0.65,537,544,539,542,3
LRPlayer,100,1000,2,200,0.65,518,528,521,524,3
LRPlayer,100,1000,2,200,0.65,477,483,479,482,3
LRPlayer,100,1000,2,200,0.65,498,507,501,504,3
LRPlayer,100,1000,2,200,0.65,455,465,458,461,3
LRPlayer,100,1000,2,200,0.65,511,535,521,525,4
LRPlayer,100,1000,2,200,0.65,495,504,498,501,3
LRPlayer,100,1000,2,200,0.65,553,564,557,560,3
LRPlayer,100,1000,2,200,0.65,539,558,547,551,4
LRPlayer,100,1000,2,200,0.65,542,550,545,547,2
LRPlayer,100,1000,2,200,0.65,481,485,482,484,2
LRPlayer,100,1000,2,200,0.65,491,510,499,502,3
LRPlayer,100,1000,2,200,0.65,544,554,547,551,4
LRPlayer,100,1000,2,200,0.65,470,483,475,478,3
LRPlayer,100,1000,2,200,0.65,466,482,472,476,4
LRPlayer,100,1000,2,200,0.65,543,551,545,548,3
LRPlayer,100,1000,2,200,0.65,483,495,487,491,4
LRPlayer,100,1000,2,200,0.65,452,456,453,455,2
LRPlayer,100,1000,2,200,0.65,487,498,491,494,3
LRPlayer,100,1000,2,200,0.65,492,500,494,497,3
LRPlayer,100,1000,2,200,0.65,508,522,514,517,3
LRPlayer,100,1000,2,200,0.65,450,458,452,455,3
LRPlayer,100,1000,2,200,0.65,490,519,502,507,5
LRPlayer,100,1000,2,200,0.65,442,448,444,447,3
LRPlayer,100,1000,2,200,0.65,514,522,516,519,3
LRPlayer,100,1000,2,200,0.65,483,490,485,488,3
LRPlayer,100,1000,2,200,0.65,476,493,483,486,3
LRPlayer,100,1000,2,200,0.65,496,503,498,501,3
LRPlayer,100,1000,2,200,0.65,426,449,436,440,4
LRPlayer,100,1000,2,200,0.65,544,565,553,557,4
LRPlayer,100,1000,2,200,0.65,461,473,465,469,4
LRPlayer,100,1000,2,200,0.65,468,473,469,472,3
LRPlayer,100,1000,2,200,0.65,537,547,540,543,3
LRPlayer,100,1000,2,200,0.65,486,493,488,491,3
LRPlayer,100,1000,2,200,0.65,506,510,507,509,2
LRPlayer,100,1000,2,200,0.65,530,537,532,535,3
LRPlayer,100,1000,2,200,0.65,489,497,492,495,3
LRPlayer,100,1000,2,200,0.65,449,463,454,458,4
LRPlayer,100,1000,2,200,0.65,476,482,478,481,3
LRPlayer,100,1000,2,200,0.65,493,504,497,500,3
LRPlayer,100,1000,2,200,0.65,521,530,524,527,3
LRPlayer,100,1000,2,200,0.65,494,507,499,502,3
LRPlayer,100,1000,2,200,0.65,478,482,479,481,2
LRPlayer,100,1000,2,200,0.65,492,503,496,499,3
LRPlayer,100,1000,2,200,0.65,469,481,474,477,3
LRPlayer,100,1000,2,200,0.65,527,546,535,539,4
LRPlayer,100,1000,2,200,0.65,460,473,464,468,4
LRPlayer,100,1000,2,200,0.65,499,513,504,508,4
LRPlayer,100,1000,2,200,0.65,533,554,541,545,4
LRPlayer,100,1000,2,200,0.65,426,440,431,435,4
LRPlayer,100,1000,2,200,0.65,499,515,505,508,3
LRPlayer,100,1000,2,200,0.65,498,508,501,505,4
LRPlayer,100,1000,2,200,0.65,506,515,509,512,3
LRPlayer,100,1000,2,200,0.65,515,529,521,524,3
LRPlayer,100,1000,2,200,0.65,516,521,517,519,2
LRPlayer,100,1000,2,200,0.65,509,513,510,512,2
LRPlayer,100,1000,2,200,0.65,493,498,494,497,3
LRPlayer,100,1000,2,200,0.65,497,511,503,506,3
LRPlayer,100,1000,2,200,0.65,538,543,539,542,3
MLPPlayer,100,1000,2,200,0.65,391,424,403,421,18
MLPPlayer,100,1000,2,200,0.65,358,402,375,382,7
MLPPlayer,100,1000,2,200,0.65,354,372,356,372,16
MLPPlayer,100,1000,2,200,0.65,468,482,463,484,21
MLPPlayer,100,1000,2,200,0.65,361,378,361,377,16
MLPPlayer,100,1000,2,200,0.65,393,428,400,419,19
MLPPlayer,100,1000,2,200,0.65,293,304,294,300,6
MLPPlayer,100,1000,2,200,0.65,316,349,325,342,17
MLPPlayer,100,1000,2,200,0.65,409,419,404,421,17
MLPPlayer,100,1000,2,200,0.65,418,433,415,428,13
MLPPlayer,100,1000,2,200,0.65,413,434,411,431,20
MLPPlayer,100,1000,2,200,0.65,485,505,488,498,10
MLPPlayer,100,1000,2,200,0.65,461,492,465,483,18
MLPPlayer,100,1000,2,200,0.65,329,355,339,346,7
MLPPlayer,100,1000,2,200,0.65,405,430,408,427,19
MLPPlayer,100,1000,2,200,0.65,430,453,434,447,13
MLPPlayer,100,1000,2,200,0.65,375,399,387,403,16
MLPPlayer,100,1000,2,200,0.65,397,419,393,412,19
MLPPlayer,100,1000,2,200,0.65,327,351,336,342,6
MLPPlayer,100,1000,2,200,0.65,344,364,346,361,15
MLPPlayer,100,1000,2,200,0.65,427,456,438,447,9
MLPPlayer,100,1000,2,200,0.65,401,437,408,427,19
MLPPlayer,100,1000,2,200,0.65,311,340,324,333,9
MLPPlayer,100,1000,2,200,0.65,390,410,399,416,17
MLPPlayer,100,1000,2,200,0.65,405,432,409,427,18
MLPPlayer,100,1000,2,200,0.65,379,401,385,393,8
MLPPlayer,100,1000,2,200,0.65,383,404,385,403,18
MLPPlayer,100,1000,2,200,0.65,365,382,371,378,7
MLPPlayer,100,1000,2,200,0.65,396,440,404,426,22
MLPPlayer,100,1000,2,200,0.65,410,439,411,431,20
MLPPlayer,100,1000,2,200,0.65,415,426,411,428,17
MLPPlayer,100,1000,2,200,0.65,365,389,369,385,16
MLPPlayer,100,1000,2,200,0.65,452,475,454,472,18
MLPPlayer,100,1000,2,200,0.65,397,424,403,417,14
MLPPlayer,100,1000,2,200,0.65,398,423,402,420,18
MLPPlayer,100,1000,2,200,0.65,391,418,394,411,17
MLPPlayer,100,1000,2,200,0.65,415,436,422,438,16
MLPPlayer,100,1000,2,200,0.65,369,395,371,387,16
MLPPlayer,100,1000,2,200,0.65,449,473,450,467,17
MLPPlayer,100,1000,2,200,0.65,415,443,416,436,20
MLPPlayer,100,1000,2,200,0.65,423,442,421,438,17
MLPPlayer,100,1000,2,200,0.65,512,539,513,532,19
MLPPlayer,100,1000,2,200,0.65,377,396,379,395,16
MLPPlayer,100,1000,2,200,0.65,400,423,398,415,17
MLPPlayer,100,1000,2,200,0.65,419,450,431,451,20
MLPPlayer,100,1000,2,200,0.65,427,453,436,456,20
MLPPlayer,100,1000,2,200,0.65,395,421,405,411,6
MLPPlayer,100,1000,2,200,0.65,395,404,393,400,7
MLPPlayer,100,1000,2,200,0.65,460,490,463,482,19
MLPPlayer,100,1000,2,200,0.65,385,408,381,398,17
MLPPlayer,100,1000,2,200,0.65,338,344,322,340,18
MLPPlayer,100,1000,2,200,0.65,430,449,431,449,18
MLPPlayer,100,1000,2,200,0.65,437,483,449,472,23
MLPPlayer,100,1000,2,200,0.65,492,515,495,512,17
MLPPlayer,100,1000,2,200,0.65,342,368,341,359,18
MLPPlayer,100,1000,2,200,0.65,361,378,360,377,17
MLPPlayer,100,1000,2,200,0.65,348,366,349,368,19
MLPPlayer,100,1000,2,200,0.65,408,432,410,428,18
MLPPlayer,100,1000,2,200,0.65,433,463,440,460,20
MLPPlayer,100,1000,2,200,0.65,393,405,390,407,17
MLPPlayer,100,1000,2,200,0.65,434,462,441,453,12
MLPPlayer,100,1000,2,200,0.65,387,412,388,404,16
MLPPlayer,100,1000,2,200,0.65,355,382,362,377,15
MLPPlayer,100,1000,2,200,0.65,406,432,400,421,21
MLPPlayer,100,1000,2,200,0.65,447,461,442,465,23
MLPPlayer,100,1000,2,200,0.65,365,387,366,381,15
MLPPlayer,100,1000,2,200,0.65,420,445,418,438,20
MLPPlayer,100,1000,2,200,0.65,408,428,408,426,18
MLPPlayer,100,1000,2,200,0.65,382,397,375,394,19
MLPPlayer,100,1000,2,200,0.65,469,490,472,490,18
MLPPlayer,100,1000,2,200,0.65,393,411,393,411,18
MLPPlayer,100,1000,2,200,0.65,428,458,435,452,17
MLPPlayer,100,1000,2,200,0.65,384,412,391,408,17
MLPPlayer,100,1000,2,200,0.65,449,477,457,473,16
MLPPlayer,100,1000,2,200,0.65,431,452,432,453,21
MLPPlayer,100,1000,2,200,0.65,431,450,441,462,21
MLPPlayer,100,1000,2,200,0.65,490,514,494,513,19
MLPPlayer,100,1000,2,200,0.65,353,378,359,370,11
MLPPlayer,100,1000,2,200,0.65,372,402,375,391,16
MLPPlayer,100,1000,2,200,0.65,354,377,358,369,11
MLPPlayer,100,1000,2,200,0.65,422,448,427,436,9
MLPPlayer,100,1000,2,200,0.65,354,374,359,369,10
MLPPlayer,100,1000,2,200,0.65,341,350,332,349,17
MLPPlayer,100,1000,2,200,0.65,335,363,336,353,17
MLPPlayer,100,1000,2,200,0.65,400,411,398,414,16
MLPPlayer,100,1000,2,200,0.65,385,410,384,401,17
MLPPlayer,100,1000,2,200,0.65,437,481,453,464,11
MLPPlayer,100,1000,2,200,0.65,366,386,368,386,18
MLPPlayer,100,1000,2,200,0.65,421,445,416,438,22
MLPPlayer,100,1000,2,200,0.65,389,416,393,405,12
MLPPlayer,100,1000,2,200,0.65,438,446,437,454,17
MLPPlayer,100,1000,2,200,0.65,400,407,400,406,6
MLPPlayer,100,1000,2,200,0.65,330,352,333,348,15
MLPPlayer,100,1000,2,200,0.65,428,458,432,449,17
MLPPlayer,100,1000,2,200,0.65,417,444,423,442,19
MLPPlayer,100,1000,2,200,0.65,413,445,421,437,16
MLPPlayer,100,1000,2,200,0.65,387,416,394,411,17
Player,100,1000,2,200,0.65,517,530,516,528,12
Player,100,1000,2,200,0.65,606,618,605,612,7
Player,100,1000,2,200,0.65,547,576,560,570,10
Player,100,1000,2,200,0.65,531,540,527,539,12
Player,100,1000,2,200,0.65,561,583,570,576,6
Player,100,1000,2,200,0.65,489,496,483,495,12
Player,100,1000,2,200,0.65,439,464,446,455,9
Player,100,1000,2,200,0.65,533,557,539,547,8
Player,100,1000,2,200,0.65,520,559,535,542,7
Player,100,1000,2,200,0.65,481,506,481,497,16
Player,100,1000,2,200,0.65,434,444,435,442,7
Player,100,1000,2,200,0.65,446,453,445,461,16
Player,100,1000,2,200,0.65,491,507,495,502,7
Player,100,1000,2,200,0.65,410,425,403,424,21
Player,100,1000,2,200,0.65,511,532,517,527,10
Player,100,1000,2,200,0.65,571,580,564,576,12
Player,100,1000,2,200,0.65,498,537,499,517,18
Player,100,1000,2,200,0.65,576,601,585,594,9
Player,100,1000,2,200,0.65,535,553,537,546,9
Player,100,1000,2,200,0.65,461,471,460,474,14
Player,100,1000,2,200,0.65,488,512,495,500,5
Player,100,1000,2,200,0.65,451,469,460,473,13
Player,100,1000,2,200,0.65,475,502,482,492,10
Player,100,1000,2,200,0.65,466,480,465,473,8
Player,100,1000,2,200,0.65,378,402,387,395,8
Player,100,1000,2,200,0.65,519,531,518,533,15
Player,100,1000,2,200,0.65,436,448,443,450,7
Player,100,1000,2,200,0.65,450,467,444,463,19
Player,100,1000,2,200,0.65,489,505,490,504,14
Player,100,1000,2,200,0.65,508,532,516,527,11
Player,100,1000,2,200,0.65,504,533,511,522,11
Player,100,1000,2,200,0.65,542,570,552,564,12
Player,100,1000,2,200,0.65,581,592,581,591,10
Player,100,1000,2,200,0.65,510,532,517,528,11
Player,100,1000,2,200,0.65,528,539,521,536,15
Player,100,1000,2,200,0.65,514,533,515,524,9
Player,100,1000,2,200,0.65,433,448,437,443,6
Player,100,1000,2,200,0.65,566,580,566,575,9
Player,100,1000,2,200,0.65,503,519,512,519,7
Player,100,1000,2,200,0.65,511,532,510,535,25
Player,100,1000,2,200,0.65,444,468,442,461,19
Player,100,1000,2,200,0.65,482,497,486,491,5
Player,100,1000,2,200,0.65,526,547,533,543,10
Player,100,1000,2,200,0.65,577,601,584,592,8
Player,100,1000,2,200,0.65,493,511,502,511,9
Player,100,1000,2,200,0.65,496,512,499,509,10
Player,100,1000,2,200,0.65,519,529,519,532,13
Player,100,1000,2,200,0.65,439,451,440,449,9
Player,100,1000,2,200,0.65,521,538,532,545,13
Player,100,1000,2,200,0.65,410,425,413,425,12
Player,100,1000,2,200,0.65,589,602,591,596,5
Player,100,1000,2,200,0.65,567,593,575,588,13
Player,100,1000,2,200,0.65,433,456,440,448,8
Player,100,1000,2,200,0.65,393,411,402,415,13
Player,100,1000,2,200,0.65,457,477,463,475,12
Player,100,1000,2,200,0.65,500,531,514,520,6
Player,100,1000,2,200,0.65,514,531,520,528,8
Player,100,1000,2,200,0.65,550,574,557,566,9
Player,100,1000,2,200,0.65,556,566,559,567,8
Player,100,1000,2,200,0.65,444,481,464,470,6
Player,100,1000,2,200,0.65,462,484,464,469,5
Player,100,1000,2,200,0.65,544,578,557,569,12
Player,100,1000,2,200,0.65,555,567,553,570,17
Player,100,1000,2,200,0.65,500,522,510,514,4
Player,100,1000,2,200,0.65,387,396,384,396,12
Player,100,1000,2,200,0.65,526,540,526,542,16
Player,100,1000,2,200,0.65,453,461,443,459,16
Player,100,1000,2,200,0.65,525,546,529,553,24
Player,100,1000,2,200,0.65,461,472,455,470,15
Player,100,1000,2,200,0.65,573,581,579,583,4
Player,100,1000,2,200,0.65,495,521,499,510,11
Player,100,1000,2,200,0.65,529,543,535,546,11
Player,100,1000,2,200,0.65,567,579,569,576,7
Player,100,1000,2,200,0.65,460,478,466,476,10
Player,100,1000,2,200,0.65,568,584,566,575,9
Player,100,1000,2,200,0.65,542,560,549,558,9
Player,100,1000,2,200,0.65,492,499,484,508,24
Player,100,1000,2,200,0.65,568,580,570,581,11
Player,100,1000,2,200,0.65,487,509,493,507,14
Player,100,1000,2,200,0.65,422,440,429,434,5
Player,100,1000,2,200,0.65,527,542,531,545,14
Player,100,1000,2,200,0.65,503,518,505,516,11
Player,100,1000,2,200,0.65,564,584,562,570,8
Player,100,1000,2,200,0.65,510,518,507,516,9
Player,100,1000,2,200,0.65,428,438,434,446,12
Player,100,1000,2,200,0.65,477,508,479,490,11
Player,100,1000,2,200,0.65,517,534,522,533,11
Player,100,1000,2,200,0.65,499,513,502,510,8
Player,100,1000,2,200,0.65,480,492,479,486,7
Player,100,1000,2,200,0.65,556,569,559,566,7
Player,100,1000,2,200,0.65,524,546,531,547,16
Player,100,1000,2,200,0.65,485,503,489,495,6
Player,100,1000,2,200,0.65,451,472,446,463,17
Player,100,1000,2,200,0.65,577,592,575,593,18
Player,100,1000,2,200,0.65,462,478,472,485,13
Player,100,1000,2,200,0.65,568,591,568,577,9
Player,100,1000,2,200,0.65,543,560,547,553,6
Player,100,1000,2,200,0.65,587,605,584,600,16
Player,100,1000,2,200,0.65,450,473,454,465,11
Player,100,1000,2,200,0.65,472,497,479,490,11
LinearFunctionPlayer,100,1000,2,200,0.65,502,521,508,515,7
LinearFunctionPlayer,100,1000,2,200,0.65,532,543,535,540,5
LinearFunctionPlayer,100,1000,2,200,0.65,428,445,433,440,7
LinearFunctionPlayer,100,1000,2,200,0.65,488,500,492,496,4
LinearFunctionPlayer,100,1000,2,200,0.65,530,541,533,538,5
LinearFunctionPlayer,100,1000,2,200,0.65,493,500,495,498,3
LinearFunctionPlayer,100,1000,2,200,0.65,524,529,525,528,3
LinearFunctionPlayer,100,1000,2,200,0.65,515,526,518,523,5
LinearFunctionPlayer,100,1000,2,200,0.65,509,515,511,513,2
LinearFunctionPlayer,100,1000,2,200,0.65,479,484,480,483,3
LinearFunctionPlayer,100,1000,2,200,0.65,504,518,508,514,6
LinearFunctionPlayer,100,1000,2,200,0.65,480,484,481,483,2
LinearFunctionPlayer,100,1000,2,200,0.65,527,534,529,532,3
LinearFunctionPlayer,100,1000,2,200,0.65,491,501,494,498,4
LinearFunctionPlayer,100,1000,2,200,0.65,487,495,489,493,4
LinearFunctionPlayer,100,1000,2,200,0.65,533,544,536,541,5
LinearFunctionPlayer,100,1000,2,200,0.65,480,491,483,488,5
LinearFunctionPlayer,100,1000,2,200,0.65,495,505,498,502,4
LinearFunctionPlayer,100,1000,2,200,0.65,475,494,481,488,7
LinearFunctionPlayer,100,1000,2,200,0.65,461,474,465,470,5
LinearFunctionPlayer,100,1000,2,200,0.65,525,540,530,535,5
LinearFunctionPlayer,100,1000,2,200,0.65,450,462,454,458,4
LinearFunctionPlayer,100,1000,2,200,0.65,493,506,497,502,5
LinearFunctionPlayer,100,1000,2,200,0.65,440,450,443,447,4
LinearFunctionPlayer,100,1000,2,200,0.65,458,463,459,462,3
LinearFunctionPlayer,100,1000,2,200,0.65,478,493,483,488,5
LinearFunctionPlayer,100,1000,2,200,0.65,467,477,470,474,4
LinearFunctionPlayer,100,1000,2,200,0.65,486,501,491,496,5
LinearFunctionPlayer,100,1000,2,200,0.65,504,527,512,519,7
LinearFunctionPlayer,100,1000,2,200,0.65,423,435,427,431,4
LinearFunctionPlayer,100,1000,2,200,0.65,512,518,514,516,2
LinearFunctionPlayer,100,1000,2,200,0.65,471,479,473,477,4
LinearFunctionPlayer,100,1000,2,200,0.65,450,461,453,458,5
LinearFunctionPlayer,100,1000,2,200,0.65,487,504,492,499,7
LinearFunctionPlayer,100,1000,2,200,0.65,492,513,499,506,7
LinearFunctionPlayer,100,1000,2,200,0.65,504,517,508,513,5
LinearFunctionPlayer,100,1000,2,200,0.65,471,479,473,477,4
LinearFunctionPlayer,100,1000,2,200,0.65,523,528,524,527,3
LinearFunctionPlayer,100,1000,2,200,0.65,510,529,516,523,7
LinearFunctionPlayer,100,1000,2,200,0.65,484,498,488,494,6
LinearFunctionPlayer,100,1000,2,200,0.65,492,503,495,500,5
LinearFunctionPlayer,100,1000,2,200,0.65,482,492,485,489,4
LinearFunctionPlayer,100,1000,2,200,0.65,427,434,429,432,3
LinearFunctionPlayer,100,1000,2,200,0.65,477,485,479,483,4
LinearFunctionPlayer,100,1000,2,200,0.65,511,532,518,525,7
LinearFunctionPlayer,100,1000,2,200,0.65,469,487,475,481,6
LinearFunctionPlayer,100,1000,2,200,0.65,451,474,459,466,7
LinearFunctionPlayer,100,1000,2,200,0.65,523,536,527,532,5
LinearFunctionPlayer,100,1000,2,200,0.65,448,465,453,460,7
LinearFunctionPlayer,100,1000,2,200,0.65,507,515,509,513,4
LinearFunctionPlayer,100,1000,2,200,0.65,486,501,491,496,5
LinearFunctionPlayer,100,1000,2,200,0.65,507,519,511,515,4
LinearFunctionPlayer,100,1000,2,200,0.65,474,485,477,482,5
LinearFunctionPlayer,100,1000,2,200,0.65,476,486,479,483,4
LinearFunctionPlayer,100,1000,2,200,0.65,457,462,458,461,3
LinearFunctionPlayer,100,1000,2,200,0.65,510,525,515,520,5
LinearFunctionPlayer,100,1000,2,200,0.65,486,497,489,494,5
LinearFunctionPlayer,100,1000,2,200,0.65,505,520,510,515,5
LinearFunctionPlayer,100,1000,2,200,0.65,453,468,458,463,5
LinearFunctionPlayer,100,1000,2,200,0.65,511,522,514,519,5
LinearFunctionPlayer,100,1000,2,200,0.65,501,511,504,508,4
LinearFunctionPlayer,100,1000,2,200,0.65,535,539,536,538,2
LinearFunctionPlayer,100,1000,2,200,0.65,491,505,495,501,6
LinearFunctionPlayer,100,1000,2,200,0.65,426,433,428,431,3
LinearFunctionPlayer,100,1000,2,200,0.65,457,475,463,469,6
LinearFunctionPlayer,100,1000,2,200,0.65,519,535,524,530,6
LinearFunctionPlayer,100,1000,2,200,0.65,429,452,437,444,7
LinearFunctionPlayer,100,1000,2,200,0.65,481,487,483,485,2
LinearFunctionPlayer,100,1000,2,200,0.65,500,507,502,505,3
LinearFunctionPlayer,100,1000,2,200,0.65,485,496,488,493,5
LinearFunctionPlayer,100,1000,2,200,0.65,538,554,543,549,6
LinearFunctionPlayer,100,1000,2,200,0.65,500,504,501,503,2
LinearFunctionPlayer,100,1000,2,200,0.65,510,526,515,521,6
LinearFunctionPlayer,100,1000,2,200,0.65,522,539,527,534,7
LinearFunctionPlayer,100,1000,2,200,0.65,468,483,473,478,5
LinearFunctionPlayer,100,1000,2,200,0.65,474,485,477,482,5
LinearFunctionPlayer,100,1000,2,200,0.65,504,506,504,506,2
LinearFunctionPlayer,100,1000,2,200,0.65,520,544,528,536,8
LinearFunctionPlayer,100,1000,2,200,0.65,517,527,520,524,4
LinearFunctionPlayer,100,1000,2,200,0.65,491,503,495,499,4
LinearFunctionPlayer,100,1000,2,200,0.65,518,531,522,527,5
LinearFunctionPlayer,100,1000,2,200,0.65,462,470,464,468,4
LinearFunctionPlayer,100,1000,2,200,0.65,478,494,483,489,6
LinearFunctionPlayer,100,1000,2,200,0.65,462,472,465,469,4
LinearFunctionPlayer,100,1000,2,200,0.65,498,507,501,504,3
LinearFunctionPlayer,100,1000,2,200,0.65,451,456,452,455,3
LinearFunctionPlayer,100,1000,2,200,0.65,506,514,508,512,4
LinearFunctionPlayer,100,1000,2,200,0.65,459,468,462,465,3
LinearFunctionPlayer,100,1000,2,200,0.65,525,529,526,528,2
LinearFunctionPlayer,100,1000,2,200,0.65,475,501,484,492,8
LinearFunctionPlayer,100,1000,2,200,0.65,463,477,467,473,6
LinearFunctionPlayer,100,1000,2,200,0.65,504,510,506,508,2
LinearFunctionPlayer,100,1000,2,200,0.65,463,477,467,473,6
LinearFunctionPlayer,100,1000,2,200,0.65,474,484,477,481,4
LinearFunctionPlayer,100,1000,2,200,0.65,456,464,458,462,4
LinearFunctionPlayer,100,1000,2,200,0.65,524,545,531,538,7
LinearFunctionPlayer,100,1000,2,200,0.65,507,510,508,509,1
LinearFunctionPlayer,100,1000,2,200,0.65,457,484,466,475,9
LinearFunctionPlayer,100,1000,2,200,0.65,530,537,532,535,3
LinearFunctionPlayer,100,1000,2,200,0.65,400,405,401,404,3
SigmoidPlayer,100,1000,2,200,0.7,519,525,521,523,2
SigmoidPlayer,100,1000,2,200,0.7,533,542,537,539,2
SigmoidPlayer,100,1000,2,200,0.7,521,531,524,528,4
SigmoidPlayer,100,1000,2,200,0.7,544,559,550,554,4
SigmoidPlayer,100,1000,2,200,0.7,521,540,528,534,6
SigmoidPlayer,100,1000,2,200,0.7,532,549,539,543,4
SigmoidPlayer,100,1000,2,200,0.7,522,542,529,535,6
SigmoidPlayer,100,1000,2,200,0.7,526,533,529,531,2
SigmoidPlayer,100,1000,2,200,0.7,513,521,516,518,2
SigmoidPlayer,100,1000,2,200,0.7,505,515,508,512,4
SigmoidPlayer,100,1000,2,200,0.7,524,531,527,529,2
SigmoidPlayer,100,1000,2,200,0.7,540,547,543,545,2
SigmoidPlayer,100,1000,2,200,0.7,545,547,545,547,2
SigmoidPlayer,100,1000,2,200,0.7,508,519,512,516,4
SigmoidPlayer,100,1000,2,200,0.7,487,495,490,492,2
SigmoidPlayer,100,1000,2,200,0.7,456,470,461,465,4
SigmoidPlayer,100,1000,2,200,0.7,515,526,519,523,4
SigmoidPlayer,100,1000,2,200,0.7,553,561,556,558,2
SigmoidPlayer,100,1000,2,200,0.7,521,535,526,530,4
SigmoidPlayer,100,1000,2,200,0.7,519,531,523,527,4
SigmoidPlayer,100,1000,2,200,0.7,523,534,527,531,4
SigmoidPlayer,100,1000,2,200,0.7,520,524,521,523,2
SigmoidPlayer,100,1000,2,200,0.7,481,488,484,486,2
SigmoidPlayer,100,1000,2,200,0.7,567,573,569,571,2
SigmoidPlayer,100,1000,2,200,0.7,544,553,548,550,2
SigmoidPlayer,100,1000,2,200,0.7,513,519,515,517,2
SigmoidPlayer,100,1000,2,200,0.7,512,517,514,516,2
SigmoidPlayer,100,1000,2,200,0.7,495,513,502,506,4
SigmoidPlayer,100,1000,2,200,0.7,548,559,552,556,4
SigmoidPlayer,100,1000,2,200,0.7,516,535,523,529,6
SigmoidPlayer,100,1000,2,200,0.7,481,508,492,498,6
SigmoidPlayer,100,1000,2,200,0.7,574,596,582,588,6
SigmoidPlayer,100,1000,2,200,0.7,545,555,548,552,4
SigmoidPlayer,100,1000,2,200,0.7,543,556,548,552,4
SigmoidPlayer,100,1000,2,200,0.7,524,534,527,531,4
SigmoidPlayer,100,1000,2,200,0.7,584,598,589,593,4
SigmoidPlayer,100,1000,2,200,0.7,543,558,549,553,4
SigmoidPlayer,100,1000,2,200,0.7,508,515,511,513,2
SigmoidPlayer,100,1000,2,200,0.7,510,513,511,513,2
SigmoidPlayer,100,1000,2,200,0.7,457,465,460,462,2
SigmoidPlayer,100,1000,2,200,0.7,489,502,494,498,4
SigmoidPlayer,100,1000,2,200,0.7,543,553,546,550,4
SigmoidPlayer,100,1000,2,200,0.7,517,551,530,538,8
SigmoidPlayer,100,1000,2,200,0.7,514,521,517,519,2
SigmoidPlayer,100,1000,2,200,0.7,502,508,504,506,2
SigmoidPlayer,100,1000,2,200,0.7,517,524,520,522,2
SigmoidPlayer,100,1000,2,200,0.7,590,595,592,594,2
SigmoidPlayer,100,1000,2,200,0.7,505,511,507,509,2
SigmoidPlayer,100,1000,2,200,0.7,508,518,511,515,4
SigmoidPlayer,100,1000,2,200,0.7,502,518,508,512,4
SigmoidPlayer,100,1000,2,200,0.7,525,530,527,529,2
SigmoidPlayer,100,1000,2,200,0.7,511,528,518,522,4
SigmoidPlayer,100,1000,2,200,0.7,537,543,539,541,2
SigmoidPlayer,100,1000,2,200,0.7,511,519,514,516,2
SigmoidPlayer,100,1000,2,200,0.7,524,534,527,531,4
SigmoidPlayer,100,1000,2,200,0.7,477,486,481,483,2
SigmoidPlayer,100,1000,2,200,0.7,527,539,531,535,4
SigmoidPlayer,100,1000,2,200,0.7,502,515,507,511,4
SigmoidPlayer,100,1000,2,200,0.7,519,525,521,523,2
SigmoidPlayer,100,1000,2,200,0.7,534,542,537,539,2
SigmoidPlayer,100,1000,2,200,0.7,557,561,558,560,2
SigmoidPlayer,100,1000,2,200,0.7,489,499,492,496,4
SigmoidPlayer,100,1000,2,200,0.7,541,552,545,549,4
SigmoidPlayer,100,1000,2,200,0.7,499,503,500,502,2
SigmoidPlayer,100,1000,2,200,0.7,589,600,593,597,4
SigmoidPlayer,100,1000,2,200,0.7,522,533,526,530,4
SigmoidPlayer,100,1000,2,200,0.7,550,562,554,558,4
SigmoidPlayer,100,1000,2,200,0.7,518,536,525,529,4
SigmoidPlayer,100,1000,2,200,0.7,496,502,498,500,2
SigmoidPlayer,100,1000,2,200,0.7,549,557,552,554,2
SigmoidPlayer,100,1000,2,200,0.7,488,494,490,492,2
SigmoidPlayer,100,1000,2,200,0.7,525,535,528,532,4
SigmoidPlayer,100,1000,2,200,0.7,500,517,507,511,4
SigmoidPlayer,100,1000,2,200,0.7,498,509,502,506,4
SigmoidPlayer,100,1000,2,200,0.7,507,510,508,510,2
SigmoidPlayer,100,1000,2,200,0.7,508,515,511,513,2
SigmoidPlayer,100,1000,2,200,0.7,485,504,492,498,6
SigmoidPlayer,100,1000,2,200,0.7,579,582,580,582,2
SigmoidPlayer,100,1000,2,200,0.7,584,598,589,593,4
SigmoidPlayer,100,1000,2,200,0.7,521,537,527,531,4
SigmoidPlayer,100,1000,2,200,0.7,531,546,537,541,4
SigmoidPlayer,100,1000,2,200,0.7,507,511,508,510,2
SigmoidPlayer,100,1000,2,200,0.7,533,555,541,547,6
SigmoidPlayer,100,1000,2,200,0.7,545,553,548,550,2
SigmoidPlayer,100,1000,2,200,0.7,496,512,502,506,4
SigmoidPlayer,100,1000,2,200,0.7,564,584,571,577,6
SigmoidPlayer,100,1000,2,200,0.7,552,558,554,556,2
SigmoidPlayer,100,1000,2,200,0.7,537,551,542,546,4
SigmoidPlayer,100,1000,2,200,0.7,497,504,500,502,2
SigmoidPlayer,100,1000,2,200,0.7,452,464,456,460,4
SigmoidPlayer,100,1000,2,200,0.7,471,485,476,480,4
SigmoidPlayer,100,1000,2,200,0.7,524,538,529,533,4
SigmoidPlayer,100,1000,2,200,0.7,558,569,562,566,4
SigmoidPlayer,100,1000,2,200,0.7,568,577,572,574,2
SigmoidPlayer,100,1000,2,200,0.7,499,505,501,503,2
SigmoidPlayer,100,1000,2,200,0.7,454,461,457,459,2
SigmoidPlayer,100,1000,2,200,0.7,533,541,536,538,2
SigmoidPlayer,100,1000,2,200,0.7,529,540,533,537,4
SigmoidPlayer,100,1000,2,200,0.7,525,537,529,533,4
SigmoidPlayer,100,1000,2,200,0.7,525,537,529,533,4
LRPlayer,100,1000,2,200,0.7,451,456,452,455,3
LRPlayer,100,1000,2,200,0.7,517,533,523,528,5
LRPlayer,100,1000,2,200,0.7,524,541,531,535,4
LRPlayer,100,1000,2,200,0.7,531,549,538,542,4
LRPlayer,100,1000,2,200,0.7,493,499,495,498,3
LRPlayer,100,1000,2,200,0.7,524,546,533,537,4
LRPlayer,100,1000,2,200,0.7,528,545,534,539,5
LRPlayer,100,1000,2,200,0.7,565,600,578,585,7
LRPlayer,100,1000,2,200,0.7,494,500,495,499,4
LRPlayer,100,1000,2,200,0.7,492,498,494,497,3
LRPlayer,100,1000,2,200,0.7,515,525,518,522,4
LRPlayer,100,1000,2,200,0.7,456,462,457,461,4
LRPlayer,100,1000,2,200,0.7,491,502,495,499,4
LRPlayer,100,1000,2,200,0.7,466,475,469,473,4
LRPlayer,100,1000,2,200,0.7,499,508,502,505,3
LRPlayer,100,1000,2,200,0.7,469,481,473,477,4
LRPlayer,100,1000,2,200,0.7,441,458,447,452,5
LRPlayer,100,1000,2,200,0.7,448,467,456,460,4
LRPlayer,100,1000,2,200,0.7,466,481,471,475,4
LRPlayer,100,1000,2,200,0.7,477,486,480,484,4
LRPlayer,100,1000,2,200,0.7,465,481,471,476,5
LRPlayer,100,1000,2,200,0.7,520,527,522,525,3
LRPlayer,100,1000,2,200,0.7,498,504,499,502,3
LRPlayer,100,1000,2,200,0.7,500,508,502,505,3
LRPlayer,100,1000,2,200,0.7,449,473,458,464,6
LRPlayer,100,1000,2,200,0.7,511,524,516,520,4
LRPlayer,100,1000,2,200,0.7,479,484,480,483,3
LRPlayer,100,1000,2,200,0.7,500,508,502,505,3
LRPlayer,100,1000,2,200,0.7,477,485,479,483,4
LRPlayer,100,1000,2,200,0.7,484,490,485,489,4
LRPlayer,100,1000,2,200,0.7,501,519,508,512,4
LRPlayer,100,1000,2,200,0.7,447,460,451,456,5
LRPlayer,100,1000,2,200,0.7,517,538,526,531,5
LRPlayer,100,1000,2,200,0.7,520,523,520,523,3
LRPlayer,100,1000,2,200,0.7,491,505,495,500,5
LRPlayer,100,1000,2,200,0.7,505,524,512,516,4
LRPlayer,100,1000,2,200,0.7,516,528,520,524,4
LRPlayer,100,1000,2,200,0.7,507,513,508,512,4
LRPlayer,100,1000,2,200,0.7,486,504,493,497,4
LRPlayer,100,1000,2,200,0.7,492,501,494,498,4
LRPlayer,100,1000,2,200,0.7,520,533,524,528,4
LRPlayer,100,1000,2,200,0.7,471,476,472,475,3
LRPlayer,100,1000,2,200,0.7,516,523,518,521,3
LRPlayer,100,1000,2,200,0.7,527,533,528,531,3
LRPlayer,100,1000,2,200,0.7,507,516,509,513,4
LRPlayer,100,1000,2,200,0.7,485,504,492,497,5
LRPlayer,100,1000,2,200,0.7,529,536,531,534,3
LRPlayer,100,1000,2,200,0.7,481,495,486,491,5
LRPlayer,100,1000,2,200,0.7,463,472,465,469,4
LRPlayer,100,1000,2,200,0.7,475,490,480,485,5
LRPlayer,100,1000,2,200,0.7,503,508,504,507,3
LRPlayer,100,1000,2,200,0.7,521,531,524,528,4
LRPlayer,100,1000,2,200,0.7,431,442,434,438,4
LRPlayer,100,1000,2,200,0.7,420,426,422,425,3
LRPlayer,100,1000,2,200,0.7,474,481,476,479,3
LRPlayer,100,1000,2,200,0.7,511,527,517,522,5
LRPlayer,100,1000,2,200,0.7,486,503,492,497,5
LRPlayer,100,1000,2,200,0.7,496,503,498,501,3
LRPlayer,100,1000,2,200,0.7,428,459,441,448,7
LRPlayer,100,1000,2,200,0.7,554,558,555,558,3
LRPlayer,100,1000,2,200,0.7,501,513,505,509,4
LRPlayer,100,1000,2,200,0.7,506,513,508,511,3
LRPlayer,100,1000,2,200,0.7,466,475,469,472,3
LRPlayer,100,1000,2,200,0.7,498,513,504,508,4
LRPlayer,100,1000,2,200,0.7,503,508,504,507,3
LRPlayer,100,1000,2,200,0.7,514,517,514,517,3
LRPlayer,100,1000,2,200,0.7,508,518,511,515,4
LRPlayer,100,1000,2,200,0.7,515,525,518,522,4
LRPlayer,100,1000,2,200,0.7,486,501,491,495,4
LRPlayer,100,1000,2,200,0.7,460,474,465,469,4
LRPlayer,100,1000,2,200,0.7,532,547,537,541,4
LRPlayer,100,1000,2,200,0.7,468,480,472,476,4
LRPlayer,100,1000,2,200,0.7,502,511,504,508,4
LRPlayer,100,1000,2,200,0.7,480,490,483,487,4
LRPlayer,100,1000,2,200,0.7,530,538,532,536,4
LRPlayer,100,1000,2,200,0.7,541,549,543,547,4
LRPlayer,100,1000,2,200,0.7,508,519,511,515,4
LRPlayer,100,1000,2,200,0.7,498,517,506,510,4
LRPlayer,100,1000,2,200,0.7,491,503,495,499,4
LRPlayer,100,1000,2,200,0.7,461,473,465,469,4
LRPlayer,100,1000,2,200,0.7,519,544,529,534,5
LRPlayer,100,1000,2,200,0.7,469,476,471,474,3
LRPlayer,100,1000,2,200,0.7,510,535,520,526,6
LRPlayer,100,1000,2,200,0.7,493,500,495,498,3
LRPlayer,100,1000,2,200,0.7,536,549,540,544,4
LRPlayer,100,1000,2,200,0.7,470,479,472,476,4
LRPlayer,100,1000,2,200,0.7,510,521,513,517,4
LRPlayer,100,1000,2,200,0.7,473,494,480,485,5
LRPlayer,100,1000,2,200,0.7,528,536,530,534,4
LRPlayer,100,1000,2,200,0.7,456,465,459,463,4
LRPlayer,100,1000,2,200,0.7,507,518,511,514,3
LRPlayer,100,1000,2,200,0.7,444,467,452,458,6
LRPlayer,100,1000,2,200,0.7,484,504,491,496,5
LRPlayer,100,1000,2,200,0.7,482,489,483,487,4
LRPlayer,100,1000,2,200,0.7,537,545,539,543,4
LRPlayer,100,1000,2,200,0.7,507,521,512,517,5
LRPlayer,100,1000,2,200,0.7,441,463,449,454,5
LRPlayer,100,1000,2,200,0.7,533,543,536,540,4
LRPlayer,100,1000,2,200,0.7,507,522,512,517,5
LRPlayer,100,1000,2,200,0.7,467,473,468,472,4
MLPPlayer,100,1000,2,200,0.7,391,400,380,403,23
MLPPlayer,100,1000,2,200,0.7,458,473,460,474,14
MLPPlayer,100,1000,2,200,0.7,335,364,346,352,6
MLPPlayer,100,1000,2,200,0.7,391,427,392,418,26
MLPPlayer,100,1000,2,200,0.7,347,368,354,362,8
MLPPlayer,100,1000,2,200,0.7,337,374,332,360,28
MLPPlayer,100,1000,2,200,0.7,356,383,352,376,24
MLPPlayer,100,1000,2,200,0.7,467,499,464,491,27
MLPPlayer,100,1000,2,200,0.7,420,436,408,432,24
MLPPlayer,100,1000,2,200,0.7,292,318,298,317,19
MLPPlayer,100,1000,2,200,0.7,349,370,342,369,27
MLPPlayer,100,1000,2,200,0.7,439,466,447,460,13
MLPPlayer,100,1000,2,200,0.7,410,426,403,430,27
MLPPlayer,100,1000,2,200,0.7,378,425,384,409,25
MLPPlayer,100,1000,2,200,0.7,442,456,444,459,15
MLPPlayer,100,1000,2,200,0.7,380,410,382,407,25
MLPPlayer,100,1000,2,200,0.7,360,371,349,373,24
MLPPlayer,100,1000,2,200,0.7,458,489,454,482,28
MLPPlayer,100,1000,2,200,0.7,261,288,266,284,18
MLPPlayer,100,1000,2,200,0.7,339,370,348,357,9
MLPPlayer,100,1000,2,200,0.7,367,391,361,384,23
MLPPlayer,100,1000,2,200,0.7,427,459,434,456,22
MLPPlayer,100,1000,2,200,0.7,359,380,360,382,22
MLPPlayer,100,1000,2,200,0.7,417,444,415,437,22
MLPPlayer,100,1000,2,200,0.7,348,377,360,366,6
MLPPlayer,100,1000,2,200,0.7,448,486,456,482,26
MLPPlayer,100,1000,2,200,0.7,381,416,387,411,24
MLPPlayer,100,1000,2,200,0.7,359,390,364,386,22
MLPPlayer,100,1000,2,200,0.7,355,392,362,390,28
MLPPlayer,100,1000,2,200,0.7,360,380,362,385,23
MLPPlayer,100,1000,2,200,0.7,362,384,361,382,21
MLPPlayer,100,1000,2,200,0.7,432,464,434,463,29
MLPPlayer,100,1000,2,200,0.7,355,378,354,377,23
MLPPlayer,100,1000,2,200,0.7,388,412,382,406,24
MLPPlayer,100,1000,2,200,0.7,336,374,347,361,14
MLPPlayer,100,1000,2,200,0.7,445,476,445,470,25
MLPPlayer,100,1000,2,200,0.7,415,452,419,444,25
MLPPlayer,100,1000,2,200,0.7,477,516,479,505,26
MLPPlayer,100,1000,2,200,0.7,371,405,375,398,23
MLPPlayer,100,1000,2,200,0.7,413,445,418,445,27
MLPPlayer,100,1000,2,200,0.7,386,401,381,405,24
MLPPlayer,100,1000,2,200,0.7,324,348,327,347,20
MLPPlayer,100,1000,2,200,0.7,487,524,497,526,29
MLPPlayer,100,1000,2,200,0.7,420,458,428,455,27
MLPPlayer,100,1000,2,200,0.7,364,387,366,387,21
MLPPlayer,100,1000,2,200,0.7,487,508,485,510,25
MLPPlayer,100,1000,2,200,0.7,345,382,351,375,24
MLPPlayer,100,1000,2,200,0.7,408,448,404,431,27
MLPPlayer,100,1000,2,200,0.7,344,378,353,377,24
MLPPlayer,100,1000,2,200,0.7,398,425,402,418,16
MLPPlayer,100,1000,2,200,0.7,372,383,373,384,11
MLPPlayer,100,1000,2,200,0.7,364,395,375,386,11
MLPPlayer,100,1000,2,200,0.7,401,422,402,420,18
MLPPlayer,100,1000,2,200,0.7,437,460,441,461,20
MLPPlayer,100,1000,2,200,0.7,430,454,428,456,28
MLPPlayer,100,1000,2,200,0.7,312,336,313,338,25
MLPPlayer,100,1000,2,200,0.7,357,393,359,382,23
MLPPlayer,100,1000,2,200,0.7,447,471,442,470,28
MLPPlayer,100,1000,2,200,0.7,512,548,512,542,30
MLPPlayer,100,1000,2,200,0.7,349,379,358,370,12
MLPPlayer,100,1000,2,200,0.7,428,442,427,440,13
MLPPlayer,100,1000,2,200,0.7,469,494,469,493,24
MLPPlayer,100,1000,2,200,0.7,367,418,378,406,28
MLPPlayer,100,1000,2,200,0.7,334,367,333,356,23
MLPPlayer,100,1000,2,200,0.7,352,378,357,371,14
MLPPlayer,100,1000,2,200,0.7,390,423,392,418,26
MLPPlayer,100,1000,2,200,0.7,404,445,413,440,27
MLPPlayer,100,1000,2,200,0.7,424,450,429,453,24
MLPPlayer,100,1000,2,200,0.7,335,368,340,360,20
MLPPlayer,100,1000,2,200,0.7,411,443,412,436,24
MLPPlayer,100,1000,2,200,0.7,355,372,351,375,24
MLPPlayer,100,1000,2,200,0.7,314,344,323,334,11
MLPPlayer,100,1000,2,200,0.7,325,353,325,346,21
MLPPlayer,100,1000,2,200,0.7,288,319,298,312,14
MLPPlayer,100,1000,2,200,0.7,361,394,371,384,13
MLPPlayer,100,1000,2,200,0.7,356,384,359,378,19
MLPPlayer,100,1000,2,200,0.7,434,466,436,461,25
MLPPlayer,100,1000,2,200,0.7,371,382,369,395,26
MLPPlayer,100,1000,2,200,0.7,402,441,403,429,26
MLPPlayer,100,1000,2,200,0.7,333,351,328,351,23
MLPPlayer,100,1000,2,200,0.7,349,388,360,389,29
MLPPlayer,100,1000,2,200,0.7,355,386,360,384,24
MLPPlayer,100,1000,2,200,0.7,365,383,364,385,21
MLPPlayer,100,1000,2,200,0.7,391,402,393,399,6
MLPPlayer,100,1000,2,200,0.7,420,435,409,434,25
MLPPlayer,100,1000,2,200,0.7,393,420,398,413,15
MLPPlayer,100,1000,2,200,0.7,430,454,431,452,21
MLPPlayer,100,1000,2,200,0.7,431,464,440,465,25
MLPPlayer,100,1000,2,200,0.7,404,432,402,429,27
MLPPlayer,100,1000,2,200,0.7,350,362,345,369,24
MLPPlayer,100,1000,2,200,0.7,425,448,414,444,30
MLPPlayer,100,1000,2,200,0.7,434,470,444,458,14
MLPPlayer,100,1000,2,200,0.7,320,346,328,339,11
MLPPlayer,100,1000,2,200,0.7,430,460,430,459,29
MLPPlayer,100,1000,2,200,0.7,395,420,391,414,23
MLPPlayer,100,1000,2,200,0.7,435,464,439,460,21
MLPPlayer,100,1000,2,200,0.7,359,398,371,385,14
MLPPlayer,100,1000,2,200,0.7,367,396,371,393,22
MLPPlayer,100,1000,2,200,0.7,365,415,378,402,24
MLPPlayer,100,1000,2,200,0.7,410,441,422,432,10
Player,100,1000,2,200,0.7,466,478,471,478,7
Player,100,1000,2,200,0.7,486,498,484,497,13
Player,100,1000,2,200,0.7,482,495,484,495,11
Player,100,1000,2,200,0.7,483,502,487,503,16
Player,100,1000,2,200,0.7,544,550,550,564,14
Player,100,1000,2,200,0.7,450,468,451,465,14
Player,100,1000,2,200,0.7,468,479,469,474,5
Player,100,1000,2,200,0.7,423,441,430,442,12
Player,100,1000,2,200,0.7,504,517,504,509,5
Player,100,1000,2,200,0.7,438,467,444,454,10
Player,100,1000,2,200,0.7,521,532,521,531,10
Player,100,1000,2,200,0.7,520,534,514,534,20
Player,100,1000,2,200,0.7,386,398,386,395,9
Player,100,1000,2,200,0.7,524,543,522,540,18
Player,100,1000,2,200,0.7,512,524,517,523,6
Player,100,1000,2,200,0.7,607,628,608,623,15
Player,100,1000,2,200,0.7,417,428,419,430,11
Player,100,1000,2,200,0.7,394,402,391,398,7
Player,100,1000,2,200,0.7,494,504,490,507,17
Player,100,1000,2,200,0.7,455,468,451,462,11
Player,100,1000,2,200,0.7,485,504,488,496,8
Player,100,1000,2,200,0.7,512,529,516,529,13
Player,100,1000,2,200,0.7,503,522,507,515,8
Player,100,1000,2,200,0.7,541,556,546,553,7
Player,100,1000,2,200,0.7,484,501,492,500,8
Player,100,1000,2,200,0.7,385,401,389,399,10
Player,100,1000,2,200,0.7,458,472,457,472,15
Player,100,1000,2,200,0.7,562,574,558,570,12
Player,100,1000,2,200,0.7,480,501,483,496,13
Player,100,1000,2,200,0.7,393,430,409,413,4
Player,100,1000,2,200,0.7,422,442,437,443,6
Player,100,1000,2,200,0.7,407,423,409,423,14
Player,100,1000,2,200,0.7,511,534,518,528,10
Player,100,1000,2,200,0.7,549,566,549,559,10
Player,100,1000,2,200,0.7,512,530,517,528,11
Player,100,1000,2,200,0.7,441,462,449,460,11
Player,100,1000,2,200,0.7,398,418,402,411,9
Player,100,1000,2,200,0.7,478,504,480,495,15
Player,100,1000,2,200,0.7,466,486,471,485,14
Player,100,1000,2,200,0.7,404,428,409,426,17
Player,100,1000,2,200,0.7,480,493,486,500,14
Player,100,1000,2,200,0.7,581,588,585,591,6
Player,100,1000,2,200,0.7,505,520,512,518,6
Player,100,1000,2,200,0.7,446,464,455,462,7
Player,100,1000,2,200,0.7,492,518,506,514,8
Player,100,1000,2,200,0.7,435,462,450,457,7
Player,100,1000,2,200,0.7,462,471,452,466,14
Player,100,1000,2,200,0.7,438,468,449,458,9
Player,100,1000,2,200,0.7,457,471,460,469,9
Player,100,1000,2,200,0.7,554,559,551,563,12
Player,100,1000,2,200,0.7,477,519,491,500,9
Player,100,1000,2,200,0.7,464,472,463,470,7
Player,100,1000,2,200,0.7,429,441,437,443,6
Player,100,1000,2,200,0.7,538,559,547,557,10
Player,100,1000,2,200,0.7,473,505,480,490,10
Player,100,1000,2,200,0.7,492,510,498,507,9
Player,100,1000,2,200,0.7,518,534,522,544,22
Player,100,1000,2,200,0.7,476,497,485,491,6
Player,100,1000,2,200,0.7,412,432,419,427,8
Player,100,1000,2,200,0.7,528,553,538,548,10
Player,100,1000,2,200,0.7,448,460,450,460,10
Player,100,1000,2,200,0.7,525,540,527,549,22
Player,100,1000,2,200,0.7,456,489,468,476,8
Player,100,1000,2,200,0.7,571,582,567,579,12
Player,100,1000,2,200,0.7,479,508,485,503,18
Player,100,1000,2,200,0.7,514,525,513,524,11
Player,100,1000,2,200,0.7,480,496,480,504,24
Player,100,1000,2,200,0.7,499,549,522,530,8
Player,100,1000,2,200,0.7,448,466,451,455,4
Player,100,1000,2,200,0.7,476,490,474,480,6
Player,100,1000,2,200,0.7,457,469,456,472,16
Player,100,1000,2,200,0.7,442,455,443,456,13
Player,100,1000,2,200,0.7,429,461,441,452,11
Player,100,1000,2,200,0.7,512,532,519,528,9
Player,100,1000,2,200,0.7,499,511,495,508,13
Player,100,1000,2,200,0.7,519,534,527,538,11
Player,100,1000,2,200,0.7,491,519,509,515,6
Player,100,1000,2,200,0.7,443,462,438,450,12
Player,100,1000,2,200,0.7,586,599,587,611,24
Player,100,1000,2,200,0.7,557,565,562,575,13
Player,100,1000,2,200,0.7,512,539,522,528,6
Player,100,1000,2,200,0.7,375,394,379,385,6
Player,100,1000,2,200,0.7,429,440,429,453,24
Player,100,1000,2,200,0.7,419,432,420,427,7
Player,100,1000,2,200,0.7,563,573,562,570,8
Player,100,1000,2,200,0.7,461,489,473,486,13
Player,100,1000,2,200,0.7,407,421,409,415,6
Player,100,1000,2,200,0.7,510,519,505,515,10
Player,100,1000,2,200,0.7,456,484,470,479,9
Player,100,1000,2,200,0.7,495,516,501,506,5
Player,100,1000,2,200,0.7,508,522,500,517,17
Player,100,1000,2,200,0.7,485,497,491,508,17
Player,100,1000,2,200,0.7,485,497,489,494,5
Player,100,1000,2,200,0.7,425,448,432,442,10
Player,100,1000,2,200,0.7,500,515,501,516,15
Player,100,1000,2,200,0.7,510,522,509,517,8
Player,100,1000,2,200,0.7,428,447,431,443,12
Player,100,1000,2,200,0.7,577,594,575,583,8
Player,100,1000,2,200,0.7,511,531,523,534,11
Player,100,1000,2,200,0.7,592,615,597,604,7
LinearFunctionPlayer,100,1000,2,200,0.7,499,514,503,510,7
LinearFunctionPlayer,100,1000,2,200,0.7,468,481,471,478,7
LinearFunctionPlayer,100,1000,2,200,0.7,458,467,460,465,5
LinearFunctionPlayer,100,1000,2,200,0.7,488,514,495,507,12
LinearFunctionPlayer,100,1000,2,200,0.7,502,518,506,514,8
LinearFunctionPlayer,100,1000,2,200,0.7,518,539,524,533,9
LinearFunctionPlayer,100,1000,2,200,0.7,502,513,505,510,5
LinearFunctionPlayer,100,1000,2,200,0.7,507,520,510,517,7
LinearFunctionPlayer,100,1000,2,200,0.7,436,452,440,448,8
LinearFunctionPlayer,100,1000,2,200,0.7,483,492,485,490,5
LinearFunctionPlayer,100,1000,2,200,0.7,522,542,527,537,10
LinearFunctionPlayer,100,1000,2,200,0.7,463,481,468,476,8
LinearFunctionPlayer,100,1000,2,200,0.7,465,472,467,470,3
LinearFunctionPlayer,100,1000,2,200,0.7,510,527,515,522,7
LinearFunctionPlayer,100,1000,2,200,0.7,444,450,445,449,4
LinearFunctionPlayer,100,1000,2,200,0.7,515,526,518,523,5
LinearFunctionPlayer,100,1000,2,200,0.7,495,504,497,502,5
LinearFunctionPlayer,100,1000,2,200,0.7,494,510,498,506,8
LinearFunctionPlayer,100,1000,2,200,0.7,535,546,538,543,5
LinearFunctionPlayer,100,1000,2,200,0.7,514,521,516,519,3
LinearFunctionPlayer,100,1000,2,200,0.7,535,544,537,542,5
LinearFunctionPlayer,100,1000,2,200,0.7,479,497,484,492,8
LinearFunctionPlayer,100,1000,2,200,0.7,501,526,508,519,11
LinearFunctionPlayer,100,1000,2,200,0.7,484,505,490,499,9
LinearFunctionPlayer,100,1000,2,200,0.7,462,481,467,476,9
LinearFunctionPlayer,100,1000,2,200,0.7,487,508,493,502,9
LinearFunctionPlayer,100,1000,2,200,0.7,552,568,556,564,8
LinearFunctionPlayer,100,1000,2,200,0.7,503,521,508,516,8
LinearFunctionPlayer,100,1000,2,200,0.7,452,460,454,458,4
LinearFunctionPlayer,100,1000,2,200,0.7,492,513,498,507,9
LinearFunctionPlayer,100,1000,2,200,0.7,456,470,460,466,6
LinearFunctionPlayer,100,1000,2,200,0.7,435,444,437,442,5
LinearFunctionPlayer,100,1000,2,200,0.7,501,522,507,516,9
LinearFunctionPlayer,100,1000,2,200,0.7,528,538,531,536,5
LinearFunctionPlayer,100,1000,2,200,0.7,450,465,454,461,7
LinearFunctionPlayer,100,1000,2,200,0.7,482,496,486,492,6
LinearFunctionPlayer,100,1000,2,200,0.7,482,490,484,488,4
LinearFunctionPlayer,100,1000,2,200,0.7,467,480,470,477,7
LinearFunctionPlayer,100,1000,2,200,0.7,490,500,492,497,5
LinearFunctionPlayer,100,1000,2,200,0.7,484,492,486,490,4
LinearFunctionPlayer,100,1000,2,200,0.7,456,472,460,468,8
LinearFunctionPlayer,100,1000,2,200,0.7,519,527,521,525,4
LinearFunctionPlayer,100,1000,2,200,0.7,475,481,476,480,4
LinearFunctionPlayer,100,1000,2,200,0.7,480,497,485,492,7
LinearFunctionPlayer,100,1000,2,200,0.7,452,462,455,459,4
LinearFunctionPlayer,100,1000,2,200,0.7,503,519,507,515,8
LinearFunctionPlayer,100,1000,2,200,0.7,483,492,485,490,5
LinearFunctionPlayer,100,1000,2,200,0.7,529,544,533,540,7
LinearFunctionPlayer,100,1000,2,200,0.7,535,547,538,544,6
LinearFunctionPlayer,100,1000,2,200,0.7,460,475,464,471,7
LinearFunctionPlayer,100,1000,2,200,0.7,483,502,488,497,9
LinearFunctionPlayer,100,1000,2,200,0.7,467,483,471,479,8
LinearFunctionPlayer,100,1000,2,200,0.7,466,488,472,482,10
LinearFunctionPlayer,100,1000,2,200,0.7,555,565,557,562,5
LinearFunctionPlayer,100,1000,2,200,0.7,564,577,567,574,7
LinearFunctionPlayer,100,1000,2,200,0.7,483,494,486,491,5
LinearFunctionPlayer,100,1000,2,200,0.7,437,453,441,449,8
LinearFunctionPlayer,100,1000,2,200,0.7,492,512,497,507,10
LinearFunctionPlayer,100,1000,2,200,0.7,528,535,530,533,3
LinearFunctionPlayer,100,1000,2,200,0.7,457,489,466,480,14
LinearFunctionPlayer,100,1000,2,200,0.7,470,491,476,485,9
LinearFunctionPlayer,100,1000,2,200,0.7,472,500,480,492,12
LinearFunctionPlayer,100,1000,2,200,0.7,547,560,550,557,7
LinearFunctionPlayer,100,1000,2,200,0.7,554,570,558,566,8
LinearFunctionPlayer,100,1000,2,200,0.7,462,507,475,494,19
LinearFunctionPlayer,100,1000,2,200,0.7,485,513,493,505,12
LinearFunctionPlayer,100,1000,2,200,0.7,488,514,495,507,12
LinearFunctionPlayer,100,1000,2,200,0.7,506,518,509,515,6
LinearFunctionPlayer,100,1000,2,200,0.7,491,503,494,500,6
LinearFunctionPlayer,100,1000,2,200,0.7,506,516,508,513,5
LinearFunctionPlayer,100,1000,2,200,0.7,494,511,499,506,7
LinearFunctionPlayer,100,1000,2,200,0.7,447,453,448,452,4
LinearFunctionPlayer,100,1000,2,200,0.7,511,522,514,519,5
LinearFunctionPlayer,100,1000,2,200,0.7,482,496,486,492,6
LinearFunctionPlayer,100,1000,2,200,0.7,492,505,495,502,7
LinearFunctionPlayer,100,1000,2,200,0.7,484,496,487,493,6
LinearFunctionPlayer,100,1000,2,200,0.7,477,489,480,486,6
LinearFunctionPlayer,100,1000,2,200,0.7,500,513,503,510,7
LinearFunctionPlayer,100,1000,2,200,0.7,531,537,532,536,4
LinearFunctionPlayer,100,1000,2,200,0.7,527,541,531,537,6
LinearFunctionPlayer,100,1000,2,200,0.7,478,495,483,490,7
LinearFunctionPlayer,100,1000,2,200,0.7,525,539,529,535,6
LinearFunctionPlayer,100,1000,2,200,0.7,459,480,465,474,9
LinearFunctionPlayer,100,1000,2,200,0.7,491,507,495,503,8
LinearFunctionPlayer,100,1000,2,200,0.7,438,454,442,450,8
LinearFunctionPlayer,100,1000,2,200,0.7,500,518,505,513,8
LinearFunctionPlayer,100,1000,2,200,0.7,497,504,499,502,3
LinearFunctionPlayer,100,1000,2,200,0.7,470,477,472,475,3
LinearFunctionPlayer,100,1000,2,200,0.7,484,499,488,495,7
LinearFunctionPlayer,100,1000,2,200,0.7,478,494,482,490,8
LinearFunctionPlayer,100,1000,2,200,0.7,506,518,509,515,6
LinearFunctionPlayer,100,1000,2,200,0.7,518,523,519,522,3
LinearFunctionPlayer,100,1000,2,200,0.7,466,477,469,474,5
LinearFunctionPlayer,100,1000,2,200,0.7,476,482,477,481,4
LinearFunctionPlayer,100,1000,2,200,0.7,457,473,461,469,8
LinearFunctionPlayer,100,1000,2,200,0.7,475,486,478,483,5
LinearFunctionPlayer,100,1000,2,200,0.7,446,466,451,461,10
LinearFunctionPlayer,100,1000,2,200,0.7,523,539,527,535,8
LinearFunctionPlayer,100,1000,2,200,0.7,460,480,465,474,9
LinearFunctionPlayer,100,1000,2,200,0.7,549,576,557,568,11
SigmoidPlayer,100,1000,2,200,0.75,514,528,519,523,4
SigmoidPlayer,100,1000,2,200,0.75,535,550,540,546,6
SigmoidPlayer,100,1000,2,200,0.75,495,514,502,508,6
SigmoidPlayer,100,1000,2,200,0.75,518,529,522,526,4
SigmoidPlayer,100,1000,2,200,0.75,555,561,557,559,2
SigmoidPlayer,100,1000,2,200,0.75,502,509,505,507,2
SigmoidPlayer,100,1000,2,200,0.75,477,485,479,483,4
SigmoidPlayer,100,1000,2,200,0.75,527,542,532,538,6
SigmoidPlayer,100,1000,2,200,0.75,522,544,529,537,8
SigmoidPlayer,100,1000,2,200,0.75,469,478,472,476,4
SigmoidPlayer,100,1000,2,200,0.75,501,517,506,512,6
SigmoidPlayer,100,1000,2,200,0.75,520,535,525,531,6
SigmoidPlayer,100,1000,2,200,0.75,490,514,498,506,8
SigmoidPlayer,100,1000,2,200,0.75,479,485,481,483,2
SigmoidPlayer,100,1000,2,200,0.75,502,505,503,505,2
SigmoidPlayer,100,1000,2,200,0.75,544,563,551,557,6
SigmoidPlayer,100,1000,2,200,0.75,430,446,435,441,6
SigmoidPlayer,100,1000,2,200,0.75,494,515,502,508,6
SigmoidPlayer,100,1000,2,200,0.75,476,489,481,485,4
SigmoidPlayer,100,1000,2,200,0.75,499,502,500,502,2
SigmoidPlayer,100,1000,2,200,0.75,562,572,565,569,4
SigmoidPlayer,100,1000,2,200,0.75,510,522,514,518,4
SigmoidPlayer,100,1000,2,200,0.75,576,601,585,593,8
SigmoidPlayer,100,1000,2,200,0.75,526,531,528,530,2
SigmoidPlayer,100,1000,2,200,0.75,525,546,533,539,6
SigmoidPlayer,100,1000,2,200,0.75,534,554,541,547,6
SigmoidPlayer,100,1000,2,200,0.75,571,580,574,578,4
SigmoidPlayer,100,1000,2,200,0.75,551,558,554,556,2
SigmoidPlayer,100,1000,2,200,0.75,499,513,504,508,4
SigmoidPlayer,100,1000,2,200,0.75,538,540,538,540,2
SigmoidPlayer,100,1000,2,200,0.75,518,527,521,525,4
SigmoidPlayer,100,1000,2,200,0.75,478,497,485,491,6
SigmoidPlayer,100,1000,2,200,0.75,497,520,505,513,8
SigmoidPlayer,100,1000,2,200,0.75,512,520,514,518,4
SigmoidPlayer,100,1000,2,200,0.75,483,509,492,500,8
SigmoidPlayer,100,1000,2,200,0.75,539,542,540,542,2
SigmoidPlayer,100,1000,2,200,0.75,539,548,542,546,4
SigmoidPlayer,100,1000,2,200,0.75,508,516,510,514,4
SigmoidPlayer,100,1000,2,200,0.75,461,480,468,474,6
SigmoidPlayer,100,1000,2,200,0.75,502,508,504,506,2
SigmoidPlayer,100,1000,2,200,0.75,556,568,560,564,4
SigmoidPlayer,100,1000,2,200,0.75,526,530,527,529,2
SigmoidPlayer,100,1000,2,200,0.75,544,559,549,555,6
SigmoidPlayer,100,1000,2,200,0.75,468,485,474,480,6
SigmoidPlayer,100,1000,2,200,0.75,539,552,544,548,4
SigmoidPlayer,100,1000,2,200,0.75,543,556,548,552,4
SigmoidPlayer,100,1000,2,200,0.75,530,565,543,553,10
SigmoidPlayer,100,1000,2,200,0.75,499,509,502,506,4
SigmoidPlayer,100,1000,2,200,0.75,504,509,506,508,2
SigmoidPlayer,100,1000,2,200,0.75,504,510,506,508,2
SigmoidPlayer,100,1000,2,200,0.75,555,563,557,561,4
SigmoidPlayer,100,1000,2,200,0.75,559,565,561,563,2
SigmoidPlayer,100,1000,2,200,0.75,463,474,467,471,4
SigmoidPlayer,100,1000,2,200,0.75,523,535,527,531,4
SigmoidPlayer,100,1000,2,200,0.75,459,466,462,464,2
SigmoidPlayer,100,1000,2,200,0.75,529,537,531,535,4
SigmoidPlayer,100,1000,2,200,0.75,483,496,488,492,4
SigmoidPlayer,100,1000,2,200,0.75,487,494,490,492,2
SigmoidPlayer,100,1000,2,200,0.75,521,533,525,529,4
SigmoidPlayer,100,1000,2,200,0.75,535,548,540,544,4
SigmoidPlayer,100,1000,2,200,0.75,558,567,561,565,4
SigmoidPlayer,100,1000,2,200,0.75,474,485,478,482,4
SigmoidPlayer,100,1000,2,200,0.75,449,455,451,453,2
SigmoidPlayer,100,1000,2,200,0.75,529,571,544,556,12
SigmoidPlayer,100,1000,2,200,0.75,567,586,574,580,6
SigmoidPlayer,100,1000,2,200,0.75,483,498,488,494,6
SigmoidPlayer,100,1000,2,200,0.75,484,491,487,489,2
SigmoidPlayer,100,1000,2,200,0.75,453,491,466,478,12
SigmoidPlayer,100,1000,2,200,0.75,560,571,564,568,4
SigmoidPlayer,100,1000,2,200,0.75,488,497,491,495,4
SigmoidPlayer,100,1000,2,200,0.75,520,531,524,528,4
SigmoidPlayer,100,1000,2,200,0.75,551,565,556,560,4
SigmoidPlayer,100,1000,2,200,0.75,568,590,575,583,8
SigmoidPlayer,100,1000,2,200,0.75,528,534,530,532,2
SigmoidPlayer,100,1000,2,200,0.75,543,562,550,556,6
SigmoidPlayer,100,1000,2,200,0.75,516,530,521,525,4
SigmoidPlayer,100,1000,2,200,0.75,443,449,445,447,2
SigmoidPlayer,100,1000,2,200,0.75,560,578,566,572,6
SigmoidPlayer,100,1000,2,200,0.75,497,515,503,509,6
SigmoidPlayer,100,1000,2,200,0.75,497,508,501,505,4
SigmoidPlayer,100,1000,2,200,0.75,495,503,497,501,4
SigmoidPlayer,100,1000,2,200,0.75,482,485,483,485,2
SigmoidPlayer,100,1000,2,200,0.75,517,528,521,525,4
SigmoidPlayer,100,1000,2,200,0.75,553,565,557,561,4
SigmoidPlayer,100,1000,2,200,0.75,521,532,525,529,4
SigmoidPlayer,100,1000,2,200,0.75,498,509,502,506,4
SigmoidPlayer,100,1000,2,200,0.75,527,546,534,540,6
SigmoidPlayer,100,1000,2,200,0.75,515,518,516,518,2
SigmoidPlayer,100,1000,2,200,0.75,536,545,539,543,4
SigmoidPlayer,100,1000,2,200,0.75,490,514,498,506,8
SigmoidPlayer,100,1000,2,200,0.75,520,533,525,529,4
SigmoidPlayer,100,1000,2,200,0.75,455,465,458,462,4
SigmoidPlayer,100,1000,2,200,0.75,528,536,530,534,4
SigmoidPlayer,100,1000,2,200,0.75,511,517,513,515,2
SigmoidPlayer,100,1000,2,200,0.75,510,517,513,515,2
SigmoidPlayer,100,1000,2,200,0.75,525,536,529,533,4
SigmoidPlayer,100,1000,2,200,0.75,430,454,438,446,8
SigmoidPlayer,100,1000,2,200,0.75,535,553,541,547,6
SigmoidPlayer,100,1000,2,200,0.75,547,556,550,554,4
SigmoidPlayer,100,1000,2,200,0.75,538,552,543,547,4
LRPlayer,100,1000,2,200,0.75,493,512,499,505,6
LRPlayer,100,1000,2,200,0.75,470,487,475,481,6
LRPlayer,100,1000,2,200,0.75,476,481,476,481,5
LRPlayer,100,1000,2,200,0.75,576,593,581,587,6
LRPlayer,100,1000,2,200,0.75,516,540,524,531,7
LRPlayer,100,1000,2,200,0.75,457,477,464,470,6
LRPlayer,100,1000,2,200,0.75,475,499,483,490,7
LRPlayer,100,1000,2,200,0.75,472,504,484,492,8
LRPlayer,100,1000,2,200,0.75,494,507,498,503,5
LRPlayer,100,1000,2,200,0.75,459,476,464,470,6
LRPlayer,100,1000,2,200,0.75,534,540,535,539,4
LRPlayer,100,1000,2,200,0.75,495,504,497,502,5
LRPlayer,100,1000,2,200,0.75,474,480,475,479,4
LRPlayer,100,1000,2,200,0.75,511,518,512,517,5
LRPlayer,100,1000,2,200,0.75,477,493,483,488,5
LRPlayer,100,1000,2,200,0.75,480,493,484,489,5
LRPlayer,100,1000,2,200,0.75,512,522,514,519,5
LRPlayer,100,1000,2,200,0.75,468,476,470,474,4
LRPlayer,100,1000,2,200,0.75,450,467,456,462,6
LRPlayer,100,1000,2,200,0.75,546,555,548,553,5
LRPlayer,100,1000,2,200,0.75,470,482,474,479,5
LRPlayer,100,1000,2,200,0.75,486,495,488,493,5
LRPlayer,100,1000,2,200,0.75,441,452,444,449,5
LRPlayer,100,1000,2,200,0.75,466,475,468,472,4
LRPlayer,100,1000,2,200,0.75,499,515,504,509,5
LRPlayer,100,1000,2,200,0.75,538,557,544,550,6
LRPlayer,100,1000,2,200,0.75,542,557,547,552,5
LRPlayer,100,1000,2,200,0.75,458,466,460,464,4
LRPlayer,100,1000,2,200,0.75,523,531,525,529,4
LRPlayer,100,1000,2,200,0.75,487,498,490,495,5
LRPlayer,100,1000,2,200,0.75,454,467,458,463,5
LRPlayer,100,1000,2,200,0.75,493,505,497,502,5
LRPlayer,100,1000,2,200,0.75,498,519,505,511,6
LRPlayer,100,1000,2,200,0.75,556,563,558,562,4
LRPlayer,100,1000,2,200,0.75,539,546,540,545,5
LRPlayer,100,1000,2,200,0.75,513,521,515,519,4
LRPlayer,100,1000,2,200,0.75,484,494,486,491,5
LRPlayer,100,1000,2,200,0.75,515,538,523,530,7
LRPlayer,100,1000,2,200,0.75,523,529,524,528,4
LRPlayer,100,1000,2,200,0.75,466,473,467,472,5
LRPlayer,100,1000,2,200,0.75,465,473,467,471,4
LRPlayer,100,1000,2,200,0.75,500,511,503,508,5
LRPlayer,100,1000,2,200,0.75,487,492,488,491,3
LRPlayer,100,1000,2,200,0.75,463,492,474,482,8
LRPlayer,100,1000,2,200,0.75,548,562,552,558,6
LRPlayer,100,1000,2,200,0.75,503,522,509,515,6
LRPlayer,100,1000,2,200,0.75,545,558,550,555,5
LRPlayer,100,1000,2,200,0.75,485,493,487,491,4
LRPlayer,100,1000,2,200,0.75,501,510,503,508,5
LRPlayer,100,1000,2,200,0.75,507,531,515,523,8
LRPlayer,100,1000,2,200,0.75,517,529,520,525,5
LRPlayer,100,1000,2,200,0.75,472,491,478,484,6
LRPlayer,100,1000,2,200,0.75,484,500,490,495,5
LRPlayer,100,1000,2,200,0.75,513,522,515,519,4
LRPlayer,100,1000,2,200,0.75,491,498,492,496,4
LRPlayer,100,1000,2,200,0.75,489,502,493,498,5
LRPlayer,100,1000,2,200,0.75,523,531,525,529,4
LRPlayer,100,1000,2,200,0.75,492,498,493,497,4
LRPlayer,100,1000,2,200,0.75,519,530,522,527,5
LRPlayer,100,1000,2,200,0.75,519,545,528,535,7
LRPlayer,100,1000,2,200,0.75,491,507,497,502,5
LRPlayer,100,1000,2,200,0.75,495,499,496,499,3
LRPlayer,100,1000,2,200,0.75,510,518,512,516,4
LRPlayer,100,1000,2,200,0.75,517,540,526,532,6
LRPlayer,100,1000,2,200,0.75,477,491,482,487,5
LRPlayer,100,1000,2,200,0.75,475,486,478,482,4
LRPlayer,100,1000,2,200,0.75,413,425,416,421,5
LRPlayer,100,1000,2,200,0.75,488,496,490,494,4
LRPlayer,100,1000,2,200,0.75,488,500,491,497,6
LRPlayer,100,1000,2,200,0.75,450,461,453,458,5
LRPlayer,100,1000,2,200,0.75,510,524,514,520,6
LRPlayer,100,1000,2,200,0.75,510,527,515,521,6
LRPlayer,100,1000,2,200,0.75,507,518,510,515,5
LRPlayer,100,1000,2,200,0.75,543,557,547,553,6
LRPlayer,100,1000,2,200,0.75,518,530,521,526,5
LRPlayer,100,1000,2,200,0.75,521,531,524,528,4
LRPlayer,100,1000,2,200,0.75,497,503,498,502,4
LRPlayer,100,1000,2,200,0.75,505,512,507,511,4
LRPlayer,100,1000,2,200,0.75,438,453,443,448,5
LRPlayer,100,1000,2,200,0.75,541,557,546,552,6
LRPlayer,100,1000,2,200,0.75,519,529,522,526,4
LRPlayer,100,1000,2,200,0.75,503,512,505,510,5
LRPlayer,100,1000,2,200,0.75,444,452,446,450,4
LRPlayer,100,1000,2,200,0.75,520,527,522,526,4
LRPlayer,100,1000,2,200,0.75,510,526,515,520,5
LRPlayer,100,1000,2,200,0.75,475,487,478,483,5
LRPlayer,100,1000,2,200,0.75,467,474,469,473,4
LRPlayer,100,1000,2,200,0.75,533,544,536,541,5
LRPlayer,100,1000,2,200,0.75,559,569,562,567,5
LRPlayer,100,1000,2,200,0.75,493,501,495,499,4
LRPlayer,100,1000,2,200,0.75,491,504,494,499,5
LRPlayer,100,1000,2,200,0.75,482,494,485,490,5
LRPlayer,100,1000,2,200,0.75,477,509,489,497,8
LRPlayer,100,1000,2,200,0.75,502,508,503,507,4
LRPlayer,100,1000,2,200,0.75,469,479,472,476,4
LRPlayer,100,1000,2,200,0.75,534,544,536,541,5
LRPlayer,100,1000,2,200,0.75,502,520,508,514,6
LRPlayer,100,1000,2,200,0.75,488,498,491,495,4
LRPlayer,100,1000,2,200,0.75,551,573,559,565,6
LRPlayer,100,1000,2,200,0.75,508,520,511,516,5
MLPPlayer,100,1000,2,200,0.75,406,442,416,431,15
MLPPlayer,100,1000,2,200,0.75,404,446,403,438,35
MLPPlayer,100,1000,2,200,0.75,354,391,366,380,14
MLPPlayer,100,1000,2,200,0.75,377,397,372,402,30
MLPPlayer,100,1000,2,200,0.75,371,389,374,387,13
MLPPlayer,100,1000,2,200,0.75,312,330,309,333,24
MLPPlayer,100,1000,2,200,0.75,407,442,404,440,36
MLPPlayer,100,1000,2,200,0.75,342,388,356,373,17
MLPPlayer,100,1000,2,200,0.75,347,370,345,372,27
MLPPlayer,100,1000,2,200,0.75,370,409,375,405,30
MLPPlayer,100,1000,2,200,0.75,465,484,460,489,29
MLPPlayer,100,1000,2,200,0.75,346,377,344,375,31
MLPPlayer,100,1000,2,200,0.75,422,460,424,456,32
MLPPlayer,100,1000,2,200,0.75,378,425,383,415,32
MLPPlayer,100,1000,2,200,0.75,386,423,396,415,19
MLPPlayer,100,1000,2,200,0.75,354,383,364,374,10
MLPPlayer,100,1000,2,200,0.75,347,397,358,384,26
MLPPlayer,100,1000,2,200,0.75,335,372,347,357,10
MLPPlayer,100,1000,2,200,0.75,348,396,358,389,31
MLPPlayer,100,1000,2,200,0.75,316,355,317,350,33
MLPPlayer,100,1000,2,200,0.75,395,436,408,425,17
MLPPlayer,100,1000,2,200,0.75,386,427,396,414,18
MLPPlayer,100,1000,2,200,0.75,362,406,364,395,31
MLPPlayer,100,1000,2,200,0.75,382,429,390,422,32
MLPPlayer,100,1000,2,200,0.75,367,400,364,398,34
MLPPlayer,100,1000,2,200,0.75,423,457,422,455,33
MLPPlayer,100,1000,2,200,0.75,363,397,367,397,30
MLPPlayer,100,1000,2,200,0.75,370,407,368,402,34
MLPPlayer,100,1000,2,200,0.75,317,349,323,338,15
MLPPlayer,100,1000,2,200,0.75,289,322,301,315,14
MLPPlayer,100,1000,2,200,0.75,386,424,387,419,32
MLPPlayer,100,1000,2,200,0.75,418,461,419,455,36
MLPPlayer,100,1000,2,200,0.75,326,353,330,345,15
MLPPlayer,100,1000,2,200,0.75,332,363,331,360,29
MLPPlayer,100,1000,2,200,0.75,397,443,407,428,21
MLPPlayer,100,1000,2,200,0.75,399,458,409,445,36
MLPPlayer,100,1000,2,200,0.75,403,421,394,420,26
MLPPlayer,100,1000,2,200,0.75,391,428,400,419,19
MLPPlayer,100,1000,2,200,0.75,307,339,305,332,27
MLPPlayer,100,1000,2,200,0.75,394,435,394,431,37
MLPPlayer,100,1000,2,200,0.75,330,362,338,351,13
MLPPlayer,100,1000,2,200,0.75,399,447,401,436,35
MLPPlayer,100,1000,2,200,0.75,326,370,334,365,31
MLPPlayer,100,1000,2,200,0.75,341,393,349,381,32
MLPPlayer,100,1000,2,200,0.75,272,317,274,302,28
MLPPlayer,100,1000,2,200,0.75,384,429,387,427,40
MLPPlayer,100,1000,2,200,0.75,399,409,390,420,30
MLPPlayer,100,1000,2,200,0.75,382,421,393,410,17
MLPPlayer,100,1000,2,200,0.75,375,414,377,413,36
MLPPlayer,100,1000,2,200,0.75,357,373,356,379,23
MLPPlayer,100,1000,2,200,0.75,357,388,346,382,36
MLPPlayer,100,1000,2,200,0.75,334,361,334,365,31
MLPPlayer,100,1000,2,200,0.75,406,441,408,443,35
MLPPlayer,100,1000,2,200,0.75,347,386,346,383,37
MLPPlayer,100,1000,2,200,0.75,441,485,448,482,34
MLPPlayer,100,1000,2,200,0.75,328,372,339,355,16
MLPPlayer,100,1000,2,200,0.75,390,410,392,408,16
MLPPlayer,100,1000,2,200,0.75,326,362,331,363,32
MLPPlayer,100,1000,2,200,0.75,340,377,347,375,28
MLPPlayer,100,1000,2,200,0.75,407,451,408,448,40
MLPPlayer,100,1000,2,200,0.75,401,442,405,436,31
MLPPlayer,100,1000,2,200,0.75,302,339,312,326,14
MLPPlayer,100,1000,2,200,0.75,350,391,352,387,35
MLPPlayer,100,1000,2,200,0.75,320,375,328,362,34
MLPPlayer,100,1000,2,200,0.75,327,367,334,364,30
MLPPlayer,100,1000,2,200,0.75,330,362,334,359,25
MLPPlayer,100,1000,2,200,0.75,417,449,414,453,39
MLPPlayer,100,1000,2,200,0.75,396,444,401,436,35
MLPPlayer,100,1000,2,200,0.75,358,388,365,378,13
MLPPlayer,100,1000,2,200,0.75,350,373,356,369,13
MLPPlayer,100,1000,2,200,0.75,420,463,419,457,38
MLPPlayer,100,1000,2,200,0.75,330,349,328,356,28
MLPPlayer,100,1000,2,200,0.75,340,362,329,360,31
MLPPlayer,100,1000,2,200,0.75,356,406,353,389,36
MLPPlayer,100,1000,2,200,0.75,416,453,422,442,20
MLPPlayer,100,1000,2,200,0.75,358,393,361,392,31
MLPPlayer,100,1000,2,200,0.75,380,392,363,394,31
MLPPlayer,100,1000,2,200,0.75,374,396,369,396,27
MLPPlayer,100,1000,2,200,0.75,393,434,399,430,31
MLPPlayer,100,1000,2,200,0.75,359,398,374,383,9
MLPPlayer,100,1000,2,200,0.75,314,345,318,344,26
MLPPlayer,100,1000,2,200,0.75,337,361,330,359,29
MLPPlayer,100,1000,2,200,0.75,361,397,362,393,31
MLPPlayer,100,1000,2,200,0.75,343,368,344,371,27
MLPPlayer,100,1000,2,200,0.75,407,446,406,440,34
MLPPlayer,100,1000,2,200,0.75,297,337,304,333,29
MLPPlayer,100,1000,2,200,0.75,389,426,395,433,38
MLPPlayer,100,1000,2,200,0.75,386,426,383,416,33
MLPPlayer,100,1000,2,200,0.75,404,442,409,437,28
MLPPlayer,100,1000,2,200,0.75,396,416,393,416,23
MLPPlayer,100,1000,2,200,0.75,404,437,404,441,37
MLPPlayer,100,1000,2,200,0.75,409,446,410,447,37
MLPPlayer,100,1000,2,200,0.75,346,389,347,378,31
MLPPlayer,100,1000,2,200,0.75,341,392,347,379,32
MLPPlayer,100,1000,2,200,0.75,346,394,352,388,36
MLPPlayer,100,1000,2,200,0.75,326,362,335,349,14
MLPPlayer,100,1000,2,200,0.75,367,405,365,399,34
MLPPlayer,100,1000,2,200,0.75,358,400,361,395,34
MLPPlayer,100,1000,2,200,0.75,369,432,383,417,34
Player,100,1000,2,200,0.75,460,495,468,479,11
Player,100,1000,2,200,0.75,516,532,520,527,7
Player,100,1000,2,200,0.75,511,524,517,523,6
Player,100,1000,2,200,0.75,488,516,500,505,5
Player,100,1000,2,200,0.75,489,507,492,501,9
Player,100,1000,2,200,0.75,449,468,454,462,8
Player,100,1000,2,200,0.75,564,578,558,575,17
Player,100,1000,2,200,0.75,417,427,409,423,14
Player,100,1000,2,200,0.75,488,512,494,503,9
Player,100,1000,2,200,0.75,434,444,428,442,14
Player,100,1000,2,200,0.75,411,424,408,418,10
Player,100,1000,2,200,0.75,540,561,523,533,10
Player,100,1000,2,200,0.75,462,477,462,472,10
Player,100,1000,2,200,0.75,516,545,526,532,6
Player,100,1000,2,200,0.75,385,402,384,398,14
Player,100,1000,2,200,0.75,509,524,514,525,11
Player,100,1000,2,200,0.75,482,494,489,498,9
Player,100,1000,2,200,0.75,489,501,490,497,7
Player,100,1000,2,200,0.75,466,480,464,474,10
Player,100,1000,2,200,0.75,515,528,514,526,12
Player,100,1000,2,200,0.75,482,495,479,485,6
Player,100,1000,2,200,0.75,450,460,439,468,29
Player,100,1000,2,200,0.75,551,578,561,569,8
Player,100,1000,2,200,0.75,526,542,529,545,16
Player,100,1000,2,200,0.75,513,534,518,527,9
Player,100,1000,2,200,0.75,449,471,456,469,13
Player,100,1000,2,200,0.75,516,537,515,532,17
Player,100,1000,2,200,0.75,476,493,475,486,11
Player,100,1000,2,200,0.75,547,570,550,565,15
Player,100,1000,2,200,0.75,522,532,522,533,11
Player,100,1000,2,200,0.75,438,458,442,453,11
Player,100,1000,2,200,0.75,509,530,516,525,9
Player,100,1000,2,200,0.75,488,505,494,503,9
Player,100,1000,2,200,0.75,473,497,481,490,9
Player,100,1000,2,200,0.75,541,559,546,558,12
Player,100,1000,2,200,0.75,471,487,474,483,9
Player,100,1000,2,200,0.75,508,520,511,522,11
Player,100,1000,2,200,0.75,465,480,465,477,12
Player,100,1000,2,200,0.75,500,509,498,507,9
Player,100,1000,2,200,0.75,491,515,500,510,10
Player,100,1000,2,200,0.75,495,516,500,510,10
Player,100,1000,2,200,0.75,506,512,500,522,22
Player,100,1000,2,200,0.75,549,561,544,561,17
Player,100,1000,2,200,0.75,579,592,580,590,10
Player,100,1000,2,200,0.75,527,551,533,543,10
Player,100,1000,2,200,0.75,480,505,487,496,9
Player,100,1000,2,200,0.75,515,533,520,531,11
Player,100,1000,2,200,0.75,569,579,572,577,5
Player,100,1000,2,200,0.75,487,510,489,500,11
Player,100,1000,2,200,0.75,540,549,537,546,9
Player,100,1000,2,200,0.75,452,465,456,465,9
Player,100,1000,2,200,0.75,522,541,531,538,7
Player,100,1000,2,200,0.75,572,586,580,588,8
Player,100,1000,2,200,0.75,441,457,447,458,11
Player,100,1000,2,200,0.75,528,543,525,536,11
Player,100,1000,2,200,0.75,465,495,482,489,7
Player,100,1000,2,200,0.75,496,502,498,505,7
Player,100,1000,2,200,0.75,534,554,539,547,8
Player,100,1000,2,200,0.75,445,454,448,452,4
Player,100,1000,2,200,0.75,455,466,460,464,4
Player,100,1000,2,200,0.75,431,443,425,443,18
Player,100,1000,2,200,0.75,486,510,491,505,14
Player,100,1000,2,200,0.75,497,507,499,504,5
Player,100,1000,2,200,0.75,485,506,488,495,7
Player,100,1000,2,200,0.75,400,443,411,422,11
Player,100,1000,2,200,0.75,517,533,517,534,17
Player,100,1000,2,200,0.75,451,464,450,461,11
Player,100,1000,2,200,0.75,544,555,544,556,12
Player,100,1000,2,200,0.75,461,479,470,478,8
Player,100,1000,2,200,0.75,600,610,602,608,6
Player,100,1000,2,200,0.75,462,487,474,483,9
Player,100,1000,2,200,0.75,493,508,500,513,13
Player,100,1000,2,200,0.75,448,469,454,465,11
Player,100,1000,2,200,0.75,547,576,555,564,9
Player,100,1000,2,200,0.75,502,524,504,516,12
Player,100,1000,2,200,0.75,477,503,476,487,11
Player,100,1000,2,200,0.75,517,530,510,522,12
Player,100,1000,2,200,0.75,555,571,557,573,16
Player,100,1000,2,200,0.75,486,505,495,502,7
Player,100,1000,2,200,0.75,558,585,566,571,5
Player,100,1000,2,200,0.75,626,640,633,636,3
Player,100,1000,2,200,0.75,470,487,475,483,8
Player,100,1000,2,200,0.75,519,531,512,522,10
Player,100,1000,2,200,0.75,478,498,484,492,8
Player,100,1000,2,200,0.75,483,488,483,488,5
Player,100,1000,2,200,0.75,433,445,437,449,12
Player,100,1000,2,200,0.75,572,583,589,596,7
Player,100,1000,2,200,0.75,562,577,557,572,15
Player,100,1000,2,200,0.75,464,471,464,475,11
Player,100,1000,2,200,0.75,535,547,539,544,5
Player,100,1000,2,200,0.75,443,456,447,453,6
Player,100,1000,2,200,0.75,517,530,522,527,5
Player,100,1000,2,200,0.75,473,493,476,487,11
Player,100,1000,2,200,0.75,449,466,454,462,8
Player,100,1000,2,200,0.75,474,500,484,492,8
Player,100,1000,2,200,0.75,423,443,431,437,6
Player,100,1000,2,200,0.75,463,475,469,478,9
Player,100,1000,2,200,0.75,445,469,453,460,7
Player,100,1000,2,200,0.75,495,508,501,506,5
Player,100,1000,2,200,0.75,409,435,421,430,9
LinearFunctionPlayer,100,1000,2,200,0.75,501,531,508,524,16
LinearFunctionPlayer,100,1000,2,200,0.75,546,568,551,563,12
LinearFunctionPlayer,100,1000,2,200,0.75,490,498,492,496,4
LinearFunctionPlayer,100,1000,2,200,0.75,504,527,509,522,13
LinearFunctionPlayer,100,1000,2,200,0.75,491,501,493,499,6
LinearFunctionPlayer,100,1000,2,200,0.75,493,511,497,507,10
LinearFunctionPlayer,100,1000,2,200,0.75,493,506,496,503,7
LinearFunctionPlayer,100,1000,2,200,0.75,510,520,512,518,6
LinearFunctionPlayer,100,1000,2,200,0.75,459,488,466,481,15
LinearFunctionPlayer,100,1000,2,200,0.75,499,512,502,509,7
LinearFunctionPlayer,100,1000,2,200,0.75,508,528,513,523,10
LinearFunctionPlayer,100,1000,2,200,0.75,478,490,481,487,6
LinearFunctionPlayer,100,1000,2,200,0.75,514,532,518,528,10
LinearFunctionPlayer,100,1000,2,200,0.75,501,526,507,520,13
LinearFunctionPlayer,100,1000,2,200,0.75,468,480,471,477,6
LinearFunctionPlayer,100,1000,2,200,0.75,482,513,489,506,17
LinearFunctionPlayer,100,1000,2,200,0.75,475,484,477,482,5
LinearFunctionPlayer,100,1000,2,200,0.75,467,488,472,483,11
LinearFunctionPlayer,100,1000,2,200,0.75,511,520,513,518,5
LinearFunctionPlayer,100,1000,2,200,0.75,513,544,520,537,17
LinearFunctionPlayer,100,1000,2,200,0.75,513,527,516,524,8
LinearFunctionPlayer,100,1000,2,200,0.75,425,446,430,441,11
LinearFunctionPlayer,100,1000,2,200,0.75,478,494,482,490,8
LinearFunctionPlayer,100,1000,2,200,0.75,494,515,499,510,11
LinearFunctionPlayer,100,1000,2,200,0.75,464,483,468,479,11
LinearFunctionPlayer,100,1000,2,200,0.75,501,527,507,521,14
LinearFunctionPlayer,100,1000,2,200,0.75,505,520,508,517,9
LinearFunctionPlayer,100,1000,2,200,0.75,513,532,517,528,11
LinearFunctionPlayer,100,1000,2,200,0.75,518,527,520,525,5
LinearFunctionPlayer,100,1000,2,200,0.75,553,564,555,562,7
LinearFunctionPlayer,100,1000,2,200,0.75,437,458,442,453,11
LinearFunctionPlayer,100,1000,2,200,0.75,435,461,441,455,14
LinearFunctionPlayer,100,1000,2,200,0.75,531,542,533,540,7
LinearFunctionPlayer,100,1000,2,200,0.75,497,508,499,506,7
LinearFunctionPlayer,100,1000,2,200,0.75,522,559,531,550,19
LinearFunctionPlayer,100,1000,2,200,0.75,545,576,552,569,17
LinearFunctionPlayer,100,1000,2,200,0.75,519,530,521,528,7
LinearFunctionPlayer,100,1000,2,200,0.75,540,568,547,561,14
LinearFunctionPlayer,100,1000,2,200,0.75,544,575,551,568,17
LinearFunctionPlayer,100,1000,2,200,0.75,484,499,487,496,9
LinearFunctionPlayer,100,1000,2,200,0.75,518,546,525,539,14
LinearFunctionPlayer,100,1000,2,200,0.75,468,479,470,477,7
LinearFunctionPlayer,100,1000,2,200,0.75,445,459,448,456,8
LinearFunctionPlayer,100,1000,2,200,0.75,553,571,557,567,10
LinearFunctionPlayer,100,1000,2,200,0.75,501,532,508,525,17
LinearFunctionPlayer,100,1000,2,200,0.75,447,458,449,456,7
LinearFunctionPlayer,100,1000,2,200,0.75,493,503,495,501,6
LinearFunctionPlayer,100,1000,2,200,0.75,517,531,520,528,8
LinearFunctionPlayer,100,1000,2,200,0.75,513,533,518,528,10
LinearFunctionPlayer,100,1000,2,200,0.75,477,488,479,486,7
LinearFunctionPlayer,100,1000,2,200,0.75,465,497,473,489,16
LinearFunctionPlayer,100,1000,2,200,0.75,508,518,510,516,6
LinearFunctionPlayer,100,1000,2,200,0.75,522,539,526,535,9
LinearFunctionPlayer,100,1000,2,200,0.75,488,506,492,502,10
LinearFunctionPlayer,100,1000,2,200,0.75,486,498,489,495,6
LinearFunctionPlayer,100,1000,2,200,0.75,493,515,498,510,12
LinearFunctionPlayer,100,1000,2,200,0.75,498,507,500,505,5
LinearFunctionPlayer,100,1000,2,200,0.75,496,511,499,508,9
LinearFunctionPlayer,100,1000,2,200,0.75,461,479,465,475,10
LinearFunctionPlayer,100,1000,2,200,0.75,459,477,463,473,10
LinearFunctionPlayer,100,1000,2,200,0.75,433,451,437,447,10
LinearFunctionPlayer,100,1000,2,200,0.75,452,460,454,458,4
LinearFunctionPlayer,100,1000,2,200,0.75,526,535,528,533,5
LinearFunctionPlayer,100,1000,2,200,0.75,502,512,504,510,6
LinearFunctionPlayer,100,1000,2,200,0.75,443,462,447,458,11
LinearFunctionPlayer,100,1000,2,200,0.75,502,513,504,511,7
LinearFunctionPlayer,100,1000,2,200,0.75,459,469,461,467,6
LinearFunctionPlayer,100,1000,2,200,0.75,486,505,490,501,11
LinearFunctionPlayer,100,1000,2,200,0.75,489,508,493,504,11
LinearFunctionPlayer,100,1000,2,200,0.75,471,486,474,483,9
LinearFunctionPlayer,100,1000,2,200,0.75,489,508,493,504,11
LinearFunctionPlayer,100,1000,2,200,0.75,479,501,484,496,12
LinearFunctionPlayer,100,1000,2,200,0.75,491,536,502,525,23
LinearFunctionPlayer,100,1000,2,200,0.75,491,504,494,501,7
LinearFunctionPlayer,100,1000,2,200,0.75,469,485,473,481,8
LinearFunctionPlayer,100,1000,2,200,0.75,516,531,519,528,9
LinearFunctionPlayer,100,1000,2,200,0.75,491,503,494,500,6
LinearFunctionPlayer,100,1000,2,200,0.75,489,511,494,506,12
LinearFunctionPlayer,100,1000,2,200,0.75,458,500,468,490,22
LinearFunctionPlayer,100,1000,2,200,0.75,515,533,519,529,10
LinearFunctionPlayer,100,1000,2,200,0.75,494,507,497,504,7
LinearFunctionPlayer,100,1000,2,200,0.75,495,512,499,508,9
LinearFunctionPlayer,100,1000,2,200,0.75,464,483,468,479,11
LinearFunctionPlayer,100,1000,2,200,0.75,478,508,485,501,16
LinearFunctionPlayer,100,1000,2,200,0.75,561,581,566,576,10
LinearFunctionPlayer,100,1000,2,200,0.75,483,511,490,504,14
LinearFunctionPlayer,100,1000,2,200,0.75,485,507,490,502,12
LinearFunctionPlayer,100,1000,2,200,0.75,466,481,469,478,9
LinearFunctionPlayer,100,1000,2,200,0.75,458,471,461,468,7
LinearFunctionPlayer,100,1000,2,200,0.75,476,483,477,482,5
LinearFunctionPlayer,100,1000,2,200,0.75,479,491,482,488,6
LinearFunctionPlayer,100,1000,2,200,0.75,440,453,443,450,7
LinearFunctionPlayer,100,1000,2,200,0.75,529,543,532,540,8
LinearFunctionPlayer,100,1000,2,200,0.75,468,494,474,488,14
LinearFunctionPlayer,100,1000,2,200,0.75,514,530,518,526,8
LinearFunctionPlayer,100,1000,2,200,0.75,456,483,462,477,15
LinearFunctionPlayer,100,1000,2,200,0.75,517,537,522,532,10
LinearFunctionPlayer,100,1000,2,200,0.75,417,439,422,434,12
LinearFunctionPlayer,100,1000,2,200,0.75,519,552,527,544,17
LinearFunctionPlayer,100,1000,2,200,0.75,452,480,459,473,14
SigmoidPlayer,100,1000,2,200,0.8,486,490,487,489,2
SigmoidPlayer,100,1000,2,200,0.8,524,543,530,538,8
SigmoidPlayer,100,1000,2,200,0.8,523,543,529,537,8
SigmoidPlayer,100,1000,2,200,0.8,536,554,541,549,8
SigmoidPlayer,100,1000,2,200,0.8,495,503,497,501,4
SigmoidPlayer,100,1000,2,200,0.8,606,626,612,620,8
SigmoidPlayer,100,1000,2,200,0.8,550,569,556,564,8
SigmoidPlayer,100,1000,2,200,0.8,511,526,516,522,6
SigmoidPlayer,100,1000,2,200,0.8,566,582,571,577,6
SigmoidPlayer,100,1000,2,200,0.8,537,551,541,547,6
SigmoidPlayer,100,1000,2,200,0.8,522,530,524,528,4
SigmoidPlayer,100,1000,2,200,0.8,529,540,533,537,4
SigmoidPlayer,100,1000,2,200,0.8,544,564,550,558,8
SigmoidPlayer,100,1000,2,200,0.8,516,527,520,524,4
SigmoidPlayer,100,1000,2,200,0.8,517,525,519,523,4
SigmoidPlayer,100,1000,2,200,0.8,543,550,545,549,4
SigmoidPlayer,100,1000,2,200,0.8,537,551,541,547,6
SigmoidPlayer,100,1000,2,200,0.8,512,525,516,522,6
SigmoidPlayer,100,1000,2,200,0.8,471,476,473,475,2
SigmoidPlayer,100,1000,2,200,0.8,484,494,487,491,4
SigmoidPlayer,100,1000,2,200,0.8,509,514,511,513,2
SigmoidPlayer,100,1000,2,200,0.8,493,505,496,502,6
SigmoidPlayer,100,1000,2,200,0.8,533,546,537,543,6
SigmoidPlayer,100,1000,2,200,0.8,475,482,477,481,4
SigmoidPlayer,100,1000,2,200,0.8,504,515,508,512,4
SigmoidPlayer,100,1000,2,200,0.8,502,518,507,513,6
SigmoidPlayer,100,1000,2,200,0.8,508,515,510,514,4
SigmoidPlayer,100,1000,2,200,0.8,528,549,535,543,8
SigmoidPlayer,100,1000,2,200,0.8,491,504,495,501,6
SigmoidPlayer,100,1000,2,200,0.8,540,547,542,546,4
SigmoidPlayer,100,1000,2,200,0.8,518,528,521,525,4
SigmoidPlayer,100,1000,2,200,0.8,497,508,501,505,4
SigmoidPlayer,100,1000,2,200,0.8,494,518,501,511,10
SigmoidPlayer,100,1000,2,200,0.8,547,562,552,558,6
SigmoidPlayer,100,1000,2,200,0.8,551,562,555,559,4
SigmoidPlayer,100,1000,2,200,0.8,503,508,505,507,2
SigmoidPlayer,100,1000,2,200,0.8,539,554,544,550,6
SigmoidPlayer,100,1000,2,200,0.8,461,467,462,466,4
SigmoidPlayer,100,1000,2,200,0.8,521,528,523,527,4
SigmoidPlayer,100,1000,2,200,0.8,492,501,495,499,4
SigmoidPlayer,100,1000,2,200,0.8,505,519,509,515,6
SigmoidPlayer,100,1000,2,200,0.8,518,538,524,532,8
SigmoidPlayer,100,1000,2,200,0.8,551,560,554,558,4
SigmoidPlayer,100,1000,2,200,0.8,565,586,572,580,8
SigmoidPlayer,100,1000,2,200,0.8,493,507,497,503,6
SigmoidPlayer,100,1000,2,200,0.8,517,529,520,526,6
SigmoidPlayer,100,1000,2,200,0.8,503,527,510,520,10
SigmoidPlayer,100,1000,2,200,0.8,480,491,484,488,4
SigmoidPlayer,100,1000,2,200,0.8,556,563,558,562,4
SigmoidPlayer,100,1000,2,200,0.8,510,519,513,517,4
SigmoidPlayer,100,1000,2,200,0.8,525,540,530,536,6
SigmoidPlayer,100,1000,2,200,0.8,527,532,529,531,2
SigmoidPlayer,100,1000,2,200,0.8,493,511,498,506,8
SigmoidPlayer,100,1000,2,200,0.8,499,507,501,505,4
SigmoidPlayer,100,1000,2,200,0.8,475,488,479,485,6
SigmoidPlayer,100,1000,2,200,0.8,496,502,497,501,4
SigmoidPlayer,100,1000,2,200,0.8,536,547,540,544,4
SigmoidPlayer,100,1000,2,200,0.8,471,478,473,477,4
SigmoidPlayer,100,1000,2,200,0.8,529,539,532,536,4
SigmoidPlayer,100,1000,2,200,0.8,494,503,497,501,4
SigmoidPlayer,100,1000,2,200,0.8,531,546,536,542,6
SigmoidPlayer,100,1000,2,200,0.8,503,513,506,510,4
SigmoidPlayer,100,1000,2,200,0.8,525,542,531,537,6
SigmoidPlayer,100,1000,2,200,0.8,448,466,453,461,8
SigmoidPlayer,100,1000,2,200,0.8,456,466,459,463,4
SigmoidPlayer,100,1000,2,200,0.8,479,483,480,482,2
SigmoidPlayer,100,1000,2,200,0.8,522,541,528,536,8
SigmoidPlayer,100,1000,2,200,0.8,495,522,504,514,10
SigmoidPlayer,100,1000,2,200,0.8,483,493,486,490,4
SigmoidPlayer,100,1000,2,200,0.8,565,569,566,568,2
SigmoidPlayer,100,1000,2,200,0.8,510,527,516,522,6
SigmoidPlayer,100,1000,2,200,0.8,519,531,522,528,6
SigmoidPlayer,100,1000,2,200,0.8,578,586,580,584,4
SigmoidPlayer,100,1000,2,200,0.8,526,534,528,532,4
SigmoidPlayer,100,1000,2,200,0.8,563,583,569,577,8
SigmoidPlayer,100,1000,2,200,0.8,558,570,561,567,6
SigmoidPlayer,100,1000,2,200,0.8,492,505,496,502,6
SigmoidPlayer,100,1000,2,200,0.8,564,572,566,570,4
SigmoidPlayer,100,1000,2,200,0.8,487,497,490,494,4
SigmoidPlayer,100,1000,2,200,0.8,537,558,544,552,8
SigmoidPlayer,100,1000,2,200,0.8,586,597,590,594,4
SigmoidPlayer,100,1000,2,200,0.8,520,532,523,529,6
SigmoidPlayer,100,1000,2,200,0.8,483,497,487,493,6
SigmoidPlayer,100,1000,2,200,0.8,529,540,533,537,4
SigmoidPlayer,100,1000,2,200,0.8,525,543,530,538,8
SigmoidPlayer,100,1000,2,200,0.8,557,581,564,574,10
SigmoidPlayer,100,1000,2,200,0.8,532,536,533,535,2
SigmoidPlayer,100,1000,2,200,0.8,589,598,592,596,4
SigmoidPlayer,100,1000,2,200,0.8,551,561,554,558,4
SigmoidPlayer,100,1000,2,200,0.8,567,572,569,571,2
SigmoidPlayer,100,1000,2,200,0.8,461,475,465,471,6
SigmoidPlayer,100,1000,2,200,0.8,552,569,558,564,6
SigmoidPlayer,100,1000,2,200,0.8,497,511,501,507,6
SigmoidPlayer,100,1000,2,200,0.8,460,471,464,468,4
SigmoidPlayer,100,1000,2,200,0.8,534,545,538,542,4
SigmoidPlayer,100,1000,2,200,0.8,536,552,541,547,6
SigmoidPlayer,100,1000,2,200,0.8,559,565,560,564,4
SigmoidPlayer,100,1000,2,200,0.8,542,555,546,552,6
SigmoidPlayer,100,1000,2,200,0.8,502,526,509,519,10
SigmoidPlayer,100,1000,2,200,0.8,478,484,479,483,4
LRPlayer,100,1000,2,200,0.8,558,575,562,569,7
LRPlayer,100,1000,2,200,0.8,463,474,466,472,6
LRPlayer,100,1000,2,200,0.8,465,479,469,475,6
LRPlayer,100,1000,2,200,0.8,482,496,486,493,7
LRPlayer,100,1000,2,200,0.8,491,512,497,505,8
LRPlayer,100,1000,2,200,0.8,565,590,574,583,9
LRPlayer,100,1000,2,200,0.8,468,477,470,475,5
LRPlayer,100,1000,2,200,0.8,489,508,494,502,8
LRPlayer,100,1000,2,200,0.8,489,496,490,495,5
LRPlayer,100,1000,2,200,0.8,537,546,539,544,5
LRPlayer,100,1000,2,200,0.8,496,506,499,504,5
LRPlayer,100,1000,2,200,0.8,528,550,535,543,8
LRPlayer,100,1000,2,200,0.8,523,532,525,530,5
LRPlayer,100,1000,2,200,0.8,512,522,514,520,6
LRPlayer,100,1000,2,200,0.8,501,511,503,509,6
LRPlayer,100,1000,2,200,0.8,512,521,514,519,5
LRPlayer,100,1000,2,200,0.8,505,513,507,512,5
LRPlayer,100,1000,2,200,0.8,531,540,533,538,5
LRPlayer,100,1000,2,200,0.8,465,473,466,472,6
LRPlayer,100,1000,2,200,0.8,520,528,522,527,5
LRPlayer,100,1000,2,200,0.8,532,546,536,542,6
LRPlayer,100,1000,2,200,0.8,537,557,543,551,8
LRPlayer,100,1000,2,200,0.8,503,513,505,511,6
LRPlayer,100,1000,2,200,0.8,440,449,442,447,5
LRPlayer,100,1000,2,200,0.8,514,521,515,520,5
LRPlayer,100,1000,2,200,0.8,432,463,443,452,9
LRPlayer,100,1000,2,200,0.8,600,610,602,608,6
LRPlayer,100,1000,2,200,0.8,467,488,474,481,7
LRPlayer,100,1000,2,200,0.8,480,494,484,491,7
LRPlayer,100,1000,2,200,0.8,504,518,508,514,6
LRPlayer,100,1000,2,200,0.8,424,431,425,430,5
LRPlayer,100,1000,2,200,0.8,523,536,526,532,6
LRPlayer,100,1000,2,200,0.8,501,522,509,516,7
LRPlayer,100,1000,2,200,0.8,469,483,473,479,6
LRPlayer,100,1000,2,200,0.8,447,455,448,453,5
LRPlayer,100,1000,2,200,0.8,464,476,467,473,6
LRPlayer,100,1000,2,200,0.8,506,520,510,516,6
LRPlayer,100,1000,2,200,0.8,500,509,501,507,6
LRPlayer,100,1000,2,200,0.8,482,494,485,491,6
LRPlayer,100,1000,2,200,0.8,508,517,510,516,6
LRPlayer,100,1000,2,200,0.8,496,508,499,505,6
LRPlayer,100,1000,2,200,0.8,518,531,522,528,6
LRPlayer,100,1000,2,200,0.8,480,486,480,485,5
LRPlayer,100,1000,2,200,0.8,462,477,466,473,7
LRPlayer,100,1000,2,200,0.8,501,510,502,508,6
LRPlayer,100,1000,2,200,0.8,462,474,466,471,5
LRPlayer,100,1000,2,200,0.8,490,511,494,505,11
LRPlayer,100,1000,2,200,0.8,497,506,499,505,6
LRPlayer,100,1000,2,200,0.8,470,480,472,478,6
LRPlayer,100,1000,2,200,0.8,476,494,482,489,7
LRPlayer,100,1000,2,200,0.8,498,504,499,504,5
LRPlayer,100,1000,2,200,0.8,471,479,472,477,5
LRPlayer,100,1000,2,200,0.8,509,524,513,520,7
LRPlayer,100,1000,2,200,0.8,505,516,508,513,5
LRPlayer,100,1000,2,200,0.8,461,467,462,467,5
LRPlayer,100,1000,2,200,0.8,452,468,456,464,8
LRPlayer,100,1000,2,200,0.8,488,506,494,501,7
LRPlayer,100,1000,2,200,0.8,472,491,478,486,8
LRPlayer,100,1000,2,200,0.8,534,548,538,544,6
LRPlayer,100,1000,2,200,0.8,516,525,517,523,6
LRPlayer,100,1000,2,200,0.8,528,542,532,538,6
LRPlayer,100,1000,2,200,0.8,544,557,548,554,6
LRPlayer,100,1000,2,200,0.8,537,553,542,548,6
LRPlayer,100,1000,2,200,0.8,497,510,500,506,6
LRPlayer,100,1000,2,200,0.8,534,541,536,540,4
LRPlayer,100,1000,2,200,0.8,518,541,526,534,8
LRPlayer,100,1000,2,200,0.8,525,535,527,533,6
LRPlayer,100,1000,2,200,0.8,498,504,498,504,6
LRPlayer,100,1000,2,200,0.8,487,511,495,503,8
LRPlayer,100,1000,2,200,0.8,435,446,437,443,6
LRPlayer,100,1000,2,200,0.8,491,509,496,503,7
LRPlayer,100,1000,2,200,0.8,483,501,488,496,8
LRPlayer,100,1000,2,200,0.8,532,543,535,541,6
LRPlayer,100,1000,2,200,0.8,480,491,482,488,6
LRPlayer,100,1000,2,200,0.8,450,458,451,456,5
LRPlayer,100,1000,2,200,0.8,532,545,535,542,7
LRPlayer,100,1000,2,200,0.8,495,512,500,508,8
LRPlayer,100,1000,2,200,0.8,496,514,502,509,7
LRPlayer,100,1000,2,200,0.8,532,545,535,542,7
LRPlayer,100,1000,2,200,0.8,533,544,536,541,5
LRPlayer,100,1000,2,200,0.8,459,477,465,472,7
LRPlayer,100,1000,2,200,0.8,550,559,552,557,5
LRPlayer,100,1000,2,200,0.8,481,508,490,499,9
LRPlayer,100,1000,2,200,0.8,490,498,491,497,6
LRPlayer,100,1000,2,200,0.8,507,515,508,513,5
LRPlayer,100,1000,2,200,0.8,433,444,436,442,6
LRPlayer,100,1000,2,200,0.8,441,451,443,449,6
LRPlayer,100,1000,2,200,0.8,452,465,455,462,7
LRPlayer,100,1000,2,200,0.8,503,521,509,516,7
LRPlayer,100,1000,2,200,0.8,472,499,482,491,9
LRPlayer,100,1000,2,200,0.8,507,518,509,516,7
LRPlayer,100,1000,2,200,0.8,528,536,530,535,5
LRPlayer,100,1000,2,200,0.8,510,556,527,538,11
LRPlayer,100,1000,2,200,0.8,444,462,449,457,8
LRPlayer,100,1000,2,200,0.8,484,496,487,493,6
LRPlayer,100,1000,2,200,0.8,480,506,482,499,17
LRPlayer,100,1000,2,200,0.8,495,514,500,508,8
LRPlayer,100,1000,2,200,0.8,516,528,519,525,6
LRPlayer,100,1000,2,200,0.8,497,509,500,506,6
LRPlayer,100,1000,2,200,0.8,473,496,480,488,8
MLPPlayer,100,1000,2,200,0.8,311,349,310,347,37
MLPPlayer,100,1000,2,200,0.8,341,382,339,380,41
MLPPlayer,100,1000,2,200,0.8,338,387,338,382,44
MLPPlayer,100,1000,2,200,0.8,319,360,324,361,37
MLPPlayer,100,1000,2,200,0.8,370,394,365,392,27
MLPPlayer,100,1000,2,200,0.8,277,320,287,312,25
MLPPlayer,100,1000,2,200,0.8,312,365,328,349,21
MLPPlayer,100,1000,2,200,0.8,374,413,362,405,43
MLPPlayer,100,1000,2,200,0.8,302,337,301,334,33
MLPPlayer,100,1000,2,200,0.8,308,335,305,338,33
MLPPlayer,100,1000,2,200,0.8,283,316,286,311,25
MLPPlayer,100,1000,2,200,0.8,330,358,323,359,36
MLPPlayer,100,1000,2,200,0.8,311,346,313,351,38
MLPPlayer,100,1000,2,200,0.8,381,394,383,393,10
MLPPlayer,100,1000,2,200,0.8,352,399,363,381,18
MLPPlayer,100,1000,2,200,0.8,315,351,313,345,32
MLPPlayer,100,1000,2,200,0.8,355,407,369,394,25
MLPPlayer,100,1000,2,200,0.8,320,357,320,358,38
MLPPlayer,100,1000,2,200,0.8,276,316,285,304,19
MLPPlayer,100,1000,2,200,0.8,325,358,323,361,38
MLPPlayer,100,1000,2,200,0.8,406,457,421,445,24
MLPPlayer,100,1000,2,200,0.8,349,404,362,395,33
MLPPlayer,100,1000,2,200,0.8,320,373,336,356,20
MLPPlayer,100,1000,2,200,0.8,306,355,313,353,40
MLPPlayer,100,1000,2,200,0.8,418,460,416,457,41
MLPPlayer,100,1000,2,200,0.8,344,398,345,392,47
MLPPlayer,100,1000,2,200,0.8,312,348,298,339,41
MLPPlayer,100,1000,2,200,0.8,288,339,293,329,36
MLPPlayer,100,1000,2,200,0.8,396,413,382,418,36
MLPPlayer,100,1000,2,200,0.8,275,321,290,305,15
MLPPlayer,100,1000,2,200,0.8,391,452,406,438,32
MLPPlayer,100,1000,2,200,0.8,385,443,388,432,44
MLPPlayer,100,1000,2,200,0.8,307,363,323,347,24
MLPPlayer,100,1000,2,200,0.8,390,441,390,438,48
MLPPlayer,100,1000,2,200,0.8,344,387,356,376,20
MLPPlayer,100,1000,2,200,0.8,348,384,345,387,42
MLPPlayer,100,1000,2,200,0.8,370,416,370,411,41
MLPPlayer,100,1000,2,200,0.8,407,420,389,430,41
MLPPlayer,100,1000,2,200,0.8,369,410,380,404,24
MLPPlayer,100,1000,2,200,0.8,354,396,356,397,41
MLPPlayer,100,1000,2,200,0.8,302,365,316,344,28
MLPPlayer,100,1000,2,200,0.8,308,350,303,343,40
MLPPlayer,100,1000,2,200,0.8,339,367,335,371,36
MLPPlayer,100,1000,2,200,0.8,362,407,367,397,30
MLPPlayer,100,1000,2,200,0.8,348,406,353,397,44
MLPPlayer,100,1000,2,200,0.8,323,369,320,363,43
MLPPlayer,100,1000,2,200,0.8,347,387,356,375,19
MLPPlayer,100,1000,2,200,0.8,339,360,343,355,12
MLPPlayer,100,1000,2,200,0.8,302,338,295,331,36
MLPPlayer,100,1000,2,200,0.8,325,366,328,374,46
MLPPlayer,100,1000,2,200,0.8,374,432,374,425,51
MLPPlayer,100,1000,2,200,0.8,316,340,306,340,34
MLPPlayer,100,1000,2,200,0.8,356,386,348,385,37
MLPPlayer,100,1000,2,200,0.8,326,365,326,366,40
MLPPlayer,100,1000,2,200,0.8,329,381,348,361,13
MLPPlayer,100,1000,2,200,0.8,341,377,343,380,37
MLPPlayer,100,1000,2,200,0.8,366,388,360,394,34
MLPPlayer,100,1000,2,200,0.8,325,351,320,350,30
MLPPlayer,100,1000,2,200,0.8,369,423,370,422,52
MLPPlayer,100,1000,2,200,0.8,288,332,291,327,36
MLPPlayer,100,1000,2,200,0.8,289,343,307,326,19
MLPPlayer,100,1000,2,200,0.8,334,406,340,388,48
MLPPlayer,100,1000,2,200,0.8,310,355,323,340,17
MLPPlayer,100,1000,2,200,0.8,393,434,402,424,22
MLPPlayer,100,1000,2,200,0.8,346,371,339,378,39
MLPPlayer,100,1000,2,200,0.8,383,407,390,400,10
MLPPlayer,100,1000,2,200,0.8,309,366,314,355,41
MLPPlayer,100,1000,2,200,0.8,369,413,373,423,50
MLPPlayer,100,1000,2,200,0.8,326,377,334,370,36
MLPPlayer,100,1000,2,200,0.8,355,409,356,403,47
MLPPlayer,100,1000,2,200,0.8,413,466,410,458,48
MLPPlayer,100,1000,2,200,0.8,378,426,382,423,41
MLPPlayer,100,1000,2,200,0.8,309,350,308,347,39
MLPPlayer,100,1000,2,200,0.8,359,397,367,389,22
MLPPlayer,100,1000,2,200,0.8,280,331,284,321,37
MLPPlayer,100,1000,2,200,0.8,293,332,298,331,33
MLPPlayer,100,1000,2,200,0.8,336,359,329,363,34
MLPPlayer,100,1000,2,200,0.8,350,398,351,392,41
MLPPlayer,100,1000,2,200,0.8,377,423,378,419,41
MLPPlayer,100,1000,2,200,0.8,331,400,345,388,43
MLPPlayer,100,1000,2,200,0.8,441,494,437,481,44
MLPPlayer,100,1000,2,200,0.8,347,394,344,386,42
MLPPlayer,100,1000,2,200,0.8,343,410,354,398,44
MLPPlayer,100,1000,2,200,0.8,347,386,345,383,38
MLPPlayer,100,1000,2,200,0.8,437,460,426,468,42
MLPPlayer,100,1000,2,200,0.8,333,382,330,375,45
MLPPlayer,100,1000,2,200,0.8,275,305,273,304,31
MLPPlayer,100,1000,2,200,0.8,352,397,350,394,44
MLPPlayer,100,1000,2,200,0.8,320,362,322,360,38
MLPPlayer,100,1000,2,200,0.8,328,360,337,352,15
MLPPlayer,100,1000,2,200,0.8,364,393,370,388,18
MLPPlayer,100,1000,2,200,0.8,320,375,323,363,40
MLPPlayer,100,1000,2,200,0.8,323,377,331,371,40
MLPPlayer,100,1000,2,200,0.8,374,408,368,413,45
MLPPlayer,100,1000,2,200,0.8,297,330,296,327,31
MLPPlayer,100,1000,2,200,0.8,319,358,320,356,36
MLPPlayer,100,1000,2,200,0.8,361,404,376,393,17
MLPPlayer,100,1000,2,200,0.8,337,376,333,371,38
MLPPlayer,100,1000,2,200,0.8,320,356,331,347,16
MLPPlayer,100,1000,2,200,0.8,386,409,379,413,34
Player,100,1000,2,200,0.8,455,484,468,484,16
Player,100,1000,2,200,0.8,522,555,531,544,13
Player,100,1000,2,200,0.8,496,530,506,518,12
Player,100,1000,2,200,0.8,417,435,421,430,9
Player,100,1000,2,200,0.8,524,535,529,536,7
Player,100,1000,2,200,0.8,414,428,413,421,8
Player,100,1000,2,200,0.8,520,553,528,538,10
Player,100,1000,2,200,0.8,511,529,514,524,10
Player,100,1000,2,200,0.8,439,466,451,458,7
Player,100,1000,2,200,0.8,494,507,502,507,5
Player,100,1000,2,200,0.8,352,372,354,364,10
Player,100,1000,2,200,0.8,508,525,512,521,9
Player,100,1000,2,200,0.8,499,524,506,529,23
Player,100,1000,2,200,0.8,455,474,457,476,19
Player,100,1000,2,200,0.8,478,492,482,489,7
Player,100,1000,2,200,0.8,548,568,553,567,14
Player,100,1000,2,200,0.8,502,512,502,513,11
Player,100,1000,2,200,0.8,526,543,536,542,6
Player,100,1000,2,200,0.8,347,365,348,364,16
Player,100,1000,2,200,0.8,529,549,532,545,13
Player,100,1000,2,200,0.8,570,586,573,583,10
Player,100,1000,2,200,0.8,557,577,561,573,12
Player,100,1000,2,200,0.8,416,433,424,433,9
Player,100,1000,2,200,0.8,484,501,489,494,5
Player,100,1000,2,200,0.8,478,496,478,491,13
Player,100,1000,2,200,0.8,512,530,520,533,13
Player,100,1000,2,200,0.8,497,515,499,508,9
Player,100,1000,2,200,0.8,435,452,441,448,7
Player,100,1000,2,200,0.8,475,485,481,487,6
Player,100,1000,2,200,0.8,484,496,484,497,13
Player,100,1000,2,200,0.8,465,485,469,481,12
Player,100,1000,2,200,0.8,373,393,378,386,8
Player,100,1000,2,200,0.8,517,527,519,527,8
Player,100,1000,2,200,0.8,542,553,544,553,9
Player,100,1000,2,200,0.8,552,563,558,566,8
Player,100,1000,2,200,0.8,523,540,530,539,9
Player,100,1000,2,200,0.8,471,489,479,485,6
Player,100,1000,2,200,0.8,554,571,557,563,6
Player,100,1000,2,200,0.8,446,468,454,467,13
Player,100,1000,2,200,0.8,441,470,455,461,6
Player,100,1000,2,200,0.8,470,486,475,486,11
Player,100,1000,2,200,0.8,582,597,587,593,6
Player,100,1000,2,200,0.8,586,610,580,599,19
Player,100,1000,2,200,0.8,380,396,384,390,6
Player,100,1000,2,200,0.8,426,444,430,435,5
Player,100,1000,2,200,0.8,582,607,591,597,6
Player,100,1000,2,200,0.8,474,493,477,488,11
Player,100,1000,2,200,0.8,488,504,491,509,18
Player,100,1000,2,200,0.8,500,515,502,514,12
Player,100,1000,2,200,0.8,540,556,538,549,11
Player,100,1000,2,200,0.8,512,546,519,534,15
Player,100,1000,2,200,0.8,500,519,507,517,10
Player,100,1000,2,200,0.8,511,524,518,525,7
Player,100,1000,2,200,0.8,476,496,485,492,7
Player,100,1000,2,200,0.8,517,551,535,541,6
Player,100,1000,2,200,0.8,531,545,538,547,9
Player,100,1000,2,200,0.8,533,548,536,542,6
Player,100,1000,2,200,0.8,563,581,569,576,7
Player,100,1000,2,200,0.8,514,544,528,535,7
Player,100,1000,2,200,0.8,455,470,446,460,14
Player,100,1000,2,200,0.8,487,497,488,498,10
Player,100,1000,2,200,0.8,441,461,447,456,9
Player,100,1000,2,200,0.8,520,529,524,529,5
Player,100,1000,2,200,0.8,558,578,564,575,11
Player,100,1000,2,200,0.8,557,574,557,569,12
Player,100,1000,2,200,0.8,527,544,522,537,15
Player,100,1000,2,200,0.8,483,498,479,487,8
Player,100,1000,2,200,0.8,600,608,602,610,8
Player,100,1000,2,200,0.8,444,450,436,448,12
Player,100,1000,2,200,0.8,505,518,499,520,21
Player,100,1000,2,200,0.8,488,501,489,509,20
Player,100,1000,2,200,0.8,524,547,531,551,20
Player,100,1000,2,200,0.8,533,548,536,543,7
Player,100,1000,2,200,0.8,488,506,491,502,11
Player,100,1000,2,200,0.8,500,517,507,513,6
Player,100,1000,2,200,0.8,472,506,480,489,9
Player,100,1000,2,200,0.8,539,570,549,556,7
Player,100,1000,2,200,0.8,507,517,505,514,9
Player,100,1000,2,200,0.8,463,497,473,498,25
Player,100,1000,2,200,0.8,534,560,540,554,14
Player,100,1000,2,200,0.8,403,416,402,420,18
Player,100,1000,2,200,0.8,481,497,483,497,14
Player,100,1000,2,200,0.8,477,486,477,489,12
Player,100,1000,2,200,0.8,508,524,505,520,15
Player,100,1000,2,200,0.8,518,548,531,540,9
Player,100,1000,2,200,0.8,560,572,562,580,18
Player,100,1000,2,200,0.8,422,445,433,441,8
Player,100,1000,2,200,0.8,559,569,560,577,17
Player,100,1000,2,200,0.8,448,471,471,484,13
Player,100,1000,2,200,0.8,520,537,518,530,12
Player,100,1000,2,200,0.8,429,447,433,447,14
Player,100,1000,2,200,0.8,557,575,559,568,9
Player,100,1000,2,200,0.8,486,498,485,495,10
Player,100,1000,2,200,0.8,468,487,468,481,13
Player,100,1000,2,200,0.8,538,552,542,554,12
Player,100,1000,2,200,0.8,575,593,573,589,16
Player,100,1000,2,200,0.8,479,493,487,493,6
Player,100,1000,2,200,0.8,491,510,494,504,10
Player,100,1000,2,200,0.8,538,568,550,557,7
Player,100,1000,2,200,0.8,436,450,440,447,7
LinearFunctionPlayer,100,1000,2,200,0.8,527,545,530,542,12
LinearFunctionPlayer,100,1000,2,200,0.8,449,469,453,466,13
LinearFunctionPlayer,100,1000,2,200,0.8,487,499,489,497,8
LinearFunctionPlayer,100,1000,2,200,0.8,530,549,533,546,13
LinearFunctionPlayer,100,1000,2,200,0.8,456,473,459,470,11
LinearFunctionPlayer,100,1000,2,200,0.8,506,524,509,521,12
LinearFunctionPlayer,100,1000,2,200,0.8,489,508,492,505,13
LinearFunctionPlayer,100,1000,2,200,0.8,501,518,504,515,11
LinearFunctionPlayer,100,1000,2,200,0.8,522,540,525,537,12
LinearFunctionPlayer,100,1000,2,200,0.8,482,506,486,502,16
LinearFunctionPlayer,100,1000,2,200,0.8,452,485,458,479,21
LinearFunctionPlayer,100,1000,2,200,0.8,510,533,514,529,15
LinearFunctionPlayer,100,1000,2,200,0.8,420,454,426,448,22
LinearFunctionPlayer,100,1000,2,200,0.8,485,503,488,500,12
LinearFunctionPlayer,100,1000,2,200,0.8,481,498,484,495,11
LinearFunctionPlayer,100,1000,2,200,0.8,466,488,470,484,14
LinearFunctionPlayer,100,1000,2,200,0.8,486,502,489,499,10
LinearFunctionPlayer,100,1000,2,200,0.8,532,550,535,547,12
LinearFunctionPlayer,100,1000,2,200,0.8,434,454,438,451,13
LinearFunctionPlayer,100,1000,2,200,0.8,513,535,517,531,14
LinearFunctionPlayer,100,1000,2,200,0.8,535,562,540,557,17
LinearFunctionPlayer,100,1000,2,200,0.8,476,506,482,500,18
LinearFunctionPlayer,100,1000,2,200,0.8,483,499,486,496,10
LinearFunctionPlayer,100,1000,2,200,0.8,492,508,495,505,10
LinearFunctionPlayer,100,1000,2,200,0.8,495,518,499,514,15
LinearFunctionPlayer,100,1000,2,200,0.8,465,492,470,487,17
LinearFunctionPlayer,100,1000,2,200,0.8,521,531,522,529,7
LinearFunctionPlayer,100,1000,2,200,0.8,474,495,478,491,13
LinearFunctionPlayer,100,1000,2,200,0.8,479,503,483,499,16
LinearFunctionPlayer,100,1000,2,200,0.8,525,557,531,551,20
LinearFunctionPlayer,100,1000,2,200,0.8,525,548,529,544,15
LinearFunctionPlayer,100,1000,2,200,0.8,555,575,558,571,13
LinearFunctionPlayer,100,1000,2,200,0.8,480,505,484,500,16
LinearFunctionPlayer,100,1000,2,200,0.8,454,490,461,483,22
LinearFunctionPlayer,100,1000,2,200,0.8,508,520,510,518,8
LinearFunctionPlayer,100,1000,2,200,0.8,445,471,450,466,16
LinearFunctionPlayer,100,1000,2,200,0.8,462,497,468,490,22
LinearFunctionPlayer,100,1000,2,200,0.8,447,475,452,470,18
LinearFunctionPlayer,100,1000,2,200,0.8,463,495,469,489,20
LinearFunctionPlayer,100,1000,2,200,0.8,515,536,519,532,13
LinearFunctionPlayer,100,1000,2,200,0.8,488,495,489,494,5
LinearFunctionPlayer,100,1000,2,200,0.8,464,481,467,478,11
LinearFunctionPlayer,100,1000,2,200,0.8,428,451,432,447,15
LinearFunctionPlayer,100,1000,2,200,0.8,459,481,463,477,14
LinearFunctionPlayer,100,1000,2,200,0.8,506,518,508,516,8
LinearFunctionPlayer,100,1000,2,200,0.8,476,515,483,508,25
LinearFunctionPlayer,100,1000,2,200,0.8,469,494,474,490,16
LinearFunctionPlayer,100,1000,2,200,0.8,448,473,453,469,16
LinearFunctionPlayer,100,1000,2,200,0.8,516,549,522,543,21
LinearFunctionPlayer,100,1000,2,200,0.8,440,474,446,468,22
LinearFunctionPlayer,100,1000,2,200,0.8,466,494,471,489,18
LinearFunctionPlayer,100,1000,2,200,0.8,485,505,488,501,13
LinearFunctionPlayer,100,1000,2,200,0.8,477,495,480,492,12
LinearFunctionPlayer,100,1000,2,200,0.8,466,482,469,479,10
LinearFunctionPlayer,100,1000,2,200,0.8,472,487,475,485,10
LinearFunctionPlayer,100,1000,2,200,0.8,483,509,488,504,16
LinearFunctionPlayer,100,1000,2,200,0.8,502,523,506,519,13
LinearFunctionPlayer,100,1000,2,200,0.8,520,540,523,536,13
LinearFunctionPlayer,100,1000,2,200,0.8,483,516,489,510,21
LinearFunctionPlayer,100,1000,2,200,0.8,487,511,491,507,16
LinearFunctionPlayer,100,1000,2,200,0.8,495,509,497,507,10
LinearFunctionPlayer,100,1000,2,200,0.8,474,488,476,486,10
LinearFunctionPlayer,100,1000,2,200,0.8,497,516,500,513,13
LinearFunctionPlayer,100,1000,2,200,0.8,568,593,572,588,16
LinearFunctionPlayer,100,1000,2,200,0.8,511,557,520,548,28
LinearFunctionPlayer,100,1000,2,200,0.8,504,529,509,524,15
LinearFunctionPlayer,100,1000,2,200,0.8,511,547,518,540,22
LinearFunctionPlayer,100,1000,2,200,0.8,516,536,520,532,12
LinearFunctionPlayer,100,1000,2,200,0.8,483,490,484,489,5
LinearFunctionPlayer,100,1000,2,200,0.8,419,441,423,437,14
LinearFunctionPlayer,100,1000,2,200,0.8,456,479,460,475,15
LinearFunctionPlayer,100,1000,2,200,0.8,498,525,503,520,17
LinearFunctionPlayer,100,1000,2,200,0.8,507,532,512,527,15
LinearFunctionPlayer,100,1000,2,200,0.8,470,488,473,485,12
LinearFunctionPlayer,100,1000,2,200,0.8,552,567,554,564,10
LinearFunctionPlayer,100,1000,2,200,0.8,482,500,485,497,12
LinearFunctionPlayer,100,1000,2,200,0.8,476,491,479,489,10
LinearFunctionPlayer,100,1000,2,200,0.8,498,516,501,513,12
LinearFunctionPlayer,100,1000,2,200,0.8,461,509,470,500,30
LinearFunctionPlayer,100,1000,2,200,0.8,460,474,462,472,10
LinearFunctionPlayer,100,1000,2,200,0.8,476,494,479,491,12
LinearFunctionPlayer,100,1000,2,200,0.8,457,466,458,465,7
LinearFunctionPlayer,100,1000,2,200,0.8,484,518,490,512,22
LinearFunctionPlayer,100,1000,2,200,0.8,456,489,462,483,21
LinearFunctionPlayer,100,1000,2,200,0.8,523,539,526,536,10
LinearFunctionPlayer,100,1000,2,200,0.8,529,549,533,546,13
LinearFunctionPlayer,100,1000,2,200,0.8,512,527,514,525,11
LinearFunctionPlayer,100,1000,2,200,0.8,493,503,495,502,7
LinearFunctionPlayer,100,1000,2,200,0.8,482,507,487,502,15
LinearFunctionPlayer,100,1000,2,200,0.8,423,451,428,446,18
LinearFunctionPlayer,100,1000,2,200,0.8,486,496,487,494,7
LinearFunctionPlayer,100,1000,2,200,0.8,467,479,469,477,8
LinearFunctionPlayer,100,1000,2,200,0.8,441,470,446,465,19
LinearFunctionPlayer,100,1000,2,200,0.8,517,527,518,526,8
LinearFunctionPlayer,100,1000,2,200,0.8,509,522,511,520,9
LinearFunctionPlayer,100,1000,2,200,0.8,505,526,509,522,13
LinearFunctionPlayer,100,1000,2,200,0.8,483,499,486,496,10
LinearFunctionPlayer,100,1000,2,200,0.8,458,483,463,478,15
LinearFunctionPlayer,100,1000,2,200,0.8,493,516,497,512,15
LinearFunctionPlayer,100,1000,2,200,0.8,527,539,529,537,8
SigmoidPlayer,100,1000,2,200,0.85,505,520,509,517,8
SigmoidPlayer,100,1000,2,200,0.85,519,536,524,532,8
SigmoidPlayer,100,1000,2,200,0.85,566,577,569,575,6
SigmoidPlayer,100,1000,2,200,0.85,595,616,601,611,10
SigmoidPlayer,100,1000,2,200,0.85,516,531,520,528,8
SigmoidPlayer,100,1000,2,200,0.85,542,547,543,547,4
SigmoidPlayer,100,1000,2,200,0.85,512,529,517,525,8
SigmoidPlayer,100,1000,2,200,0.85,534,552,539,547,8
SigmoidPlayer,100,1000,2,200,0.85,504,523,509,519,10
SigmoidPlayer,100,1000,2,200,0.85,546,573,554,566,12
SigmoidPlayer,100,1000,2,200,0.85,550,567,555,563,8
SigmoidPlayer,100,1000,2,200,0.85,471,496,478,490,12
SigmoidPlayer,100,1000,2,200,0.85,495,505,497,503,6
SigmoidPlayer,100,1000,2,200,0.85,538,561,545,555,10
SigmoidPlayer,100,1000,2,200,0.85,531,561,539,553,14
SigmoidPlayer,100,1000,2,200,0.85,471,486,475,483,8
SigmoidPlayer,100,1000,2,200,0.85,511,525,514,522,8
SigmoidPlayer,100,1000,2,200,0.85,590,607,595,603,8
SigmoidPlayer,100,1000,2,200,0.85,517,537,522,532,10
SigmoidPlayer,100,1000,2,200,0.85,506,515,509,513,4
SigmoidPlayer,100,1000,2,200,0.85,516,542,523,535,12
SigmoidPlayer,100,1000,2,200,0.85,547,569,553,563,10
SigmoidPlayer,100,1000,2,200,0.85,499,511,502,508,6
SigmoidPlayer,100,1000,2,200,0.85,493,508,497,505,8
SigmoidPlayer,100,1000,2,200,0.85,552,558,553,557,4
SigmoidPlayer,100,1000,2,200,0.85,563,577,566,574,8
SigmoidPlayer,100,1000,2,200,0.85,449,461,452,458,6
SigmoidPlayer,100,1000,2,200,0.85,510,516,511,515,4
SigmoidPlayer,100,1000,2,200,0.85,522,533,525,531,6
SigmoidPlayer,100,1000,2,200,0.85,501,517,505,513,8
SigmoidPlayer,100,1000,2,200,0.85,501,515,504,512,8
SigmoidPlayer,100,1000,2,200,0.85,482,490,484,488,4
SigmoidPlayer,100,1000,2,200,0.85,545,558,549,555,6
SigmoidPlayer,100,1000,2,200,0.85,533,539,534,538,4
SigmoidPlayer,100,1000,2,200,0.85,462,471,465,469,4
SigmoidPlayer,100,1000,2,200,0.85,556,577,562,572,10
SigmoidPlayer,100,1000,2,200,0.85,511,530,516,526,10
SigmoidPlayer,100,1000,2,200,0.85,512,545,521,537,16
SigmoidPlayer,100,1000,2,200,0.85,512,518,513,517,4
SigmoidPlayer,100,1000,2,200,0.85,585,600,589,597,8
SigmoidPlayer,100,1000,2,200,0.85,470,490,475,485,10
SigmoidPlayer,100,1000,2,200,0.85,482,510,489,503,14
SigmoidPlayer,100,1000,2,200,0.85,498,510,501,507,6
SigmoidPlayer,100,1000,2,200,0.85,527,535,529,533,4
SigmoidPlayer,100,1000,2,200,0.85,559,567,561,565,4
SigmoidPlayer,100,1000,2,200,0.85,502,525,509,519,10
SigmoidPlayer,100,1000,2,200,0.85,478,502,484,496,12
SigmoidPlayer,100,1000,2,200,0.85,507,518,510,516,6
SigmoidPlayer,100,1000,2,200,0.85,545,558,549,555,6
SigmoidPlayer,100,1000,2,200,0.85,539,554,543,551,8
SigmoidPlayer,100,1000,2,200,0.85,472,485,476,482,6
SigmoidPlayer,100,1000,2,200,0.85,547,562,551,559,8
SigmoidPlayer,100,1000,2,200,0.85,541,557,545,553,8
SigmoidPlayer,100,1000,2,200,0.85,454,469,458,466,8
SigmoidPlayer,100,1000,2,200,0.85,521,536,525,533,8
SigmoidPlayer,100,1000,2,200,0.85,511,524,515,521,6
SigmoidPlayer,100,1000,2,200,0.85,499,521,505,515,10
SigmoidPlayer,100,1000,2,200,0.85,556,567,559,565,6
SigmoidPlayer,100,1000,2,200,0.85,477,505,484,498,14
SigmoidPlayer,100,1000,2,200,0.85,509,528,514,524,10
SigmoidPlayer,100,1000,2,200,0.85,484,511,492,504,12
SigmoidPlayer,100,1000,2,200,0.85,491,504,495,501,6
SigmoidPlayer,100,1000,2,200,0.85,527,541,530,538,8
SigmoidPlayer,100,1000,2,200,0.85,538,546,540,544,4
SigmoidPlayer,100,1000,2,200,0.85,509,523,512,520,8
SigmoidPlayer,100,1000,2,200,0.85,529,543,532,540,8
SigmoidPlayer,100,1000,2,200,0.85,578,601,585,595,10
SigmoidPlayer,100,1000,2,200,0.85,503,522,508,518,10
SigmoidPlayer,100,1000,2,200,0.85,573,584,576,582,6
SigmoidPlayer,100,1000,2,200,0.85,490,512,496,506,10
SigmoidPlayer,100,1000,2,200,0.85,473,487,476,484,8
SigmoidPlayer,100,1000,2,200,0.85,445,478,454,470,16
SigmoidPlayer,100,1000,2,200,0.85,490,502,493,499,6
SigmoidPlayer,100,1000,2,200,0.85,557,586,565,579,14
SigmoidPlayer,100,1000,2,200,0.85,537,550,541,547,6
SigmoidPlayer,100,1000,2,200,0.85,501,516,505,513,8
SigmoidPlayer,100,1000,2,200,0.85,571,581,573,579,6
SigmoidPlayer,100,1000,2,200,0.85,534,541,536,540,4
SigmoidPlayer,100,1000,2,200,0.85,520,535,524,532,8
SigmoidPlayer,100,1000,2,200,0.85,473,481,475,479,4
SigmoidPlayer,100,1000,2,200,0.85,522,533,525,531,6
SigmoidPlayer,100,1000,2,200,0.85,520,554,529,545,16
SigmoidPlayer,100,1000,2,200,0.85,555,565,557,563,6
SigmoidPlayer,100,1000,2,200,0.85,487,497,489,495,6
SigmoidPlayer,100,1000,2,200,0.85,536,549,540,546,6
SigmoidPlayer,100,1000,2,200,0.85,494,509,498,506,8
SigmoidPlayer,100,1000,2,200,0.85,556,571,560,568,8
SigmoidPlayer,100,1000,2,200,0.85,471,496,478,490,12
SigmoidPlayer,100,1000,2,200,0.85,463,484,469,479,10
SigmoidPlayer,100,1000,2,200,0.85,479,491,482,488,6
SigmoidPlayer,100,1000,2,200,0.85,519,550,528,542,14
SigmoidPlayer,100,1000,2,200,0.85,538,551,542,548,6
SigmoidPlayer,100,1000,2,200,0.85,503,521,508,516,8
SigmoidPlayer,100,1000,2,200,0.85,525,542,530,538,8
SigmoidPlayer,100,1000,2,200,0.85,555,567,558,564,6
SigmoidPlayer,100,1000,2,200,0.85,584,595,587,593,6
SigmoidPlayer,100,1000,2,200,0.85,496,506,498,504,6
SigmoidPlayer,100,1000,2,200,0.85,600,606,601,605,4
SigmoidPlayer,100,1000,2,200,0.85,481,502,487,497,10
SigmoidPlayer,100,1000,2,200,0.85,544,565,550,560,10
LRPlayer,100,1000,2,200,0.85,564,586,570,579,9
LRPlayer,100,1000,2,200,0.85,518,527,519,526,7
LRPlayer,100,1000,2,200,0.85,458,473,461,470,9
LRPlayer,100,1000,2,200,0.85,505,515,507,514,7
LRPlayer,100,1000,2,200,0.85,454,467,456,464,8
LRPlayer,100,1000,2,200,0.85,531,555,538,548,10
LRPlayer,100,1000,2,200,0.85,451,468,455,464,9
LRPlayer,100,1000,2,200,0.85,449,461,451,458,7
LRPlayer,100,1000,2,200,0.85,495,508,497,505,8
LRPlayer,100,1000,2,200,0.85,505,513,506,512,6
LRPlayer,100,1000,2,200,0.85,489,535,504,518,14
LRPlayer,100,1000,2,200,0.85,481,495,484,491,7
LRPlayer,100,1000,2,200,0.85,454,466,456,463,7
LRPlayer,100,1000,2,200,0.85,473,483,475,482,7
LRPlayer,100,1000,2,200,0.85,475,494,480,490,10
LRPlayer,100,1000,2,200,0.85,466,478,468,475,7
LRPlayer,100,1000,2,200,0.85,460,475,463,472,9
LRPlayer,100,1000,2,200,0.85,484,499,487,495,8
LRPlayer,100,1000,2,200,0.85,470,484,473,481,8
LRPlayer,100,1000,2,200,0.85,477,499,483,492,9
LRPlayer,100,1000,2,200,0.85,476,490,479,487,8
LRPlayer,100,1000,2,200,0.85,466,482,469,478,9
LRPlayer,100,1000,2,200,0.85,473,485,475,482,7
LRPlayer,100,1000,2,200,0.85,503,520,507,516,9
LRPlayer,100,1000,2,200,0.85,468,489,473,483,10
LRPlayer,100,1000,2,200,0.85,489,499,490,497,7
LRPlayer,100,1000,2,200,0.85,499,507,500,506,6
LRPlayer,100,1000,2,200,0.85,516,526,518,524,6
LRPlayer,100,1000,2,200,0.85,513,525,516,523,7
LRPlayer,100,1000,2,200,0.85,484,510,492,502,10
LRPlayer,100,1000,2,200,0.85,540,555,543,551,8
LRPlayer,100,1000,2,200,0.85,475,494,480,489,9
LRPlayer,100,1000,2,200,0.85,459,473,463,470,7
LRPlayer,100,1000,2,200,0.85,507,518,509,515,6
LRPlayer,100,1000,2,200,0.85,530,545,533,541,8
LRPlayer,100,1000,2,200,0.85,471,488,475,483,8
LRPlayer,100,1000,2,200,0.85,465,482,469,477,8
LRPlayer,100,1000,2,200,0.85,474,494,479,488,9
LRPlayer,100,1000,2,200,0.85,519,534,523,531,8
LRPlayer,100,1000,2,200,0.85,513,523,514,521,7
LRPlayer,100,1000,2,200,0.85,447,459,449,457,8
LRPlayer,100,1000,2,200,0.85,430,441,432,439,7
LRPlayer,100,1000,2,200,0.85,520,536,524,532,8
LRPlayer,100,1000,2,200,0.85,452,471,457,466,9
LRPlayer,100,1000,2,200,0.85,480,491,482,489,7
LRPlayer,100,1000,2,200,0.85,497,519,502,512,10
LRPlayer,100,1000,2,200,0.85,480,491,482,489,7
LRPlayer,100,1000,2,200,0.85,513,542,522,533,11
LRPlayer,100,1000,2,200,0.85,466,498,476,488,12
LRPlayer,100,1000,2,200,0.85,484,498,487,495,8
LRPlayer,100,1000,2,200,0.85,531,542,533,540,7
LRPlayer,100,1000,2,200,0.85,447,458,449,456,7
LRPlayer,100,1000,2,200,0.85,487,525,500,514,14
LRPlayer,100,1000,2,200,0.85,537,553,541,549,8
LRPlayer,100,1000,2,200,0.85,466,477,467,474,7
LRPlayer,100,1000,2,200,0.85,517,533,521,529,8
LRPlayer,100,1000,2,200,0.85,507,524,511,520,9
LRPlayer,100,1000,2,200,0.85,511,527,515,523,8
LRPlayer,100,1000,2,200,0.85,441,461,446,455,9
LRPlayer,100,1000,2,200,0.85,469,494,477,487,10
LRPlayer,100,1000,2,200,0.85,426,448,432,441,9
LRPlayer,100,1000,2,200,0.85,526,536,527,535,8
LRPlayer,100,1000,2,200,0.85,503,515,505,512,7
LRPlayer,100,1000,2,200,0.85,534,544,536,542,6
LRPlayer,100,1000,2,200,0.85,456,473,460,469,9
LRPlayer,100,1000,2,200,0.85,475,485,476,484,8
LRPlayer,100,1000,2,200,0.85,475,495,480,489,9
LRPlayer,100,1000,2,200,0.85,533,551,538,547,9
LRPlayer,100,1000,2,200,0.85,562,576,566,573,7
LRPlayer,100,1000,2,200,0.85,387,413,394,405,11
LRPlayer,100,1000,2,200,0.85,519,530,521,528,7
LRPlayer,100,1000,2,200,0.85,479,493,482,490,8
LRPlayer,100,1000,2,200,0.85,497,528,506,518,12
LRPlayer,100,1000,2,200,0.85,508,516,509,515,6
LRPlayer,100,1000,2,200,0.85,474,486,477,484,7
LRPlayer,100,1000,2,200,0.85,491,510,496,505,9
LRPlayer,100,1000,2,200,0.85,463,485,470,479,9
LRPlayer,100,1000,2,200,0.85,487,496,488,495,7
LRPlayer,100,1000,2,200,0.85,487,509,493,503,10
LRPlayer,100,1000,2,200,0.85,488,497,489,496,7
LRPlayer,100,1000,2,200,0.85,462,472,463,470,7
LRPlayer,100,1000,2,200,0.85,531,542,533,540,7
LRPlayer,100,1000,2,200,0.85,498,512,501,509,8
LRPlayer,100,1000,2,200,0.85,465,476,468,474,6
LRPlayer,100,1000,2,200,0.85,448,460,450,457,7
LRPlayer,100,1000,2,200,0.85,461,491,471,482,11
LRPlayer,100,1000,2,200,0.85,441,468,449,460,11
LRPlayer,100,1000,2,200,0.85,512,525,514,522,8
LRPlayer,100,1000,2,200,0.85,526,544,531,539,8
LRPlayer,100,1000,2,200,0.85,523,535,526,533,7
LRPlayer,100,1000,2,200,0.85,490,514,497,508,11
LRPlayer,100,1000,2,200,0.85,455,470,458,466,8
LRPlayer,100,1000,2,200,0.85,492,515,499,509,10
LRPlayer,100,1000,2,200,0.85,461,473,464,471,7
LRPlayer,100,1000,2,200,0.85,533,548,536,544,8
LRPlayer,100,1000,2,200,0.85,473,486,475,483,8
LRPlayer,100,1000,2,200,0.85,479,487,480,486,6
LRPlayer,100,1000,2,200,0.85,508,522,511,519,8
LRPlayer,100,1000,2,200,0.85,533,548,537,545,8
LRPlayer,100,1000,2,200,0.85,494,517,500,509,9
MLPPlayer,100,1000,2,200,0.85,278,326,288,311,23
MLPPlayer,100,1000,2,200,0.85,310,364,312,363,51
MLPPlayer,100,1000,2,200,0.85,270,316,271,317,46
MLPPlayer,100,1000,2,200,0.85,358,379,349,384,35
MLPPlayer,100,1000,2,200,0.85,266,329,265,318,53
MLPPlayer,100,1000,2,200,0.85,327,379,326,377,51
MLPPlayer,100,1000,2,200,0.85,352,381,352,377,25
MLPPlayer,100,1000,2,200,0.85,291,347,291,342,51
MLPPlayer,100,1000,2,200,0.85,318,369,333,358,25
MLPPlayer,100,1000,2,200,0.85,350,409,343,403,60
MLPPlayer,100,1000,2,200,0.85,348,416,348,405,57
MLPPlayer,100,1000,2,200,0.85,335,367,342,365,23
MLPPlayer,100,1000,2,200,0.85,210,271,234,251,17
MLPPlayer,100,1000,2,200,0.85,281,362,290,347,57
MLPPlayer,100,1000,2,200,0.85,314,350,309,353,44
MLPPlayer,100,1000,2,200,0.85,330,395,332,392,60
MLPPlayer,100,1000,2,200,0.85,343,408,345,401,56
MLPPlayer,100,1000,2,200,0.85,373,403,374,398,24
MLPPlayer,100,1000,2,200,0.85,337,399,335,402,67
MLPPlayer,100,1000,2,200,0.85,321,384,319,374,55
MLPPlayer,100,1000,2,200,0.85,260,290,255,292,37
MLPPlayer,100,1000,2,200,0.85,350,382,351,376,25
MLPPlayer,100,1000,2,200,0.85,348,421,352,413,61
MLPPlayer,100,1000,2,200,0.85,332,405,332,401,69
MLPPlayer,100,1000,2,200,0.85,325,354,318,354,36
MLPPlayer,100,1000,2,200,0.85,297,349,294,344,50
MLPPlayer,100,1000,2,200,0.85,266,318,274,304,30
MLPPlayer,100,1000,2,200,0.85,380,425,373,426,53
MLPPlayer,100,1000,2,200,0.85,267,315,264,319,55
MLPPlayer,100,1000,2,200,0.85,348,417,367,392,25
MLPPlayer,100,1000,2,200,0.85,292,347,290,343,53
MLPPlayer,100,1000,2,200,0.85,341,399,349,392,43
MLPPlayer,100,1000,2,200,0.85,352,421,354,412,58
MLPPlayer,100,1000,2,200,0.85,348,396,356,380,24
MLPPlayer,100,1000,2,200,0.85,380,435,394,419,25
MLPPlayer,100,1000,2,200,0.85,259,296,267,288,21
MLPPlayer,100,1000,2,200,0.85,327,367,324,369,45
MLPPlayer,100,1000,2,200,0.85,267,323,264,319,55
MLPPlayer,100,1000,2,200,0.85,288,313,284,328,44
MLPPlayer,100,1000,2,200,0.85,316,380,320,384,64
MLPPlayer,100,1000,2,200,0.85,370,428,370,425,55
MLPPlayer,100,1000,2,200,0.85,324,360,319,364,45
MLPPlayer,100,1000,2,200,0.85,311,344,315,340,25
MLPPlayer,100,1000,2,200,0.85,323,381,328,379,51
MLPPlayer,100,1000,2,200,0.85,351,402,362,390,28
MLPPlayer,100,1000,2,200,0.85,226,256,222,259,37
MLPPlayer,100,1000,2,200,0.85,375,429,393,411,18
MLPPlayer,100,1000,2,200,0.85,331,380,323,379,56
MLPPlayer,100,1000,2,200,0.85,325,351,319,365,46
MLPPlayer,100,1000,2,200,0.85,305,367,306,363,57
MLPPlayer,100,1000,2,200,0.85,318,388,339,370,31
MLPPlayer,100,1000,2,200,0.85,324,358,310,365,55
MLPPlayer,100,1000,2,200,0.85,325,352,313,356,43
MLPPlayer,100,1000,2,200,0.85,307,342,303,350,47
MLPPlayer,100,1000,2,200,0.85,282,305,271,310,39
MLPPlayer,100,1000,2,200,0.85,262,280,253,286,33
MLPPlayer,100,1000,2,200,0.85,271,334,279,330,51
MLPPlayer,100,1000,2,200,0.85,316,375,315,376,61
MLPPlayer,100,1000,2,200,0.85,345,411,350,406,56
MLPPlayer,100,1000,2,200,0.85,326,372,321,369,48
MLPPlayer,100,1000,2,200,0.85,326,350,328,349,21
MLPPlayer,100,1000,2,200,0.85,275,328,275,321,46
MLPPlayer,100,1000,2,200,0.85,304,357,321,344,23
MLPPlayer,100,1000,2,200,0.85,283,334,283,331,48
MLPPlayer,100,1000,2,200,0.85,351,412,353,414,61
MLPPlayer,100,1000,2,200,0.85,303,353,317,338,21
MLPPlayer,100,1000,2,200,0.85,308,360,320,344,24
MLPPlayer,100,1000,2,200,0.85,271,294,262,299,37
MLPPlayer,100,1000,2,200,0.85,311,359,320,349,29
MLPPlayer,100,1000,2,200,0.85,311,363,311,353,42
MLPPlayer,100,1000,2,200,0.85,314,360,313,364,51
MLPPlayer,100,1000,2,200,0.85,272,336,278,322,44
MLPPlayer,100,1000,2,200,0.85,334,359,326,373,47
MLPPlayer,100,1000,2,200,0.85,371,413,379,403,24
MLPPlayer,100,1000,2,200,0.85,321,380,337,363,26
MLPPlayer,100,1000,2,200,0.85,272,308,284,302,18
MLPPlayer,100,1000,2,200,0.85,278,329,275,323,48
MLPPlayer,100,1000,2,200,0.85,371,401,376,398,22
MLPPlayer,100,1000,2,200,0.85,275,335,272,324,52
MLPPlayer,100,1000,2,200,0.85,242,265,238,261,23
MLPPlayer,100,1000,2,200,0.85,332,388,327,385,58
MLPPlayer,100,1000,2,200,0.85,297,350,310,335,25
MLPPlayer,100,1000,2,200,0.85,274,318,286,308,22
MLPPlayer,100,1000,2,200,0.85,351,425,354,412,58
MLPPlayer,100,1000,2,200,0.85,302,355,303,349,46
MLPPlayer,100,1000,2,200,0.85,243,304,244,293,49
MLPPlayer,100,1000,2,200,0.85,289,308,275,313,38
MLPPlayer,100,1000,2,200,0.85,310,334,299,339,40
MLPPlayer,100,1000,2,200,0.85,324,382,322,375,53
MLPPlayer,100,1000,2,200,0.85,291,340,297,331,34
MLPPlayer,100,1000,2,200,0.85,297,331,294,334,40
MLPPlayer,100,1000,2,200,0.85,321,384,326,381,55
MLPPlayer,100,1000,2,200,0.85,302,388,310,373,63
MLPPlayer,100,1000,2,200,0.85,281,351,289,341,52
MLPPlayer,100,1000,2,200,0.85,326,357,331,352,21
MLPPlayer,100,1000,2,200,0.85,375,438,378,434,56
MLPPlayer,100,1000,2,200,0.85,379,397,380,404,24
MLPPlayer,100,1000,2,200,0.85,339,372,349,365,16
MLPPlayer,100,1000,2,200,0.85,385,414,375,425,50
MLPPlayer,100,1000,2,200,0.85,289,330,290,336,46
Player,100,1000,2,200,0.85,414,445,415,438,23
Player,100,1000,2,200,0.85,496,543,510,528,18
Player,100,1000,2,200,0.85,453,495,464,481,17
Player,100,1000,2,200,0.85,496,520,500,515,15
Player,100,1000,2,200,0.85,459,484,454,486,32
Player,100,1000,2,200,0.85,495,519,503,518,15
Player,100,1000,2,200,0.85,595,625,596,629,33
Player,100,1000,2,200,0.85,618,645,617,639,22
Player,100,1000,2,200,0.85,447,463,446,465,19
Player,100,1000,2,200,0.85,493,528,505,515,10
Player,100,1000,2,200,0.85,518,550,528,546,18
Player,100,1000,2,200,0.85,450,476,458,470,12
Player,100,1000,2,200,0.85,542,564,546,564,18
Player,100,1000,2,200,0.85,580,615,592,609,17
Player,100,1000,2,200,0.85,467,485,470,481,11
Player,100,1000,2,200,0.85,467,494,473,492,19
Player,100,1000,2,200,0.85,473,503,482,500,18
Player,100,1000,2,200,0.85,430,461,433,452,19
Player,100,1000,2,200,0.85,539,567,539,565,26
Player,100,1000,2,200,0.85,490,519,491,511,20
Player,100,1000,2,200,0.85,448,471,450,469,19
Player,100,1000,2,200,0.85,450,475,447,469,22
Player,100,1000,2,200,0.85,470,508,480,492,12
Player,100,1000,2,200,0.85,496,512,490,525,35
Player,100,1000,2,200,0.85,421,463,436,448,12
Player,100,1000,2,200,0.85,496,538,504,532,28
Player,100,1000,2,200,0.85,574,598,580,594,14
Player,100,1000,2,200,0.85,467,492,468,488,20
Player,100,1000,2,200,0.85,510,542,520,534,14
Player,100,1000,2,200,0.85,507,540,516,530,14
Player,100,1000,2,200,0.85,453,484,461,476,15
Player,100,1000,2,200,0.85,501,521,503,520,17
Player,100,1000,2,200,0.85,458,475,461,472,11
Player,100,1000,2,200,0.85,425,445,428,443,15
Player,100,1000,2,200,0.85,451,477,451,469,18
Player,100,1000,2,200,0.85,519,539,522,543,21
Player,100,1000,2,200,0.85,548,569,546,569,23
Player,100,1000,2,200,0.85,467,515,484,499,15
Player,100,1000,2,200,0.85,457,476,450,473,23
Player,100,1000,2,200,0.85,541,563,539,562,23
Player,100,1000,2,200,0.85,540,566,538,562,24
Player,100,1000,2,200,0.85,460,495,470,487,17
Player,100,1000,2,200,0.85,408,430,406,426,20
Player,100,1000,2,200,0.85,478,509,486,501,15
Player,100,1000,2,200,0.85,559,581,559,575,16
Player,100,1000,2,200,0.85,419,440,419,442,23
Player,100,1000,2,200,0.85,509,539,513,540,27
Player,100,1000,2,200,0.85,562,605,577,595,18
Player,100,1000,2,200,0.85,458,487,462,477,15
Player,100,1000,2,200,0.85,503,534,515,529,14
Player,100,1000,2,200,0.85,483,512,493,505,12
Player,100,1000,2,200,0.85,485,523,493,510,17
Player,100,1000,2,200,0.85,502,526,499,519,20
Player,100,1000,2,200,0.85,507,551,520,536,16
Player,100,1000,2,200,0.85,484,508,479,512,33
Player,100,1000,2,200,0.85,527,559,532,554,22
Player,100,1000,2,200,0.85,495,526,502,515,13
Player,100,1000,2,200,0.85,489,507,488,507,19
Player,100,1000,2,200,0.85,476,508,469,499,30
Player,100,1000,2,200,0.85,474,505,481,503,22
Player,100,1000,2,200,0.85,438,473,449,475,26
Player,100,1000,2,200,0.85,442,458,436,454,18
Player,100,1000,2,200,0.85,514,547,519,541,22
Player,100,1000,2,200,0.85,464,485,462,487,25
Player,100,1000,2,200,0.85,502,524,500,524,24
Player,100,1000,2,200,0.85,411,443,416,437,21
Player,100,1000,2,200,0.85,452,481,460,494,34
Player,100,1000,2,200,0.85,496,521,502,522,20
Player,100,1000,2,200,0.85,488,515,496,513,17
Player,100,1000,2,200,0.85,489,520,501,511,10
Player,100,1000,2,200,0.85,588,606,582,607,25
Player,100,1000,2,200,0.85,445,467,448,475,27
Player,100,1000,2,200,0.85,479,512,490,506,16
Player,100,1000,2,200,0.85,499,522,496,516,20
Player,100,1000,2,200,0.85,451,473,447,475,28
Player,100,1000,2,200,0.85,494,538,507,526,19
Player,100,1000,2,200,0.85,498,521,501,526,25
Player,100,1000,2,200,0.85,501,530,506,524,18
Player,100,1000,2,200,0.85,518,563,527,559,32
Player,100,1000,2,200,0.85,538,570,547,561,14
Player,100,1000,2,200,0.85,461,479,466,487,21
Player,100,1000,2,200,0.85,482,528,495,515,20
Player,100,1000,2,200,0.85,406,425,411,430,19
Player,100,1000,2,200,0.85,493,523,498,515,17
Player,100,1000,2,200,0.85,501,524,499,525,26
Player,100,1000,2,200,0.85,430,452,430,452,22
Player,100,1000,2,200,0.85,494,515,498,516,18
Player,100,1000,2,200,0.85,519,548,516,550,34
Player,100,1000,2,200,0.85,484,503,485,498,13
Player,100,1000,2,200,0.85,448,480,459,472,13
Player,100,1000,2,200,0.85,471,494,473,494,21
Player,100,1000,2,200,0.85,481,527,490,513,23
Player,100,1000,2,200,0.85,516,538,520,541,21
Player,100,1000,2,200,0.85,430,461,435,454,19
Player,100,1000,2,200,0.85,459,487,463,492,29
Player,100,1000,2,200,0.85,408,431,409,428,19
Player,100,1000,2,200,0.85,517,546,526,540,14
Player,100,1000,2,200,0.85,489,519,493,509,16
Player,100,1000,2,200,0.85,553,583,560,576,16
Player,100,1000,2,200,0.85,466,490,466,491,25
LinearFunctionPlayer,100,1000,2,200,0.85,428,443,430,441,11
LinearFunctionPlayer,100,1000,2,200,0.85,519,550,523,546,23
LinearFunctionPlayer,100,1000,2,200,0.85,468,495,472,491,19
LinearFunctionPlayer,100,1000,2,200,0.85,491,525,496,520,24
LinearFunctionPlayer,100,1000,2,200,0.85,488,523,493,518,25
LinearFunctionPlayer,100,1000,2,200,0.85,476,505,480,501,21
LinearFunctionPlayer,100,1000,2,200,0.85,533,572,538,567,29
LinearFunctionPlayer,100,1000,2,200,0.85,525,553,529,549,20
LinearFunctionPlayer,100,1000,2,200,0.85,434,485,441,478,37
LinearFunctionPlayer,100,1000,2,200,0.85,483,503,486,501,15
LinearFunctionPlayer,100,1000,2,200,0.85,470,493,473,490,17
LinearFunctionPlayer,100,1000,2,200,0.85,488,515,492,511,19
LinearFunctionPlayer,100,1000,2,200,0.85,504,529,507,526,19
LinearFunctionPlayer,100,1000,2,200,0.85,462,494,466,490,24
LinearFunctionPlayer,100,1000,2,200,0.85,496,523,500,519,19
LinearFunctionPlayer,100,1000,2,200,0.85,449,470,452,467,15
LinearFunctionPlayer,100,1000,2,200,0.85,496,524,500,520,20
LinearFunctionPlayer,100,1000,2,200,0.85,505,525,507,522,15
LinearFunctionPlayer,100,1000,2,200,0.85,447,490,453,484,31
LinearFunctionPlayer,100,1000,2,200,0.85,510,526,512,524,12
LinearFunctionPlayer,100,1000,2,200,0.85,507,524,509,522,13
LinearFunctionPlayer,100,1000,2,200,0.85,471,503,475,499,24
LinearFunctionPlayer,100,1000,2,200,0.85,529,563,534,558,24
LinearFunctionPlayer,100,1000,2,200,0.85,530,546,532,544,12
LinearFunctionPlayer,100,1000,2,200,0.85,452,487,457,482,25
LinearFunctionPlayer,100,1000,2,200,0.85,496,522,499,519,20
LinearFunctionPlayer,100,1000,2,200,0.85,449,483,454,478,24
LinearFunctionPlayer,100,1000,2,200,0.85,453,476,456,473,17
LinearFunctionPlayer,100,1000,2,200,0.85,534,557,537,554,17
LinearFunctionPlayer,100,1000,2,200,0.85,443,479,448,474,26
LinearFunctionPlayer,100,1000,2,200,0.85,495,514,497,512,15
LinearFunctionPlayer,100,1000,2,200,0.85,520,568,527,561,34
LinearFunctionPlayer,100,1000,2,200,0.85,440,466,443,463,20
LinearFunctionPlayer,100,1000,2,200,0.85,423,448,426,445,19
LinearFunctionPlayer,100,1000,2,200,0.85,452,479,456,475,19
LinearFunctionPlayer,100,1000,2,200,0.85,497,521,500,518,18
LinearFunctionPlayer,100,1000,2,200,0.85,436,458,439,455,16
LinearFunctionPlayer,100,1000,2,200,0.85,433,473,438,468,30
LinearFunctionPlayer,100,1000,2,200,0.85,475,497,478,494,16
LinearFunctionPlayer,100,1000,2,200,0.85,504,541,509,536,27
LinearFunctionPlayer,100,1000,2,200,0.85,503,533,507,529,22
LinearFunctionPlayer,100,1000,2,200,0.85,459,476,461,474,13
LinearFunctionPlayer,100,1000,2,200,0.85,448,470,451,467,16
LinearFunctionPlayer,100,1000,2,200,0.85,505,522,507,520,13
LinearFunctionPlayer,100,1000,2,200,0.85,517,545,521,541,20
LinearFunctionPlayer,100,1000,2,200,0.85,495,518,498,515,17
LinearFunctionPlayer,100,1000,2,200,0.85,436,458,439,455,16
LinearFunctionPlayer,100,1000,2,200,0.85,464,491,468,487,19
LinearFunctionPlayer,100,1000,2,200,0.85,483,506,486,503,17
LinearFunctionPlayer,100,1000,2,200,0.85,481,508,485,504,19
LinearFunctionPlayer,100,1000,2,200,0.85,506,536,510,532,22
LinearFunctionPlayer,100,1000,2,200,0.85,460,490,464,486,22
LinearFunctionPlayer,100,1000,2,200,0.85,507,540,511,536,25
LinearFunctionPlayer,100,1000,2,200,0.85,465,500,470,495,25
LinearFunctionPlayer,100,1000,2,200,0.85,496,540,502,534,32
LinearFunctionPlayer,100,1000,2,200,0.85,460,481,463,478,15
LinearFunctionPlayer,100,1000,2,200,0.85,472,511,477,506,29
LinearFunctionPlayer,100,1000,2,200,0.85,449,474,452,471,19
LinearFunctionPlayer,100,1000,2,200,0.85,491,531,496,526,30
LinearFunctionPlayer,100,1000,2,200,0.85,500,551,507,544,37
LinearFunctionPlayer,100,1000,2,200,0.85,498,526,502,522,20
LinearFunctionPlayer,100,1000,2,200,0.85,500,532,504,528,24
LinearFunctionPlayer,100,1000,2,200,0.85,470,508,475,503,28
LinearFunctionPlayer,100,1000,2,200,0.85,493,510,495,508,13
LinearFunctionPlayer,100,1000,2,200,0.85,526,553,530,549,19
LinearFunctionPlayer,100,1000,2,200,0.85,435,459,438,456,18
LinearFunctionPlayer,100,1000,2,200,0.85,467,487,470,484,14
LinearFunctionPlayer,100,1000,2,200,0.85,489,510,492,507,15
LinearFunctionPlayer,100,1000,2,200,0.85,474,495,477,492,15
LinearFunctionPlayer,100,1000,2,200,0.85,447,487,452,482,30
LinearFunctionPlayer,100,1000,2,200,0.85,466,508,472,502,30
LinearFunctionPlayer,100,1000,2,200,0.85,453,489,458,484,26
LinearFunctionPlayer,100,1000,2,200,0.85,440,489,447,482,35
LinearFunctionPlayer,100,1000,2,200,0.85,483,512,487,508,21
LinearFunctionPlayer,100,1000,2,200,0.85,468,496,472,492,20
LinearFunctionPlayer,100,1000,2,200,0.85,449,471,452,468,16
LinearFunctionPlayer,100,1000,2,200,0.85,487,526,492,521,29
LinearFunctionPlayer,100,1000,2,200,0.85,513,566,520,559,39
LinearFunctionPlayer,100,1000,2,200,0.85,471,488,473,486,13
LinearFunctionPlayer,100,1000,2,200,0.85,459,500,465,494,29
LinearFunctionPlayer,100,1000,2,200,0.85,469,495,472,492,20
LinearFunctionPlayer,100,1000,2,200,0.85,449,482,453,478,25
LinearFunctionPlayer,100,1000,2,200,0.85,531,560,535,556,21
LinearFunctionPlayer,100,1000,2,200,0.85,440,457,442,455,13
LinearFunctionPlayer,100,1000,2,200,0.85,499,514,501,512,11
LinearFunctionPlayer,100,1000,2,200,0.85,519,552,523,548,25
LinearFunctionPlayer,100,1000,2,200,0.85,500,530,504,526,22
LinearFunctionPlayer,100,1000,2,200,0.85,435,465,439,461,22
LinearFunctionPlayer,100,1000,2,200,0.85,509,532,512,529,17
LinearFunctionPlayer,100,1000,2,200,0.85,441,466,444,463,19
LinearFunctionPlayer,100,1000,2,200,0.85,438,471,442,467,25
LinearFunctionPlayer,100,1000,2,200,0.85,519,547,523,543,20
LinearFunctionPlayer,100,1000,2,200,0.85,478,511,482,507,25
LinearFunctionPlayer,100,1000,2,200,0.85,507,543,512,538,26
LinearFunctionPlayer,100,1000,2,200,0.85,459,483,462,480,18
LinearFunctionPlayer,100,1000,2,200,0.85,481,504,484,501,17
LinearFunctionPlayer,100,1000,2,200,0.85,494,514,497,512,15
LinearFunctionPlayer,100,1000,2,200,0.85,497,519,500,516,16
LinearFunctionPlayer,100,1000,2,200,0.85,475,515,480,509,29
LinearFunctionPlayer,100,1000,2,200,0.85,518,557,523,552,29
SigmoidPlayer,100,1000,2,200,0.9,506,528,510,524,14
SigmoidPlayer,100,1000,2,200,0.9,507,523,510,520,10
SigmoidPlayer,100,1000,2,200,0.9,503,520,507,517,10
SigmoidPlayer,100,1000,2,200,0.9,534,571,542,564,22
SigmoidPlayer,100,1000,2,200,0.9,500,509,502,508,6
SigmoidPlayer,100,1000,2,200,0.9,530,554,535,549,14
SigmoidPlayer,100,1000,2,200,0.9,573,595,577,591,14
SigmoidPlayer,100,1000,2,200,0.9,467,480,470,478,8
SigmoidPlayer,100,1000,2,200,0.9,519,539,523,535,12
SigmoidPlayer,100,1000,2,200,0.9,520,532,522,530,8
SigmoidPlayer,100,1000,2,200,0.9,493,514,498,510,12
SigmoidPlayer,100,1000,2,200,0.9,520,552,527,545,18
SigmoidPlayer,100,1000,2,200,0.9,544,566,548,562,14
SigmoidPlayer,100,1000,2,200,0.9,526,546,530,542,12
SigmoidPlayer,100,1000,2,200,0.9,607,632,613,627,14
SigmoidPlayer,100,1000,2,200,0.9,523,553,529,547,18
SigmoidPlayer,100,1000,2,200,0.9,527,553,532,548,16
SigmoidPlayer,100,1000,2,200,0.9,507,513,508,512,4
SigmoidPlayer,100,1000,2,200,0.9,467,488,472,484,12
SigmoidPlayer,100,1000,2,200,0.9,601,615,604,612,8
SigmoidPlayer,100,1000,2,200,0.9,510,539,517,533,16
SigmoidPlayer,100,1000,2,200,0.9,535,547,537,545,8
SigmoidPlayer,100,1000,2,200,0.9,522,538,525,535,10
SigmoidPlayer,100,1000,2,200,0.9,485,493,486,492,6
SigmoidPlayer,100,1000,2,200,0.9,533,554,538,550,12
SigmoidPlayer,100,1000,2,200,0.9,487,507,491,503,12
SigmoidPlayer,100,1000,2,200,0.9,542,557,545,555,10
SigmoidPlayer,100,1000,2,200,0.9,489,505,492,502,10
SigmoidPlayer,100,1000,2,200,0.9,522,551,529,545,16
SigmoidPlayer,100,1000,2,200,0.9,527,549,531,545,14
SigmoidPlayer,100,1000,2,200,0.9,535,550,538,548,10
SigmoidPlayer,100,1000,2,200,0.9,518,543,524,538,14
SigmoidPlayer,100,1000,2,200,0.9,470,497,476,492,16
SigmoidPlayer,100,1000,2,200,0.9,505,519,508,516,8
SigmoidPlayer,100,1000,2,200,0.9,512,532,516,528,12
SigmoidPlayer,100,1000,2,200,0.9,512,532,516,528,12
SigmoidPlayer,100,1000,2,200,0.9,440,495,452,484,32
SigmoidPlayer,100,1000,2,200,0.9,537,561,542,556,14
SigmoidPlayer,100,1000,2,200,0.9,552,579,558,574,16
SigmoidPlayer,100,1000,2,200,0.9,512,530,516,526,10
SigmoidPlayer,100,1000,2,200,0.9,483,510,489,505,16
SigmoidPlayer,100,1000,2,200,0.9,458,481,463,477,14
SigmoidPlayer,100,1000,2,200,0.9,546,571,552,566,14
SigmoidPlayer,100,1000,2,200,0.9,520,536,523,533,10
SigmoidPlayer,100,1000,2,200,0.9,487,505,491,501,10
SigmoidPlayer,100,1000,2,200,0.9,535,550,538,548,10
SigmoidPlayer,100,1000,2,200,0.9,497,521,502,516,14
SigmoidPlayer,100,1000,2,200,0.9,493,521,499,515,16
SigmoidPlayer,100,1000,2,200,0.9,514,538,519,533,14
SigmoidPlayer,100,1000,2,200,0.9,507,534,513,529,16
SigmoidPlayer,100,1000,2,200,0.9,503,514,505,513,8
SigmoidPlayer,100,1000,2,200,0.9,516,531,519,529,10
SigmoidPlayer,100,1000,2,200,0.9,545,563,549,559,10
SigmoidPlayer,100,1000,2,200,0.9,500,524,505,519,14
SigmoidPlayer,100,1000,2,200,0.9,512,536,517,531,14
SigmoidPlayer,100,1000,2,200,0.9,459,473,462,470,8
SigmoidPlayer,100,1000,2,200,0.9,474,507,481,501,20
SigmoidPlayer,100,1000,2,200,0.9,574,592,578,588,10
SigmoidPlayer,100,1000,2,200,0.9,508,528,512,524,12
SigmoidPlayer,100,1000,2,200,0.9,518,548,524,542,18
SigmoidPlayer,100,1000,2,200,0.9,529,543,532,540,8
SigmoidPlayer,100,1000,2,200,0.9,572,587,575,585,10
SigmoidPlayer,100,1000,2,200,0.9,593,619,598,614,16
SigmoidPlayer,100,1000,2,200,0.9,504,522,508,518,10
SigmoidPlayer,100,1000,2,200,0.9,570,595,576,590,14
SigmoidPlayer,100,1000,2,200,0.9,487,509,491,505,14
SigmoidPlayer,100,1000,2,200,0.9,510,528,514,524,10
SigmoidPlayer,100,1000,2,200,0.9,419,426,421,425,4
SigmoidPlayer,100,1000,2,200,0.9,484,495,486,494,8
SigmoidPlayer,100,1000,2,200,0.9,521,543,525,539,14
SigmoidPlayer,100,1000,2,200,0.9,563,577,566,574,8
SigmoidPlayer,100,1000,2,200,0.9,444,470,449,465,16
SigmoidPlayer,100,1000,2,200,0.9,524,541,528,538,10
SigmoidPlayer,100,1000,2,200,0.9,486,503,490,500,10
SigmoidPlayer,100,1000,2,200,0.9,535,556,540,552,12
SigmoidPlayer,100,1000,2,200,0.9,464,496,471,489,18
SigmoidPlayer,100,1000,2,200,0.9,483,506,488,502,14
SigmoidPlayer,100,1000,2,200,0.9,530,554,535,549,14
SigmoidPlayer,100,1000,2,200,0.9,564,577,567,575,8
SigmoidPlayer,100,1000,2,200,0.9,506,523,510,520,10
SigmoidPlayer,100,1000,2,200,0.9,521,540,525,537,12
SigmoidPlayer,100,1000,2,200,0.9,530,548,534,544,10
SigmoidPlayer,100,1000,2,200,0.9,485,507,489,503,14
SigmoidPlayer,100,1000,2,200,0.9,565,579,568,576,8
SigmoidPlayer,100,1000,2,200,0.9,521,532,523,531,8
SigmoidPlayer,100,1000,2,200,0.9,536,552,539,549,10
SigmoidPlayer,100,1000,2,200,0.9,516,531,519,529,10
SigmoidPlayer,100,1000,2,200,0.9,495,509,498,506,8
SigmoidPlayer,100,1000,2,200,0.9,503,511,504,510,6
SigmoidPlayer,100,1000,2,200,0.9,471,483,473,481,8
SigmoidPlayer,100,1000,2,200,0.9,513,535,517,531,14
SigmoidPlayer,100,1000,2,200,0.9,481,500,485,497,12
SigmoidPlayer,100,1000,2,200,0.9,487,515,493,509,16
SigmoidPlayer,100,1000,2,200,0.9,411,430,415,427,12
SigmoidPlayer,100,1000,2,200,0.9,499,509,501,507,6
SigmoidPlayer,100,1000,2,200,0.9,543,551,544,550,6
SigmoidPlayer,100,1000,2,200,0.9,545,559,548,556,8
SigmoidPlayer,100,1000,2,200,0.9,464,476,466,474,8
SigmoidPlayer,100,1000,2,200,0.9,503,531,509,525,16
SigmoidPlayer,100,1000,2,200,0.9,534,549,537,547,10
LRPlayer,100,1000,2,200,0.9,517,533,520,531,11
LRPlayer,100,1000,2,200,0.9,449,469,453,465,12
LRPlayer,100,1000,2,200,0.9,460,481,465,476,11
LRPlayer,100,1000,2,200,0.9,492,507,495,504,9
LRPlayer,100,1000,2,200,0.9,469,481,470,479,9
LRPlayer,100,1000,2,200,0.9,468,485,471,482,11
LRPlayer,100,1000,2,200,0.9,498,536,508,525,17
LRPlayer,100,1000,2,200,0.9,479,497,482,493,11
LRPlayer,100,1000,2,200,0.9,443,457,445,455,10
LRPlayer,100,1000,2,200,0.9,517,537,521,533,12
LRPlayer,100,1000,2,200,0.9,540,555,543,553,10
LRPlayer,100,1000,2,200,0.9,525,544,529,540,11
LRPlayer,100,1000,2,200,0.9,477,504,483,497,14
LRPlayer,100,1000,2,200,0.9,472,493,477,489,12
LRPlayer,100,1000,2,200,0.9,515,533,519,529,10
LRPlayer,100,1000,2,200,0.9,496,514,499,510,11
LRPlayer,100,1000,2,200,0.9,429,449,433,444,11
LRPlayer,100,1000,2,200,0.9,494,521,501,515,14
LRPlayer,100,1000,2,200,0.9,495,509,497,506,9
LRPlayer,100,1000,2,200,0.9,480,505,486,499,13
LRPlayer,100,1000,2,200,0.9,428,462,437,453,16
LRPlayer,100,1000,2,200,0.9,525,538,526,536,10
LRPlayer,100,1000,2,200,0.9,488,504,491,501,10
LRPlayer,100,1000,2,200,0.9,489,517,495,509,14
LRPlayer,100,1000,2,200,0.9,462,477,465,474,9
LRPlayer,100,1000,2,200,0.9,471,489,474,485,11
LRPlayer,100,1000,2,200,0.9,493,506,495,504,9
LRPlayer,100,1000,2,200,0.9,476,495,481,492,11
LRPlayer,100,1000,2,200,0.9,472,490,476,487,11
LRPlayer,100,1000,2,200,0.9,433,453,437,449,12
LRPlayer,100,1000,2,200,0.9,486,504,490,501,11
LRPlayer,100,1000,2,200,0.9,529,551,534,546,12
LRPlayer,100,1000,2,200,0.9,513,534,518,530,12
LRPlayer,100,1000,2,200,0.9,460,478,463,474,11
LRPlayer,100,1000,2,200,0.9,468,494,475,487,12
LRPlayer,100,1000,2,200,0.9,466,497,473,488,15
LRPlayer,100,1000,2,200,0.9,536,566,544,559,15
LRPlayer,100,1000,2,200,0.9,414,439,420,433,13
LRPlayer,100,1000,2,200,0.9,496,506,497,505,8
LRPlayer,100,1000,2,200,0.9,493,516,499,511,12
LRPlayer,100,1000,2,200,0.9,435,453,439,450,11
LRPlayer,100,1000,2,200,0.9,513,527,515,524,9
LRPlayer,100,1000,2,200,0.9,528,545,531,542,11
LRPlayer,100,1000,2,200,0.9,499,519,505,515,10
LRPlayer,100,1000,2,200,0.9,552,574,556,568,12
LRPlayer,100,1000,2,200,0.9,502,518,505,515,10
LRPlayer,100,1000,2,200,0.9,516,542,523,536,13
LRPlayer,100,1000,2,200,0.9,454,467,456,465,9
LRPlayer,100,1000,2,200,0.9,507,527,511,522,11
LRPlayer,100,1000,2,200,0.9,480,491,481,490,9
LRPlayer,100,1000,2,200,0.9,483,505,488,500,12
LRPlayer,100,1000,2,200,0.9,489,509,493,505,12
LRPlayer,100,1000,2,200,0.9,515,541,520,535,15
LRPlayer,100,1000,2,200,0.9,493,506,495,505,10
LRPlayer,100,1000,2,200,0.9,400,417,403,414,11
LRPlayer,100,1000,2,200,0.9,480,497,483,494,11
LRPlayer,100,1000,2,200,0.9,471,499,478,492,14
LRPlayer,100,1000,2,200,0.9,464,476,466,474,8
LRPlayer,100,1000,2,200,0.9,476,508,485,500,15
LRPlayer,100,1000,2,200,0.9,577,599,581,594,13
LRPlayer,100,1000,2,200,0.9,431,444,433,442,9
LRPlayer,100,1000,2,200,0.9,466,495,474,487,13
LRPlayer,100,1000,2,200,0.9,503,516,505,514,9
LRPlayer,100,1000,2,200,0.9,474,500,481,493,12
LRPlayer,100,1000,2,200,0.9,516,536,521,532,11
LRPlayer,100,1000,2,200,0.9,490,511,495,507,12
LRPlayer,100,1000,2,200,0.9,513,534,517,530,13
LRPlayer,100,1000,2,200,0.9,460,491,467,482,15
LRPlayer,100,1000,2,200,0.9,503,517,505,515,10
LRPlayer,100,1000,2,200,0.9,443,473,451,465,14
LRPlayer,100,1000,2,200,0.9,503,525,509,521,12
LRPlayer,100,1000,2,200,0.9,524,539,527,536,9
LRPlayer,100,1000,2,200,0.9,464,481,468,478,10
LRPlayer,100,1000,2,200,0.9,458,478,462,474,12
LRPlayer,100,1000,2,200,0.9,458,471,460,469,9
LRPlayer,100,1000,2,200,0.9,412,434,418,430,12
LRPlayer,100,1000,2,200,0.9,426,446,430,442,12
LRPlayer,100,1000,2,200,0.9,530,551,535,546,11
LRPlayer,100,1000,2,200,0.9,473,487,476,485,9
LRPlayer,100,1000,2,200,0.9,474,504,482,496,14
LRPlayer,100,1000,2,200,0.9,528,542,530,540,10
LRPlayer,100,1000,2,200,0.9,490,511,494,506,12
LRPlayer,100,1000,2,200,0.9,475,518,489,507,18
LRPlayer,100,1000,2,200,0.9,479,499,483,494,11
LRPlayer,100,1000,2,200,0.9,545,561,548,558,10
LRPlayer,100,1000,2,200,0.9,497,514,500,511,11
LRPlayer,100,1000,2,200,0.9,515,528,517,526,9
LRPlayer,100,1000,2,200,0.9,477,493,480,491,11
LRPlayer,100,1000,2,200,0.9,505,522,509,519,10
LRPlayer,100,1000,2,200,0.9,441,458,444,455,11
LRPlayer,100,1000,2,200,0.9,419,443,425,437,12
LRPlayer,100,1000,2,200,0.9,489,503,491,501,10
LRPlayer,100,1000,2,200,0.9,457,474,461,471,10
LRPlayer,100,1000,2,200,0.9,482,500,486,496,10
LRPlayer,100,1000,2,200,0.9,435,475,446,464,18
LRPlayer,100,1000,2,200,0.9,437,476,449,465,16
LRPlayer,100,1000,2,200,0.9,494,517,499,511,12
LRPlayer,100,1000,2,200,0.9,545,561,547,557,10
LRPlayer,100,1000,2,200,0.9,450,472,455,467,12
LRPlayer,100,1000,2,200,0.9,534,557,539,552,13
MLPPlayer,100,1000,2,200,0.9,325,393,347,375,28
MLPPlayer,100,1000,2,200,0.9,262,299,252,303,51
MLPPlayer,100,1000,2,200,0.9,263,287,259,289,30
MLPPlayer,100,1000,2,200,0.9,292,350,283,348,65
MLPPlayer,100,1000,2,200,0.9,224,288,227,291,64
MLPPlayer,100,1000,2,200,0.9,259,307,253,307,54
MLPPlayer,100,1000,2,200,0.9,320,406,319,401,82
MLPPlayer,100,1000,2,200,0.9,283,355,275,349,74
MLPPlayer,100,1000,2,200,0.9,221,291,240,266,26
MLPPlayer,100,1000,2,200,0.9,204,259,204,256,52
MLPPlayer,100,1000,2,200,0.9,273,332,268,333,65
MLPPlayer,100,1000,2,200,0.9,267,345,271,343,72
MLPPlayer,100,1000,2,200,0.9,308,342,296,351,55
MLPPlayer,100,1000,2,200,0.9,258,281,242,296,54
MLPPlayer,100,1000,2,200,0.9,290,358,307,339,32
MLPPlayer,100,1000,2,200,0.9,318,406,325,396,71
MLPPlayer,100,1000,2,200,0.9,297,366,318,344,26
MLPPlayer,100,1000,2,200,0.9,240,273,236,277,41
MLPPlayer,100,1000,2,200,0.9,272,339,270,338,68
MLPPlayer,100,1000,2,200,0.9,300,414,307,395,88
MLPPlayer,100,1000,2,200,0.9,304,390,308,386,78
MLPPlayer,100,1000,2,200,0.9,274,353,276,349,73
MLPPlayer,100,1000,2,200,0.9,284,325,276,334,58
MLPPlayer,100,1000,2,200,0.9,256,280,257,281,24
MLPPlayer,100,1000,2,200,0.9,297,369,296,367,71
MLPPlayer,100,1000,2,200,0.9,246,293,240,298,58
MLPPlayer,100,1000,2,200,0.9,228,302,228,292,64
MLPPlayer,100,1000,2,200,0.9,276,340,279,339,60
MLPPlayer,100,1000,2,200,0.9,214,269,212,268,56
MLPPlayer,100,1000,2,200,0.9,268,319,264,318,54
MLPPlayer,100,1000,2,200,0.9,235,295,236,289,53
MLPPlayer,100,1000,2,200,0.9,228,295,247,272,25
MLPPlayer,100,1000,2,200,0.9,269,346,287,322,35
MLPPlayer,100,1000,2,200,0.9,260,292,263,286,23
MLPPlayer,100,1000,2,200,0.9,237,277,239,272,33
MLPPlayer,100,1000,2,200,0.9,340,374,329,383,54
MLPPlayer,100,1000,2,200,0.9,252,312,260,297,37
MLPPlayer,100,1000,2,200,0.9,282,352,275,349,74
MLPPlayer,100,1000,2,200,0.9,263,366,263,347,84
MLPPlayer,100,1000,2,200,0.9,241,319,242,309,67
MLPPlayer,100,1000,2,200,0.9,356,424,355,443,88
MLPPlayer,100,1000,2,200,0.9,244,291,258,280,22
MLPPlayer,100,1000,2,200,0.9,284,320,273,330,57
MLPPlayer,100,1000,2,200,0.9,286,339,276,341,65
MLPPlayer,100,1000,2,200,0.9,299,362,318,343,25
MLPPlayer,100,1000,2,200,0.9,213,236,215,233,18
MLPPlayer,100,1000,2,200,0.9,308,370,304,371,67
MLPPlayer,100,1000,2,200,0.9,302,350,294,355,61
MLPPlayer,100,1000,2,200,0.9,308,346,312,344,32
MLPPlayer,100,1000,2,200,0.9,249,330,268,304,36
MLPPlayer,100,1000,2,200,0.9,252,285,261,278,17
MLPPlayer,100,1000,2,200,0.9,262,352,268,344,76
MLPPlayer,100,1000,2,200,0.9,272,366,301,334,33
MLPPlayer,100,1000,2,200,0.9,303,377,289,371,82
MLPPlayer,100,1000,2,200,0.9,360,397,348,405,57
MLPPlayer,100,1000,2,200,0.9,301,383,301,385,84
MLPPlayer,100,1000,2,200,0.9,310,391,302,380,78
MLPPlayer,100,1000,2,200,0.9,283,361,305,334,29
MLPPlayer,100,1000,2,200,0.9,271,308,273,301,28
MLPPlayer,100,1000,2,200,0.9,260,346,264,342,78
MLPPlayer,100,1000,2,200,0.9,292,341,283,346,63
MLPPlayer,100,1000,2,200,0.9,285,327,274,329,55
MLPPlayer,100,1000,2,200,0.9,259,310,256,314,58
MLPPlayer,100,1000,2,200,0.9,322,376,333,365,32
MLPPlayer,100,1000,2,200,0.9,282,337,273,339,66
MLPPlayer,100,1000,2,200,0.9,241,298,233,295,62
MLPPlayer,100,1000,2,200,0.9,210,266,210,265,55
MLPPlayer,100,1000,2,200,0.9,287,368,308,347,39
MLPPlayer,100,1000,2,200,0.9,272,325,280,315,35
MLPPlayer,100,1000,2,200,0.9,273,337,269,332,63
MLPPlayer,100,1000,2,200,0.9,277,309,263,318,55
MLPPlayer,100,1000,2,200,0.9,302,371,296,363,67
MLPPlayer,100,1000,2,200,0.9,299,363,301,353,52
MLPPlayer,100,1000,2,200,0.9,198,260,202,258,56
MLPPlayer,100,1000,2,200,0.9,308,331,295,338,43
MLPPlayer,100,1000,2,200,0.9,249,319,263,302,39
MLPPlayer,100,1000,2,200,0.9,299,364,294,361,67
MLPPlayer,100,1000,2,200,0.9,296,377,290,371,81
MLPPlayer,100,1000,2,200,0.9,317,343,319,341,22
MLPPlayer,100,1000,2,200,0.9,260,333,260,331,71
MLPPlayer,100,1000,2,200,0.9,237,293,227,293,66
MLPPlayer,100,1000,2,200,0.9,249,317,251,315,64
MLPPlayer,100,1000,2,200,0.9,308,378,300,372,72
MLPPlayer,100,1000,2,200,0.9,228,285,224,286,62
MLPPlayer,100,1000,2,200,0.9,265,348,266,338,72
MLPPlayer,100,1000,2,200,0.9,261,295,236,295,59
MLPPlayer,100,1000,2,200,0.9,228,292,224,291,67
MLPPlayer,100,1000,2,200,0.9,285,371,276,364,88
MLPPlayer,100,1000,2,200,0.9,231,303,232,294,62
MLPPlayer,100,1000,2,200,0.9,246,301,242,303,61
MLPPlayer,100,1000,2,200,0.9,250,290,234,293,59
MLPPlayer,100,1000,2,200,0.9,263,302,256,311,55
MLPPlayer,100,1000,2,200,0.9,267,298,267,296,29
MLPPlayer,100,1000,2,200,0.9,262,322,280,308,28
MLPPlayer,100,1000,2,200,0.9,255,330,258,330,72
MLPPlayer,100,1000,2,200,0.9,243,283,253,274,21
MLPPlayer,100,1000,2,200,0.9,279,312,269,323,54
MLPPlayer,100,1000,2,200,0.9,259,292,258,292,34
MLPPlayer,100,1000,2,200,0.9,290,349,278,352,74
MLPPlayer,100,1000,2,200,0.9,246,304,245,305,60
Player,100,1000,2,200,0.9,550,569,549,566,17
Player,100,1000,2,200,0.9,519,550,528,542,14
Player,100,1000,2,200,0.9,452,471,446,473,27
Player,100,1000,2,200,0.9,526,547,523,546,23
Player,100,1000,2,200,0.9,468,485,473,482,9
Player,100,1000,2,200,0.9,506,531,503,530,27
Player,100,1000,2,200,0.9,487,503,482,510,28
Player,100,1000,2,200,0.9,488,510,492,508,16
Player,100,1000,2,200,0.9,517,556,523,546,23
Player,100,1000,2,200,0.9,495,514,496,512,16
Player,100,1000,2,200,0.9,545,572,547,580,33
Player,100,1000,2,200,0.9,424,462,432,450,18
Player,100,1000,2,200,0.9,463,503,465,491,26
Player,100,1000,2,200,0.9,510,532,514,539,25
Player,100,1000,2,200,0.9,562,584,563,579,16
Player,100,1000,2,200,0.9,522,548,520,539,19
Player,100,1000,2,200,0.9,468,481,463,483,20
Player,100,1000,2,200,0.9,460,485,463,481,18
Player,100,1000,2,200,0.9,450,469,452,471,19
Player,100,1000,2,200,0.9,468,496,468,495,27
Player,100,1000,2,200,0.9,441,474,447,470,23
Player,100,1000,2,200,0.9,483,501,476,500,24
Player,100,1000,2,200,0.9,538,559,540,560,20
Player,100,1000,2,200,0.9,418,451,429,446,17
Player,100,1000,2,200,0.9,481,518,495,507,12
Player,100,1000,2,200,0.9,559,582,561,588,27
Player,100,1000,2,200,0.9,493,524,494,520,26
Player,100,1000,2,200,0.9,495,524,499,513,14
Player,100,1000,2,200,0.9,518,552,530,543,13
Player,100,1000,2,200,0.9,460,488,465,489,24
Player,100,1000,2,200,0.9,550,564,536,564,28
Player,100,1000,2,200,0.9,457,486,464,482,18
Player,100,1000,2,200,0.9,486,514,490,506,16
Player,100,1000,2,200,0.9,506,534,514,529,15
Player,100,1000,2,200,0.9,544,577,543,568,25
Player,100,1000,2,200,0.9,491,531,497,519,22
Player,100,1000,2,200,0.9,494,514,500,516,16
Player,100,1000,2,200,0.9,463,487,470,483,13
Player,100,1000,2,200,0.9,514,539,517,540,23
Player,100,1000,2,200,0.9,447,474,447,475,28
Player,100,1000,2,200,0.9,483,501,481,501,20
Player,100,1000,2,200,0.9,508,547,522,533,11
Player,100,1000,2,200,0.9,471,506,474,499,25
Player,100,1000,2,200,0.9,567,605,581,591,10
Player,100,1000,2,200,0.9,457,483,460,481,21
Player,100,1000,2,200,0.9,453,475,453,480,27
Player,100,1000,2,200,0.9,581,617,590,618,28
Player,100,1000,2,200,0.9,491,531,502,525,23
Player,100,1000,2,200,0.9,504,535,512,532,20
Player,100,1000,2,200,0.9,472,497,481,492,11
Player,100,1000,2,200,0.9,546,578,557,567,10
Player,100,1000,2,200,0.9,530,560,539,554,15
Player,100,1000,2,200,0.9,511,530,515,530,15
Player,100,1000,2,200,0.9,512,548,517,537,20
Player,100,1000,2,200,0.9,502,531,510,525,15
Player,100,1000,2,200,0.9,580,610,587,598,11
Player,100,1000,2,200,0.9,492,535,506,519,13
Player,100,1000,2,200,0.9,501,519,505,527,22
Player,100,1000,2,200,0.9,475,501,479,506,27
Player,100,1000,2,200,0.9,454,484,464,475,11
Player,100,1000,2,200,0.9,435,461,436,455,19
Player,100,1000,2,200,0.9,481,516,492,507,15
Player,100,1000,2,200,0.9,486,513,488,512,24
Player,100,1000,2,200,0.9,491,530,504,527,23
Player,100,1000,2,200,0.9,503,520,503,525,22
Player,100,1000,2,200,0.9,469,485,468,490,22
Player,100,1000,2,200,0.9,474,500,463,497,34
Player,100,1000,2,200,0.9,458,487,447,482,35
Player,100,1000,2,200,0.9,570,598,575,589,14
Player,100,1000,2,200,0.9,445,475,452,469,17
Player,100,1000,2,200,0.9,491,519,495,515,20
Player,100,1000,2,200,0.9,544,578,543,570,27
Player,100,1000,2,200,0.9,440,458,444,461,17
Player,100,1000,2,200,0.9,481,512,488,508,20
Player,100,1000,2,200,0.9,526,557,533,564,31
Player,100,1000,2,200,0.9,477,515,473,503,30
Player,100,1000,2,200,0.9,489,516,498,508,10
Player,100,1000,2,200,0.9,508,529,515,529,14
Player,100,1000,2,200,0.9,397,421,395,414,19
Player,100,1000,2,200,0.9,492,519,494,514,20
Player,100,1000,2,200,0.9,498,531,491,531,40
Player,100,1000,2,200,0.9,462,492,464,492,28
Player,100,1000,2,200,0.9,528,567,531,556,25
Player,100,1000,2,200,0.9,523,554,530,547,17
Player,100,1000,2,200,0.9,465,513,482,494,12
Player,100,1000,2,200,0.9,566,585,566,586,20
Player,100,1000,2,200,0.9,400,423,399,426,27
Player,100,1000,2,200,0.9,477,524,489,507,18
Player,100,1000,2,200,0.9,542,575,550,568,18
Player,100,1000,2,200,0.9,434,463,442,466,24
Player,100,1000,2,200,0.9,376,405,379,397,18
Player,100,1000,2,200,0.9,496,527,504,518,14
Player,100,1000,2,200,0.9,511,558,522,540,18
Player,100,1000,2,200,0.9,511,531,513,530,17
Player,100,1000,2,200,0.9,523,564,536,551,15
Player,100,1000,2,200,0.9,477,498,482,507,25
Player,100,1000,2,200,0.9,563,597,557,593,36
Player,100,1000,2,200,0.9,432,453,436,450,14
Player,100,1000,2,200,0.9,499,525,506,519,13
Player,100,1000,2,200,0.9,412,437,419,454,35
LinearFunctionPlayer,100,1000,2,200,0.9,476,523,480,519,39
LinearFunctionPlayer,100,1000,2,200,0.9,456,487,459,484,25
LinearFunctionPlayer,100,1000,2,200,0.9,447,493,451,489,38
LinearFunctionPlayer,100,1000,2,200,0.9,484,511,486,509,23
LinearFunctionPlayer,100,1000,2,200,0.9,499,539,503,536,33
LinearFunctionPlayer,100,1000,2,200,0.9,449,488,452,485,33
LinearFunctionPlayer,100,1000,2,200,0.9,478,512,481,509,28
LinearFunctionPlayer,100,1000,2,200,0.9,493,536,497,532,35
LinearFunctionPlayer,100,1000,2,200,0.9,502,531,504,529,25
LinearFunctionPlayer,100,1000,2,200,0.9,528,559,531,556,25
LinearFunctionPlayer,100,1000,2,200,0.9,448,488,452,484,32
LinearFunctionPlayer,100,1000,2,200,0.9,436,490,441,485,44
LinearFunctionPlayer,100,1000,2,200,0.9,462,513,467,508,41
LinearFunctionPlayer,100,1000,2,200,0.9,476,516,480,512,32
LinearFunctionPlayer,100,1000,2,200,0.9,473,508,476,505,29
LinearFunctionPlayer,100,1000,2,200,0.9,447,484,450,481,31
LinearFunctionPlayer,100,1000,2,200,0.9,484,538,489,533,44
LinearFunctionPlayer,100,1000,2,200,0.9,514,558,518,554,36
LinearFunctionPlayer,100,1000,2,200,0.9,438,501,444,495,51
LinearFunctionPlayer,100,1000,2,200,0.9,543,587,547,583,36
LinearFunctionPlayer,100,1000,2,200,0.9,491,533,495,529,34
LinearFunctionPlayer,100,1000,2,200,0.9,476,508,479,505,26
LinearFunctionPlayer,100,1000,2,200,0.9,505,547,509,543,34
LinearFunctionPlayer,100,1000,2,200,0.9,521,558,524,555,31
LinearFunctionPlayer,100,1000,2,200,0.9,434,474,438,471,33
LinearFunctionPlayer,100,1000,2,200,0.9,466,504,469,501,32
LinearFunctionPlayer,100,1000,2,200,0.9,453,489,456,486,30
LinearFunctionPlayer,100,1000,2,200,0.9,478,521,482,517,35
LinearFunctionPlayer,100,1000,2,200,0.9,500,536,503,533,30
LinearFunctionPlayer,100,1000,2,200,0.9,478,523,482,519,37
LinearFunctionPlayer,100,1000,2,200,0.9,528,556,530,554,24
LinearFunctionPlayer,100,1000,2,200,0.9,462,511,466,507,41
LinearFunctionPlayer,100,1000,2,200,0.9,472,499,474,497,23
LinearFunctionPlayer,100,1000,2,200,0.9,489,521,492,518,26
LinearFunctionPlayer,100,1000,2,200,0.9,517,566,521,562,41
LinearFunctionPlayer,100,1000,2,200,0.9,509,547,512,544,32
LinearFunctionPlayer,100,1000,2,200,0.9,497,536,500,533,33
LinearFunctionPlayer,100,1000,2,200,0.9,522,554,525,551,26
LinearFunctionPlayer,100,1000,2,200,0.9,530,576,534,572,38
LinearFunctionPlayer,100,1000,2,200,0.9,479,521,483,517,34
LinearFunctionPlayer,100,1000,2,200,0.9,506,551,510,547,37
LinearFunctionPlayer,100,1000,2,200,0.9,490,535,494,531,37
LinearFunctionPlayer,100,1000,2,200,0.9,499,542,503,538,35
LinearFunctionPlayer,100,1000,2,200,0.9,522,558,525,555,30
LinearFunctionPlayer,100,1000,2,200,0.9,472,501,474,499,25
LinearFunctionPlayer,100,1000,2,200,0.9,504,537,507,534,27
LinearFunctionPlayer,100,1000,2,200,0.9,453,480,455,478,23
LinearFunctionPlayer,100,1000,2,200,0.9,452,499,456,495,39
LinearFunctionPlayer,100,1000,2,200,0.9,452,481,454,479,25
LinearFunctionPlayer,100,1000,2,200,0.9,480,516,483,513,30
LinearFunctionPlayer,100,1000,2,200,0.9,477,521,481,517,36
LinearFunctionPlayer,100,1000,2,200,0.9,428,471,432,467,35
LinearFunctionPlayer,100,1000,2,200,0.9,466,506,470,502,32
LinearFunctionPlayer,100,1000,2,200,0.9,494,548,499,543,44
LinearFunctionPlayer,100,1000,2,200,0.9,460,528,466,522,56
LinearFunctionPlayer,100,1000,2,200,0.9,486,523,489,520,31
LinearFunctionPlayer,100,1000,2,200,0.9,452,482,455,479,24
LinearFunctionPlayer,100,1000,2,200,0.9,473,518,477,514,37
LinearFunctionPlayer,100,1000,2,200,0.9,465,496,468,493,25
LinearFunctionPlayer,100,1000,2,200,0.9,481,544,487,538,51
LinearFunctionPlayer,100,1000,2,200,0.9,520,557,523,554,31
LinearFunctionPlayer,100,1000,2,200,0.9,486,530,490,526,36
LinearFunctionPlayer,100,1000,2,200,0.9,506,536,509,534,25
LinearFunctionPlayer,100,1000,2,200,0.9,428,455,430,453,23
LinearFunctionPlayer,100,1000,2,200,0.9,453,494,457,490,33
LinearFunctionPlayer,100,1000,2,200,0.9,456,501,460,497,37
LinearFunctionPlayer,100,1000,2,200,0.9,446,479,449,476,27
LinearFunctionPlayer,100,1000,2,200,0.9,508,560,513,555,42
LinearFunctionPlayer,100,1000,2,200,0.9,477,523,481,519,38
LinearFunctionPlayer,100,1000,2,200,0.9,454,501,458,497,39
LinearFunctionPlayer,100,1000,2,200,0.9,522,573,527,568,41
LinearFunctionPlayer,100,1000,2,200,0.9,455,503,459,499,40
LinearFunctionPlayer,100,1000,2,200,0.9,493,539,497,535,38
LinearFunctionPlayer,100,1000,2,200,0.9,470,518,474,514,40
LinearFunctionPlayer,100,1000,2,200,0.9,472,519,476,515,39
LinearFunctionPlayer,100,1000,2,200,0.9,440,488,444,484,40
LinearFunctionPlayer,100,1000,2,200,0.9,490,525,493,522,29
LinearFunctionPlayer,100,1000,2,200,0.9,451,494,455,490,35
LinearFunctionPlayer,100,1000,2,200,0.9,427,472,431,468,37
LinearFunctionPlayer,100,1000,2,200,0.9,449,500,454,495,41
LinearFunctionPlayer,100,1000,2,200,0.9,434,493,439,488,49
LinearFunctionPlayer,100,1000,2,200,0.9,439,503,445,497,52
LinearFunctionPlayer,100,1000,2,200,0.9,478,506,480,504,24
LinearFunctionPlayer,100,1000,2,200,0.9,450,499,454,495,41
LinearFunctionPlayer,100,1000,2,200,0.9,477,514,480,511,31
LinearFunctionPlayer,100,1000,2,200,0.9,523,557,526,554,28
LinearFunctionPlayer,100,1000,2,200,0.9,465,518,470,513,43
LinearFunctionPlayer,100,1000,2,200,0.9,482,513,485,510,25
LinearFunctionPlayer,100,1000,2,200,0.9,470,515,474,511,37
LinearFunctionPlayer,100,1000,2,200,0.9,545,584,548,581,33
LinearFunctionPlayer,100,1000,2,200,0.9,495,540,499,536,37
LinearFunctionPlayer,100,1000,2,200,0.9,468,511,472,507,35
LinearFunctionPlayer,100,1000,2,200,0.9,520,560,523,556,33
LinearFunctionPlayer,100,1000,2,200,0.9,489,521,492,518,26
LinearFunctionPlayer,100,1000,2,200,0.9,447,493,451,489,38
LinearFunctionPlayer,100,1000,2,200,0.9,477,514,480,511,31
LinearFunctionPlayer,100,1000,2,200,0.9,466,510,470,506,36
LinearFunctionPlayer,100,1000,2,200,0.9,478,519,482,515,33
LinearFunctionPlayer,100,1000,2,200,0.9,507,547,511,543,32
LinearFunctionPlayer,100,1000,2,200,0.9,522,564,526,560,34
SigmoidPlayer,100,1000,2,200,0.95,510,540,513,537,24
SigmoidPlayer,100,1000,2,200,0.95,526,559,530,556,26
SigmoidPlayer,100,1000,2,200,0.95,522,546,525,543,18
SigmoidPlayer,100,1000,2,200,0.95,527,549,529,547,18
SigmoidPlayer,100,1000,2,200,0.95,515,548,519,545,26
SigmoidPlayer,100,1000,2,200,0.95,561,605,566,600,34
SigmoidPlayer,100,1000,2,200,0.95,539,572,543,569,26
SigmoidPlayer,100,1000,2,200,0.95,559,598,564,594,30
SigmoidPlayer,100,1000,2,200,0.95,543,577,547,573,26
SigmoidPlayer,100,1000,2,200,0.95,498,535,503,531,28
SigmoidPlayer,100,1000,2,200,0.95,501,527,504,524,20
SigmoidPlayer,100,1000,2,200,0.95,558,586,561,583,22
SigmoidPlayer,100,1000,2,200,0.95,546,589,552,584,32
SigmoidPlayer,100,1000,2,200,0.95,490,522,494,518,24
SigmoidPlayer,100,1000,2,200,0.95,482,514,486,510,24
SigmoidPlayer,100,1000,2,200,0.95,538,585,544,580,36
SigmoidPlayer,100,1000,2,200,0.95,527,566,532,562,30
SigmoidPlayer,100,1000,2,200,0.95,454,493,459,489,30
SigmoidPlayer,100,1000,2,200,0.95,515,558,521,553,32
SigmoidPlayer,100,1000,2,200,0.95,473,493,475,491,16
SigmoidPlayer,100,1000,2,200,0.95,473,491,475,489,14
SigmoidPlayer,100,1000,2,200,0.95,562,591,566,588,22
SigmoidPlayer,100,1000,2,200,0.95,503,538,508,534,26
SigmoidPlayer,100,1000,2,200,0.95,505,542,510,538,28
SigmoidPlayer,100,1000,2,200,0.95,500,544,505,539,34
SigmoidPlayer,100,1000,2,200,0.95,534,562,537,559,22
SigmoidPlayer,100,1000,2,200,0.95,534,571,539,567,28
SigmoidPlayer,100,1000,2,200,0.95,451,502,458,496,38
SigmoidPlayer,100,1000,2,200,0.95,520,542,522,540,18
SigmoidPlayer,100,1000,2,200,0.95,474,518,479,513,34
SigmoidPlayer,100,1000,2,200,0.95,534,582,540,576,36
SigmoidPlayer,100,1000,2,200,0.95,452,485,456,482,26
SigmoidPlayer,100,1000,2,200,0.95,464,500,468,496,28
SigmoidPlayer,100,1000,2,200,0.95,517,559,522,554,32
SigmoidPlayer,100,1000,2,200,0.95,553,572,556,570,14
SigmoidPlayer,100,1000,2,200,0.95,530,563,534,560,26
SigmoidPlayer,100,1000,2,200,0.95,491,517,494,514,20
SigmoidPlayer,100,1000,2,200,0.95,423,465,428,460,32
SigmoidPlayer,100,1000,2,200,0.95,479,509,482,506,24
SigmoidPlayer,100,1000,2,200,0.95,420,460,425,455,30
SigmoidPlayer,100,1000,2,200,0.95,556,581,559,579,20
SigmoidPlayer,100,1000,2,200,0.95,532,568,536,564,28
SigmoidPlayer,100,1000,2,200,0.95,575,603,578,600,22
SigmoidPlayer,100,1000,2,200,0.95,559,589,562,586,24
SigmoidPlayer,100,1000,2,200,0.95,551,570,554,568,14
SigmoidPlayer,100,1000,2,200,0.95,505,524,508,522,14
SigmoidPlayer,100,1000,2,200,0.95,466,495,470,492,22
SigmoidPlayer,100,1000,2,200,0.95,477,508,481,505,24
SigmoidPlayer,100,1000,2,200,0.95,464,506,469,501,32
SigmoidPlayer,100,1000,2,200,0.95,551,592,556,588,32
SigmoidPlayer,100,1000,2,200,0.95,485,519,489,515,26
SigmoidPlayer,100,1000,2,200,0.95,556,584,559,581,22
SigmoidPlayer,100,1000,2,200,0.95,489,526,494,522,28
SigmoidPlayer,100,1000,2,200,0.95,482,508,485,505,20
SigmoidPlayer,100,1000,2,200,0.95,542,585,548,580,32
SigmoidPlayer,100,1000,2,200,0.95,504,543,509,539,30
SigmoidPlayer,100,1000,2,200,0.95,495,514,498,512,14
SigmoidPlayer,100,1000,2,200,0.95,468,502,472,498,26
SigmoidPlayer,100,1000,2,200,0.95,462,486,465,483,18
SigmoidPlayer,100,1000,2,200,0.95,524,562,529,557,28
SigmoidPlayer,100,1000,2,200,0.95,473,503,476,500,24
SigmoidPlayer,100,1000,2,200,0.95,512,552,517,547,30
SigmoidPlayer,100,1000,2,200,0.95,514,535,517,533,16
SigmoidPlayer,100,1000,2,200,0.95,491,526,496,522,26
SigmoidPlayer,100,1000,2,200,0.95,489,525,493,521,28
SigmoidPlayer,100,1000,2,200,0.95,486,509,489,507,18
SigmoidPlayer,100,1000,2,200,0.95,518,553,523,549,26
SigmoidPlayer,100,1000,2,200,0.95,464,484,466,482,16
SigmoidPlayer,100,1000,2,200,0.95,417,440,420,438,18
SigmoidPlayer,100,1000,2,200,0.95,505,546,510,542,32
SigmoidPlayer,100,1000,2,200,0.95,541,568,545,565,20
SigmoidPlayer,100,1000,2,200,0.95,534,549,536,548,12
SigmoidPlayer,100,1000,2,200,0.95,464,499,469,495,26
SigmoidPlayer,100,1000,2,200,0.95,517,542,520,540,20
SigmoidPlayer,100,1000,2,200,0.95,442,488,448,482,34
SigmoidPlayer,100,1000,2,200,0.95,498,526,501,523,22
SigmoidPlayer,100,1000,2,200,0.95,444,484,449,479,30
SigmoidPlayer,100,1000,2,200,0.95,490,523,494,520,26
SigmoidPlayer,100,1000,2,200,0.95,534,551,536,550,14
SigmoidPlayer,100,1000,2,200,0.95,513,532,516,530,14
SigmoidPlayer,100,1000,2,200,0.95,536,570,540,566,26
SigmoidPlayer,100,1000,2,200,0.95,522,553,526,550,24
SigmoidPlayer,100,1000,2,200,0.95,521,558,526,554,28
SigmoidPlayer,100,1000,2,200,0.95,512,554,517,549,32
SigmoidPlayer,100,1000,2,200,0.95,518,556,523,551,28
SigmoidPlayer,100,1000,2,200,0.95,528,554,531,551,20
SigmoidPlayer,100,1000,2,200,0.95,515,549,519,545,26
SigmoidPlayer,100,1000,2,200,0.95,541,580,546,576,30
SigmoidPlayer,100,1000,2,200,0.95,505,557,511,551,40
SigmoidPlayer,100,1000,2,200,0.95,463,509,469,503,34
SigmoidPlayer,100,1000,2,200,0.95,518,561,524,556,32
SigmoidPlayer,100,1000,2,200,0.95,448,476,451,473,22
SigmoidPlayer,100,1000,2,200,0.95,461,491,464,488,24
SigmoidPlayer,100,1000,2,200,0.95,508,523,510,522,12
SigmoidPlayer,100,1000,2,200,0.95,537,561,540,558,18
SigmoidPlayer,100,1000,2,200,0.95,568,593,571,591,20
SigmoidPlayer,100,1000,2,200,0.95,509,537,512,534,22
SigmoidPlayer,100,1000,2,200,0.95,516,554,521,549,28
SigmoidPlayer,100,1000,2,200,0.95,572,628,579,621,42
SigmoidPlayer,100,1000,2,200,0.95,547,575,550,572,22
LRPlayer,100,1000,2,200,0.95,524,553,529,547,18
LRPlayer,100,1000,2,200,0.95,497,516,499,514,15
LRPlayer,100,1000,2,200,0.95,509,533,512,530,18
LRPlayer,100,1000,2,200,0.95,458,476,460,475,15
LRPlayer,100,1000,2,200,0.95,470,497,474,493,19
LRPlayer,100,1000,2,200,0.95,461,479,463,477,14
LRPlayer,100,1000,2,200,0.95,489,508,491,506,15
LRPlayer,100,1000,2,200,0.95,486,508,490,505,15
LRPlayer,100,1000,2,200,0.95,464,487,468,483,15
LRPlayer,100,1000,2,200,0.95,421,454,426,446,20
LRPlayer,100,1000,2,200,0.95,480,500,484,498,14
LRPlayer,100,1000,2,200,0.95,481,505,485,502,17
LRPlayer,100,1000,2,200,0.95,447,484,455,476,21
LRPlayer,100,1000,2,200,0.95,468,493,472,489,17
LRPlayer,100,1000,2,200,0.95,502,532,507,527,20
LRPlayer,100,1000,2,200,0.95,517,548,523,542,19
LRPlayer,100,1000,2,200,0.95,532,547,533,546,13
LRPlayer,100,1000,2,200,0.95,471,490,474,488,14
LRPlayer,100,1000,2,200,0.95,490,519,495,514,19
LRPlayer,100,1000,2,200,0.95,468,491,472,487,15
LRPlayer,100,1000,2,200,0.95,546,569,549,565,16
LRPlayer,100,1000,2,200,0.95,469,493,473,490,17
LRPlayer,100,1000,2,200,0.95,486,506,488,503,15
LRPlayer,100,1000,2,200,0.95,440,466,444,461,17
LRPlayer,100,1000,2,200,0.95,517,535,518,533,15
LRPlayer,100,1000,2,200,0.95,474,495,478,493,15
LRPlayer,100,1000,2,200,0.95,499,520,501,517,16
LRPlayer,100,1000,2,200,0.95,516,533,518,532,14
LRPlayer,100,1000,2,200,0.95,476,507,482,502,20
LRPlayer,100,1000,2,200,0.95,516,546,522,541,19
LRPlayer,100,1000,2,200,0.95,470,488,472,486,14
LRPlayer,100,1000,2,200,0.95,514,538,517,535,18
LRPlayer,100,1000,2,200,0.95,457,483,461,478,17
LRPlayer,100,1000,2,200,0.95,482,506,485,503,18
LRPlayer,100,1000,2,200,0.95,437,455,439,453,14
LRPlayer,100,1000,2,200,0.95,504,522,505,519,14
LRPlayer,100,1000,2,200,0.95,468,502,475,495,20
LRPlayer,100,1000,2,200,0.95,556,592,564,585,21
LRPlayer,100,1000,2,200,0.95,507,532,510,528,18
LRPlayer,100,1000,2,200,0.95,437,459,441,455,14
LRPlayer,100,1000,2,200,0.95,454,485,460,480,20
LRPlayer,100,1000,2,200,0.95,433,457,436,453,17
LRPlayer,100,1000,2,200,0.95,520,534,521,533,12
LRPlayer,100,1000,2,200,0.95,466,500,472,493,21
LRPlayer,100,1000,2,200,0.95,449,471,452,468,16
LRPlayer,100,1000,2,200,0.95,497,514,498,512,14
LRPlayer,100,1000,2,200,0.95,478,506,483,502,19
LRPlayer,100,1000,2,200,0.95,475,498,478,494,16
LRPlayer,100,1000,2,200,0.95,483,503,485,501,16
LRPlayer,100,1000,2,200,0.95,461,482,464,480,16
LRPlayer,100,1000,2,200,0.95,485,504,487,501,14
LRPlayer,100,1000,2,200,0.95,434,468,441,461,20
LRPlayer,100,1000,2,200,0.95,494,518,498,514,16
LRPlayer,100,1000,2,200,0.95,460,489,465,483,18
LRPlayer,100,1000,2,200,0.95,468,484,470,482,12
LRPlayer,100,1000,2,200,0.95,519,539,521,537,16
LRPlayer,100,1000,2,200,0.95,534,553,536,551,15
LRPlayer,100,1000,2,200,0.95,469,487,470,486,16
LRPlayer,100,1000,2,200,0.95,483,499,485,497,12
LRPlayer,100,1000,2,200,0.95,467,499,472,493,21
LRPlayer,100,1000,2,200,0.95,464,482,466,481,15
LRPlayer,100,1000,2,200,0.95,490,526,498,519,21
LRPlayer,100,1000,2,200,0.95,470,496,475,492,17
LRPlayer,100,1000,2,200,0.95,527,547,529,545,16
LRPlayer,100,1000,2,200,0.95,456,487,462,481,19
LRPlayer,100,1000,2,200,0.95,404,433,409,428,19
LRPlayer,100,1000,2,200,0.95,462,481,464,479,15
LRPlayer,100,1000,2,200,0.95,474,503,480,497,17
LRPlayer,100,1000,2,200,0.95,502,533,508,526,18
LRPlayer,100,1000,2,200,0.95,470,518,481,506,25
LRPlayer,100,1000,2,200,0.95,539,577,547,567,20
LRPlayer,100,1000,2,200,0.95,523,544,525,541,16
LRPlayer,100,1000,2,200,0.95,442,459,443,458,15
LRPlayer,100,1000,2,200,0.95,492,541,504,529,25
LRPlayer,100,1000,2,200,0.95,433,453,436,451,15
LRPlayer,100,1000,2,200,0.95,421,458,428,451,23
LRPlayer,100,1000,2,200,0.95,476,502,480,498,18
LRPlayer,100,1000,2,200,0.95,485,508,488,505,17
LRPlayer,100,1000,2,200,0.95,474,495,477,492,15
LRPlayer,100,1000,2,200,0.95,466,504,473,495,22
LRPlayer,100,1000,2,200,0.95,487,521,493,514,21
LRPlayer,100,1000,2,200,0.95,483,496,483,495,12
LRPlayer,100,1000,2,200,0.95,458,489,463,483,20
LRPlayer,100,1000,2,200,0.95,481,517,489,510,21
LRPlayer,100,1000,2,200,0.95,503,526,506,523,17
LRPlayer,100,1000,2,200,0.95,461,483,464,480,16
LRPlayer,100,1000,2,200,0.95,459,479,461,476,15
LRPlayer,100,1000,2,200,0.95,488,515,492,510,18
LRPlayer,100,1000,2,200,0.95,532,554,535,551,16
LRPlayer,100,1000,2,200,0.95,464,492,469,487,18
LRPlayer,100,1000,2,200,0.95,421,445,425,441,16
LRPlayer,100,1000,2,200,0.95,547,559,548,559,11
LRPlayer,100,1000,2,200,0.95,461,488,465,484,19
LRPlayer,100,1000,2,200,0.95,465,482,466,481,15
LRPlayer,100,1000,2,200,0.95,520,542,523,539,16
LRPlayer,100,1000,2,200,0.95,434,446,434,445,11
LRPlayer,100,1000,2,200,0.95,430,449,432,448,16
LRPlayer,100,1000,2,200,0.95,479,494,480,493,13
LRPlayer,100,1000,2,200,0.95,515,541,519,537,18
LRPlayer,100,1000,2,200,0.95,501,534,507,527,20
MLPPlayer,100,1000,2,200,0.95,278,310,261,326,65
MLPPlayer,100,1000,2,200,0.95,212,302,200,299,99
MLPPlayer,100,1000,2,200,0.95,187,251,202,234,32
MLPPlayer,100,1000,2,200,0.95,201,285,222,261,39
MLPPlayer,100,1000,2,200,0.95,227,255,222,263,41
MLPPlayer,100,1000,2,200,0.95,212,290,231,267,36
MLPPlayer,100,1000,2,200,0.95,176,211,180,206,26
MLPPlayer,100,1000,2,200,0.95,215,317,244,289,45
MLPPlayer,100,1000,2,200,0.95,211,264,201,274,73
MLPPlayer,100,1000,2,200,0.95,248,279,225,297,72
MLPPlayer,100,1000,2,200,0.95,187,280,212,254,42
MLPPlayer,100,1000,2,200,0.95,212,289,199,297,98
MLPPlayer,100,1000,2,200,0.95,222,268,208,281,73
MLPPlayer,100,1000,2,200,0.95,173,288,205,253,48
MLPPlayer,100,1000,2,200,0.95,195,273,219,253,34
MLPPlayer,100,1000,2,200,0.95,201,281,223,259,36
MLPPlayer,100,1000,2,200,0.95,217,266,222,262,40
MLPPlayer,100,1000,2,200,0.95,217,271,227,266,39
MLPPlayer,100,1000,2,200,0.95,206,319,197,306,109
MLPPlayer,100,1000,2,200,0.95,207,242,185,273,88
MLPPlayer,100,1000,2,200,0.95,224,263,220,258,38
MLPPlayer,100,1000,2,200,0.95,206,299,204,296,92
MLPPlayer,100,1000,2,200,0.95,184,222,193,213,20
MLPPlayer,100,1000,2,200,0.95,212,297,236,273,37
MLPPlayer,100,1000,2,200,0.95,222,270,230,263,33
MLPPlayer,100,1000,2,200,0.95,200,233,186,239,53
MLPPlayer,100,1000,2,200,0.95,222,269,228,262,34
MLPPlayer,100,1000,2,200,0.95,213,292,228,273,45
MLPPlayer,100,1000,2,200,0.95,186,224,191,218,27
MLPPlayer,100,1000,2,200,0.95,216,287,200,296,96
MLPPlayer,100,1000,2,200,0.95,215,252,199,262,63
MLPPlayer,100,1000,2,200,0.95,271,354,285,338,53
MLPPlayer,100,1000,2,200,0.95,225,273,212,278,66
MLPPlayer,100,1000,2,200,0.95,211,283,196,287,91
MLPPlayer,100,1000,2,200,0.95,255,295,237,304,67
MLPPlayer,100,1000,2,200,0.95,196,219,196,220,24
MLPPlayer,100,1000,2,200,0.95,153,201,165,189,24
MLPPlayer,100,1000,2,200,0.95,234,261,215,279,64
MLPPlayer,100,1000,2,200,0.95,215,309,202,301,99
MLPPlayer,100,1000,2,200,0.95,171,287,205,253,48
MLPPlayer,100,1000,2,200,0.95,201,241,194,253,59
MLPPlayer,100,1000,2,200,0.95,207,271,214,255,41
MLPPlayer,100,1000,2,200,0.95,159,250,181,224,43
MLPPlayer,100,1000,2,200,0.95,275,312,278,308,30
MLPPlayer,100,1000,2,200,0.95,205,251,217,241,24
MLPPlayer,100,1000,2,200,0.95,212,320,243,286,43
MLPPlayer,100,1000,2,200,0.95,182,228,193,216,23
MLPPlayer,100,1000,2,200,0.95,214,306,223,291,68
MLPPlayer,100,1000,2,200,0.95,184,266,204,244,40
MLPPlayer,100,1000,2,200,0.95,202,286,191,283,92
MLPPlayer,100,1000,2,200,0.95,190,256,176,259,83
MLPPlayer,100,1000,2,200,0.95,229,312,250,288,38
MLPPlayer,100,1000,2,200,0.95,197,263,187,266,79
MLPPlayer,100,1000,2,200,0.95,279,329,265,341,76
MLPPlayer,100,1000,2,200,0.95,182,213,173,223,50
MLPPlayer,100,1000,2,200,0.95,226,314,220,318,98
MLPPlayer,100,1000,2,200,0.95,220,271,229,264,35
MLPPlayer,100,1000,2,200,0.95,212,254,203,257,54
MLPPlayer,100,1000,2,200,0.95,250,305,236,318,82
MLPPlayer,100,1000,2,200,0.95,225,325,220,322,102
MLPPlayer,100,1000,2,200,0.95,186,288,216,259,43
MLPPlayer,100,1000,2,200,0.95,213,282,204,283,79
MLPPlayer,100,1000,2,200,0.95,214,263,226,252,26
MLPPlayer,100,1000,2,200,0.95,175,254,196,236,40
MLPPlayer,100,1000,2,200,0.95,293,370,308,357,49
MLPPlayer,100,1000,2,200,0.95,212,249,199,255,56
MLPPlayer,100,1000,2,200,0.95,152,214,168,199,31
MLPPlayer,100,1000,2,200,0.95,204,233,205,232,27
MLPPlayer,100,1000,2,200,0.95,218,254,195,261,66
MLPPlayer,100,1000,2,200,0.95,190,254,205,234,29
MLPPlayer,100,1000,2,200,0.95,196,263,214,248,34
MLPPlayer,100,1000,2,200,0.95,222,326,222,318,96
MLPPlayer,100,1000,2,200,0.95,258,350,255,355,100
MLPPlayer,100,1000,2,200,0.95,195,286,217,262,45
MLPPlayer,100,1000,2,200,0.95,227,321,250,294,44
MLPPlayer,100,1000,2,200,0.95,218,259,201,265,64
MLPPlayer,100,1000,2,200,0.95,214,269,228,255,27
MLPPlayer,100,1000,2,200,0.95,178,290,204,257,53
MLPPlayer,100,1000,2,200,0.95,230,257,207,274,67
MLPPlayer,100,1000,2,200,0.95,210,251,219,245,26
MLPPlayer,100,1000,2,200,0.95,177,227,189,217,28
MLPPlayer,100,1000,2,200,0.95,206,257,218,242,24
MLPPlayer,100,1000,2,200,0.95,237,339,231,331,100
MLPPlayer,100,1000,2,200,0.95,218,256,219,256,37
MLPPlayer,100,1000,2,200,0.95,231,272,213,289,76
MLPPlayer,100,1000,2,200,0.95,215,297,203,306,103
MLPPlayer,100,1000,2,200,0.95,234,292,219,303,84
MLPPlayer,100,1000,2,200,0.95,173,243,171,243,72
MLPPlayer,100,1000,2,200,0.95,230,287,239,280,41
MLPPlayer,100,1000,2,200,0.95,192,277,214,253,39
MLPPlayer,100,1000,2,200,0.95,199,261,217,245,28
MLPPlayer,100,1000,2,200,0.95,236,266,217,282,65
MLPPlayer,100,1000,2,200,0.95,245,283,218,298,80
MLPPlayer,100,1000,2,200,0.95,210,236,194,249,55
MLPPlayer,100,1000,2,200,0.95,202,294,224,265,41
MLPPlayer,100,1000,2,200,0.95,241,328,229,328,99
MLPPlayer,100,1000,2,200,0.95,219,296,207,305,98
MLPPlayer,100,1000,2,200,0.95,218,293,201,304,103
MLPPlayer,100,1000,2,200,0.95,231,342,228,336,108
MLPPlayer,100,1000,2,200,0.95,200,250,194,256,62
Player,100,1000,2,200,0.95,432,468,432,456,24
Player,100,1000,2,200,0.95,432,465,441,453,12
Player,100,1000,2,200,0.95,454,481,455,478,23
Player,100,1000,2,200,0.95,524,535,518,546,28
Player,100,1000,2,200,0.95,518,539,518,536,18
Player,100,1000,2,200,0.95,480,530,499,516,17
Player,100,1000,2,200,0.95,463,484,461,483,22
Player,100,1000,2,200,0.95,470,501,475,495,20
Player,100,1000,2,200,0.95,494,522,492,520,28
Player,100,1000,2,200,0.95,537,567,545,571,26
Player,100,1000,2,200,0.95,427,448,431,449,18
Player,100,1000,2,200,0.95,521,545,522,548,26
Player,100,1000,2,200,0.95,437,475,449,473,24
Player,100,1000,2,200,0.95,496,520,494,527,33
Player,100,1000,2,200,0.95,465,501,474,498,24
Player,100,1000,2,200,0.95,449,480,441,467,26
Player,100,1000,2,200,0.95,509,541,516,537,21
Player,100,1000,2,200,0.95,449,491,461,484,23
Player,100,1000,2,200,0.95,409,448,421,437,16
Player,100,1000,2,200,0.95,429,455,432,451,19
Player,100,1000,2,200,0.95,469,503,473,493,20
Player,100,1000,2,200,0.95,474,507,472,501,29
Player,100,1000,2,200,0.95,500,525,498,522,24
Player,100,1000,2,200,0.95,488,513,488,513,25
Player,100,1000,2,200,0.95,421,452,432,444,12
Player,100,1000,2,200,0.95,535,584,555,570,15
Player,100,1000,2,200,0.95,387,423,392,415,23
Player,100,1000,2,200,0.95,528,549,530,545,15
Player,100,1000,2,200,0.95,494,524,501,515,14
Player,100,1000,2,200,0.95,473,498,475,497,22
Player,100,1000,2,200,0.95,501,533,510,530,20
Player,100,1000,2,200,0.95,533,550,536,553,17
Player,100,1000,2,200,0.95,531,562,537,564,27
Player,100,1000,2,200,0.95,533,555,533,550,17
Player,100,1000,2,200,0.95,495,536,503,523,20
Player,100,1000,2,200,0.95,482,513,488,502,14
Player,100,1000,2,200,0.95,426,452,417,447,30
Player,100,1000,2,200,0.95,497,524,503,524,21
Player,100,1000,2,200,0.95,550,572,547,574,27
Player,100,1000,2,200,0.95,505,537,508,531,23
Player,100,1000,2,200,0.95,458,484,460,478,18
Player,100,1000,2,200,0.95,537,553,533,559,26
Player,100,1000,2,200,0.95,453,477,452,472,20
Player,100,1000,2,200,0.95,510,538,509,533,24
Player,100,1000,2,200,0.95,506,527,505,536,31
Player,100,1000,2,200,0.95,418,448,417,444,27
Player,100,1000,2,200,0.95,528,550,531,550,19
Player,100,1000,2,200,0.95,497,520,497,514,17
Player,100,1000,2,200,0.95,565,589,565,582,17
Player,100,1000,2,200,0.95,524,550,524,549,25
Player,100,1000,2,200,0.95,431,466,441,456,15
Player,100,1000,2,200,0.95,442,469,446,476,30
Player,100,1000,2,200,0.95,411,437,417,434,17
Player,100,1000,2,200,0.95,493,528,505,524,19
Player,100,1000,2,200,0.95,470,489,472,489,17
Player,100,1000,2,200,0.95,435,455,443,451,8
Player,100,1000,2,200,0.95,539,563,542,558,16
Player,100,1000,2,200,0.95,397,442,410,428,18
Player,100,1000,2,200,0.95,380,407,378,408,30
Player,100,1000,2,200,0.95,496,523,500,517,17
Player,100,1000,2,200,0.95,513,554,518,540,22
Player,100,1000,2,200,0.95,527,575,532,560,28
Player,100,1000,2,200,0.95,437,489,452,468,16
Player,100,1000,2,200,0.95,367,412,371,398,27
Player,100,1000,2,200,0.95,454,484,462,483,21
Player,100,1000,2,200,0.95,431,447,422,454,32
Player,100,1000,2,200,0.95,524,540,524,548,24
Player,100,1000,2,200,0.95,450,480,457,474,17
Player,100,1000,2,200,0.95,542,565,545,562,17
Player,100,1000,2,200,0.95,511,528,502,540,38
Player,100,1000,2,200,0.95,533,561,532,561,29
Player,100,1000,2,200,0.95,479,515,494,508,14
Player,100,1000,2,200,0.95,482,515,485,509,24
Player,100,1000,2,200,0.95,436,484,446,477,31
Player,100,1000,2,200,0.95,549,567,545,571,26
Player,100,1000,2,200,0.95,471,494,477,488,11
Player,100,1000,2,200,0.95,414,437,415,448,33
Player,100,1000,2,200,0.95,507,532,488,532,44
Player,100,1000,2,200,0.95,524,558,537,548,11
Player,100,1000,2,200,0.95,428,477,442,460,18
Player,100,1000,2,200,0.95,449,470,439,468,29
Player,100,1000,2,200,0.95,440,460,437,461,24
Player,100,1000,2,200,0.95,449,473,453,468,15
Player,100,1000,2,200,0.95,502,545,510,530,20
Player,100,1000,2,200,0.95,446,480,450,473,23
Player,100,1000,2,200,0.95,517,552,528,542,14
Player,100,1000,2,200,0.95,456,478,455,477,22
Player,100,1000,2,200,0.95,444,468,447,461,14
Player,100,1000,2,200,0.95,418,462,434,454,20
Player,100,1000,2,200,0.95,510,531,509,529,20
Player,100,1000,2,200,0.95,504,542,506,538,32
Player,100,1000,2,200,0.95,489,520,494,515,21
Player,100,1000,2,200,0.95,452,475,458,477,19
Player,100,1000,2,200,0.95,471,503,480,492,12
Player,100,1000,2,200,0.95,543,581,557,569,12
Player,100,1000,2,200,0.95,417,462,425,451,26
Player,100,1000,2,200,0.95,487,519,496,515,19
Player,100,1000,2,200,0.95,480,523,489,513,24
Player,100,1000,2,200,0.95,442,468,443,462,19
Player,100,1000,2,200,0.95,484,509,491,505,14
LinearFunctionPlayer,100,1000,2,200,0.95,452,540,456,536,80
LinearFunctionPlayer,100,1000,2,200,0.95,459,541,463,537,74
LinearFunctionPlayer,100,1000,2,200,0.95,479,572,483,568,85
LinearFunctionPlayer,100,1000,2,200,0.95,422,486,425,483,58
LinearFunctionPlayer,100,1000,2,200,0.95,476,572,480,568,88
LinearFunctionPlayer,100,1000,2,200,0.95,511,568,513,566,53
LinearFunctionPlayer,100,1000,2,200,0.95,476,540,479,537,58
LinearFunctionPlayer,100,1000,2,200,0.95,426,513,430,509,79
LinearFunctionPlayer,100,1000,2,200,0.95,457,527,460,524,64
LinearFunctionPlayer,100,1000,2,200,0.95,458,558,463,553,90
LinearFunctionPlayer,100,1000,2,200,0.95,491,571,495,567,72
LinearFunctionPlayer,100,1000,2,200,0.95,394,484,398,480,82
LinearFunctionPlayer,100,1000,2,200,0.95,487,573,491,569,78
LinearFunctionPlayer,100,1000,2,200,0.95,436,512,439,509,70
LinearFunctionPlayer,100,1000,2,200,0.95,450,519,453,516,63
LinearFunctionPlayer,100,1000,2,200,0.95,446,526,450,522,72
LinearFunctionPlayer,100,1000,2,200,0.95,452,545,456,541,85
LinearFunctionPlayer,100,1000,2,200,0.95,460,542,464,538,74
LinearFunctionPlayer,100,1000,2,200,0.95,446,553,451,548,97
LinearFunctionPlayer,100,1000,2,200,0.95,415,488,418,485,67
LinearFunctionPlayer,100,1000,2,200,0.95,478,553,481,550,69
LinearFunctionPlayer,100,1000,2,200,0.95,446,527,450,523,73
LinearFunctionPlayer,100,1000,2,200,0.95,485,554,488,551,63
LinearFunctionPlayer,100,1000,2,200,0.95,463,553,467,549,82
LinearFunctionPlayer,100,1000,2,200,0.95,430,517,434,513,79
LinearFunctionPlayer,100,1000,2,200,0.95,466,538,469,535,66
LinearFunctionPlayer,100,1000,2,200,0.95,447,535,451,531,80
LinearFunctionPlayer,100,1000,2,200,0.95,461,526,464,523,59
LinearFunctionPlayer,100,1000,2,200,0.95,443,530,447,526,79
LinearFunctionPlayer,100,1000,2,200,0.95,474,545,477,542,65
LinearFunctionPlayer,100,1000,2,200,0.95,467,547,471,543,72
LinearFunctionPlayer,100,1000,2,200,0.95,461,533,464,530,66
LinearFunctionPlayer,100,1000,2,200,0.95,509,582,512,579,67
LinearFunctionPlayer,100,1000,2,200,0.95,436,521,440,517,77
LinearFunctionPlayer,100,1000,2,200,0.95,453,530,456,527,71
LinearFunctionPlayer,100,1000,2,200,0.95,449,528,452,525,73
LinearFunctionPlayer,100,1000,2,200,0.95,470,558,474,554,80
LinearFunctionPlayer,100,1000,2,200,0.95,488,561,491,558,67
LinearFunctionPlayer,100,1000,2,200,0.95,454,533,457,530,73
LinearFunctionPlayer,100,1000,2,200,0.95,379,456,382,453,71
LinearFunctionPlayer,100,1000,2,200,0.95,466,542,469,539,70
LinearFunctionPlayer,100,1000,2,200,0.95,455,532,458,529,71
LinearFunctionPlayer,100,1000,2,200,0.95,478,547,481,544,63
LinearFunctionPlayer,100,1000,2,200,0.95,469,603,475,597,122
LinearFunctionPlayer,100,1000,2,200,0.95,432,524,436,520,84
LinearFunctionPlayer,100,1000,2,200,0.95,508,573,511,570,59
LinearFunctionPlayer,100,1000,2,200,0.95,502,571,505,568,63
LinearFunctionPlayer,100,1000,2,200,0.95,441,527,445,523,78
LinearFunctionPlayer,100,1000,2,200,0.95,394,481,398,477,79
LinearFunctionPlayer,100,1000,2,200,0.95,457,530,460,527,67
LinearFunctionPlayer,100,1000,2,200,0.95,447,550,452,545,93
LinearFunctionPlayer,100,1000,2,200,0.95,468,541,471,538,67
LinearFunctionPlayer,100,1000,2,200,0.95,429,527,433,523,90
LinearFunctionPlayer,100,1000,2,200,0.95,487,581,491,577,86
LinearFunctionPlayer,100,1000,2,200,0.95,483,541,485,539,54
LinearFunctionPlayer,100,1000,2,200,0.95,451,533,455,529,74
LinearFunctionPlayer,100,1000,2,200,0.95,438,511,441,508,67
LinearFunctionPlayer,100,1000,2,200,0.95,435,514,438,511,73
LinearFunctionPlayer,100,1000,2,200,0.95,448,549,453,544,91
LinearFunctionPlayer,100,1000,2,200,0.95,463,534,466,531,65
LinearFunctionPlayer,100,1000,2,200,0.95,476,543,479,540,61
LinearFunctionPlayer,100,1000,2,200,0.95,439,535,443,531,88
LinearFunctionPlayer,100,1000,2,200,0.95,434,526,438,522,84
LinearFunctionPlayer,100,1000,2,200,0.95,469,547,472,544,72
LinearFunctionPlayer,100,1000,2,200,0.95,482,559,485,556,71
LinearFunctionPlayer,100,1000,2,200,0.95,443,534,447,530,83
LinearFunctionPlayer,100,1000,2,200,0.95,397,458,400,455,55
LinearFunctionPlayer,100,1000,2,200,0.95,478,564,482,560,78
LinearFunctionPlayer,100,1000,2,200,0.95,453,554,458,549,91
LinearFunctionPlayer,100,1000,2,200,0.95,486,568,490,564,74
LinearFunctionPlayer,100,1000,2,200,0.95,404,497,408,493,85
LinearFunctionPlayer,100,1000,2,200,0.95,443,555,448,550,102
LinearFunctionPlayer,100,1000,2,200,0.95,463,544,467,540,73
LinearFunctionPlayer,100,1000,2,200,0.95,492,568,495,565,70
LinearFunctionPlayer,100,1000,2,200,0.95,502,575,505,572,67
LinearFunctionPlayer,100,1000,2,200,0.95,459,531,462,528,66
LinearFunctionPlayer,100,1000,2,200,0.95,420,517,424,513,89
LinearFunctionPlayer,100,1000,2,200,0.95,462,525,465,522,57
LinearFunctionPlayer,100,1000,2,200,0.95,403,489,407,485,78
LinearFunctionPlayer,100,1000,2,200,0.95,491,578,495,574,79
LinearFunctionPlayer,100,1000,2,200,0.95,486,582,490,578,88
LinearFunctionPlayer,100,1000,2,200,0.95,466,546,470,542,72
LinearFunctionPlayer,100,1000,2,200,0.95,404,505,409,500,91
LinearFunctionPlayer,100,1000,2,200,0.95,521,599,524,596,72
LinearFunctionPlayer,100,1000,2,200,0.95,488,559,491,556,65
LinearFunctionPlayer,100,1000,2,200,0.95,451,533,455,529,74
LinearFunctionPlayer,100,1000,2,200,0.95,444,525,448,521,73
LinearFunctionPlayer,100,1000,2,200,0.95,497,570,500,567,67
LinearFunctionPlayer,100,1000,2,200,0.95,432,501,435,498,63
LinearFunctionPlayer,100,1000,2,200,0.95,452,520,455,517,62
LinearFunctionPlayer,100,1000,2,200,0.95,453,531,456,528,72
LinearFunctionPlayer,100,1000,2,200,0.95,463,543,467,539,72
LinearFunctionPlayer,100,1000,2,200,0.95,471,538,474,535,61
LinearFunctionPlayer,100,1000,2,200,0.95,437,499,440,496,56
LinearFunctionPlayer,100,1000,2,200,0.95,426,507,430,503,73
LinearFunctionPlayer,100,1000,2,200,0.95,550,624,553,621,68
LinearFunctionPlayer,100,1000,2,200,0.95,498,596,502,592,90
LinearFunctionPlayer,100,1000,2,200,0.95,442,497,444,495,51
LinearFunctionPlayer,100,1000,2,200,0.95,448,520,451,517,66
LinearFunctionPlayer,100,1000,2,200,0.95,439,533,443,529,86
